id,name,displayName,comments,created,endDate,lastLogon,modified,startDate,status,type,groups,costCenter,country,department,division,email,employeeNumber,familyName,givenName,honorificPrefix,honorificSuffix,locale,location,manager,middleName,organization,phoneNumber,preferredLanguage,preferredName,secondaryEmail,secondaryPhoneNumber,timezone,title,risk
EMP-D47ED39BF770,rhea.joshid47e,Rhea Joshi,,,,,,,,,,,India,Finance,,rhea.joshid47e@example.invalid,9930993597,Joshi,Rhea,,,,"Pune, Maharashtra, India",8806961831,,,,,,,,,Accountant,
EMP-8B883B898A2A,george.thornbury8b88,George Thornbury,,,,,,,,,,,United Kingdom,People,,george.thornbury8b88@example.invalid,0019238819,Thornbury,George,,,,"London, England, United Kingdom",7150696066,,,,,,,,,People Operations Specialist,
EMP-B75207CB12F9,finn.rutherfordb752,Finn Rutherford,,,,,,,,,,,Australia,Customer Success,,finn.rutherfordb752@example.invalid,5809172785,Rutherford,Finn,,,,"Sydney, New South Wales, Australia",0774203541,,,,,,,,,Senior Customer Success Manager,
EMP-842D7145EBB5,yonatan.regev842d,Yonatan Regev,,,,,,,,,,,Israel,Engineering,,yonatan.regev842d@example.invalid,2079722361,Regev,Yonatan,,,,"Tel Aviv, Israel",1744518224,,,,,,,,,Engineering Manager,
EMP-FA478DB2C6B3,rohan.iyerfa47,Rohan Iyer,,,,,,,,,,,India,Engineering,,rohan.iyerfa47@example.invalid,1805818302,Iyer,Rohan,,,,"Pune, Maharashtra, India",0159073081,,,,,,,,,Director of Engineering,
EMP-9F54F0B2F1D5,sanne.hoeksema9f54,Sanne Hoeksema,,,,,,,,,,,Netherlands,Product,,sanne.hoeksema9f54@example.invalid,1426408432,Hoeksema,Sanne,,,,"Amsterdam, Netherlands",0280006242,,,,,,,,,Senior Product Manager,
EMP-DF0C9CE01E9F,vikram.patildf0c,Vikram Patil,,,,,,,,,,,India,Product,,vikram.patildf0c@example.invalid,6578833541,Patil,Vikram,,,,"Pune, Maharashtra, India",1561337976,,,,,,,,,Product Manager,
EMP-423CE64F668F,adi.levin423c,Adi Levin,,,,,,,,,,,Israel,Customer Success,,adi.levin423c@example.invalid,3803348443,Levin,Adi,,,,"Tel Aviv, Israel",0774203541,,,,,,,,,Customer Success Manager,
EMP-553C141C96B0,fernando.escobar553c,Fernando Escobar,,,,,,,,,,,Mexico,Customer Success,,fernando.escobar553c@example.invalid,4846277232,Escobar,Fernando,,,,"Mexico City, Mexico",1862102718,,,,,,,,,Customer Success Manager,
EMP-C84D80D3F6D0,elena.fuentesc84d,Elena Fuentes,,,,,,,,,,,Mexico,Customer Success,,elena.fuentesc84d@example.invalid,8659621034,Fuentes,Elena,,,,"Mexico City, Mexico",1862102718,,,,,,,,,Customer Success Manager,
EMP-B11DD5480DE6,logan.yatesb11d,Logan Yates,,,,,,,,,,,USA,Product,,logan.yatesb11d@example.invalid,4485408201,Yates,Logan,,,,"Austin, TX, USA",0280006242,,,,,,,,,Director of Product Management,
EMP-E714A40AA6EF,nolan.nortone714,Nolan Norton,,,,,,,,,,,USA,Legal,,nolan.nortone714@example.invalid,7952888118,Norton,Nolan,,,,"Austin, TX, USA",7740380250,,,,,,,,,Corporate Counsel,
EMP-6AE764BBDCF4,reese.jennings6ae7,Reese Jennings,,,,,,,,,,,USA,Sales,,reese.jennings6ae7@example.invalid,5669187407,Jennings,Reese,,,,"Austin, TX, USA",0891448944,,,,,,,,,Senior Account Executive,
EMP-28A63144A1F0,ishaan.rao28a6,Ishaan Rao,,,,,,,,,,,India,Engineering,,ishaan.rao28a6@example.invalid,8495549375,Rao,Ishaan,,,,"Pune, Maharashtra, India",6163396241,,,,,,,,,Senior Software Engineer,
EMP-58FCE0949223,aarav.sharma58fc,Aarav Sharma,,,,,,,,,,,India,Engineering,,aarav.sharma58fc@example.invalid,8180312221,Sharma,Aarav,,,,"Pune, Maharashtra, India",4191161724,,,,,,,,,Software Engineer,
EMP-53B01AB3C589,alejandra.lozano53b0,Alejandra Lozano,,,,,,,,,,,Mexico,Design,,alejandra.lozano53b0@example.invalid,0464697070,Lozano,Alejandra,,,,"Tijuana, Baja California, Mexico",2226904486,,,,,,,,,Product Designer,
EMP-4EE587A72A3C,aarav.reddy4ee5,Aarav Reddy,,,,,,,,,,,India,Design,,aarav.reddy4ee5@example.invalid,6662994193,Reddy,Aarav,,,,"Pune, Maharashtra, India",2488224667,,,,,,,,,Senior Product Designer,
EMP-39993B8198F6,morgan.grayson3999,Morgan Grayson,,,,,,,,,,,USA,IT,,morgan.grayson3999@example.invalid,9401754566,Grayson,Morgan,,,,"San Francisco, CA, USA",2203223627,,,,,,,,,Systems Administrator,
EMP-F9DDB442495F,cameron.kirbyf9dd,Cameron Kirby,,,,,,,,,,,USA,Legal,,cameron.kirbyf9dd@example.invalid,2088955977,Kirby,Cameron,,,,"Austin, TX, USA",8694632567,,,,,,,,,Privacy Program Manager,
EMP-C19F46DD16AA,eitan.mizrahic19f,Eitan Mizrahi,,,,,,,,,,,Israel,Product,,eitan.mizrahic19f@example.invalid,5999098355,Mizrahi,Eitan,,,,"Tel Aviv, Israel",5977531353,,,,,,,,,Principal Product Manager,
EMP-059F1BD4C0BE,neha.mehta059f,Neha Mehta,,,,,,,,,,,India,Engineering,,neha.mehta059f@example.invalid,2067351627,Mehta,Neha,,,,"Pune, Maharashtra, India",5895814967,,,,,,,,,Principal Engineer,
EMP-D32A3297275E,aarav.patild32a,Aarav Patil,,,,,,,,,,,India,Engineering,,aarav.patild32a@example.invalid,5806603378,Patil,Aarav,,,,"Pune, Maharashtra, India",7666260215,,,,,,,,,Software Engineer,
EMP-A01440F50E69,nolan.marsha014,Nolan Marsh,,,,,,,,,,,USA,People,,nolan.marsha014@example.invalid,6855629329,Marsh,Nolan,,,,"Austin, TX, USA",7848695280,,,,,,,,,Recruiter,
EMP-AA9C28012A09,lucia.guzmanaa9c,Lucía Guzmán,,,,,,,,,,,Mexico,Finance,,lucia.guzmanaa9c@example.invalid,8279943807,Guzmán,Lucía,,,,"Mexico City, Mexico",0067001250,,,,,,,,,Controller,
EMP-9375513DD14E,sawyer.marsh9375,Sawyer Marsh,,,,,,,,,,,USA,People,,sawyer.marsh9375@example.invalid,1796974473,Marsh,Sawyer,,,,"Phoenix, AZ, USA",2329842297,,,,,,,,,Senior Recruiter,
EMP-EA4BFE24B500,devika.shettyea4b,Devika Shetty,,,,,,,,,,,India,Engineering,,devika.shettyea4b@example.invalid,1737429498,Shetty,Devika,,,,"Pune, Maharashtra, India",2620402485,,,,,,,,,Software Engineer,
EMP-20BFCE987FB4,adi.shani20bf,Adi Shani,,,,,,,,,,,Israel,Marketing,,adi.shani20bf@example.invalid,4138329833,Shani,Adi,,,,"Tel Aviv, Israel",1059039744,,,,,,,,,Marketing Specialist,
EMP-E31B8C11B258,edward.sinclaire31b,Edward Sinclair,,,,,,,,,,,United Kingdom,Sales,,edward.sinclaire31b@example.invalid,8615315716,Sinclair,Edward,,,,"London, England, United Kingdom",7748760027,,,,,,,,,Sales Development Representative,
EMP-972E25C7DF8C,tanner.whitaker972e,Tanner Whitaker,,,,,,,,,,,USA,Engineering,,tanner.whitaker972e@example.invalid,9035060683,Whitaker,Tanner,,,,"Austin, TX, USA",8579368349,,,,,,,,,Staff Software Engineer,
EMP-51BD31838A4B,kelsey.foster51bd,Kelsey Foster,,,,,,,,,,,USA,Product,,kelsey.foster51bd@example.invalid,8701176210,Foster,Kelsey,,,,"Austin, TX, USA",2913310464,,,,,,,,,Product Manager,
EMP-2FDE3AECA353,devika.nair2fde,Devika Nair,,,,,,,,,,,India,Customer Success,,devika.nair2fde@example.invalid,2639238628,Nair,Devika,,,,"Pune, Maharashtra, India",4373359127,,,,,,,,,Customer Success Manager,
EMP-52B07BD1E10E,edward.thornbury52b0,Edward Thornbury,,,,,,,,,,,United Kingdom,Engineering,,edward.thornbury52b0@example.invalid,8365347513,Thornbury,Edward,,,,"London, England, United Kingdom",5137228435,,,,,,,,,Staff Software Engineer,
EMP-2EE65703E871,carter.ellison2ee6,Carter Ellison,,,,,,,,,,,USA,People,,carter.ellison2ee6@example.invalid,4684419716,Ellison,Carter,,,,"Austin, TX, USA",2473487213,,,,,,,,,HR Business Partner,
EMP-8BBE2769B3FC,peyton.tate8bbe,Peyton Tate,,,,,,,,,,,USA,Design,,peyton.tate8bbe@example.invalid,1791741101,Tate,Peyton,,,,"Phoenix, AZ, USA",2226904486,,,,,,,,,Product Designer,
EMP-DAE05FA24876,skyler.whitakerdae0,Skyler Whitaker,,,,,,,,,,,USA,Engineering,,skyler.whitakerdae0@example.invalid,5656559865,Whitaker,Skyler,,,,"Austin, TX, USA",2770923116,,,,,,,,,Engineering Manager,
EMP-4138CA023536,blake.jennings4138,Blake Jennings,,,,,,,,,,,USA,IT,,blake.jennings4138@example.invalid,1992653320,Jennings,Blake,,,,"Salt Lake City, UT, USA",2203223627,,,,,,,,,Identity Engineer,
EMP-BB178C73CD34,paola.herrerabb17,Paola Herrera,,,,,,,,,,,Mexico,Engineering,,paola.herrerabb17@example.invalid,8548763302,Herrera,Paola,,,,"Guadalajara, Jalisco, Mexico",1783480108,,,,,,,,,Senior Software Engineer,
EMP-4DAEAD4EBF4F,camille.fontaine4dae,Camille Fontaine,,,,,,,,,,,France,Customer Success,,camille.fontaine4dae@example.invalid,0596786946,Fontaine,Camille,,,,"Paris, France",0774203541,,,,,,,,,Customer Success Manager,
EMP-059180C1D22D,poppy.ashworth0591,Poppy Ashworth,,,,,,,,,,,United Kingdom,Finance,,poppy.ashworth0591@example.invalid,1755930827,Ashworth,Poppy,,,,"London, England, United Kingdom",4316997889,,,,,,,,,Accountant,
EMP-5623358704EB,george.halliwell5623,George Halliwell,,,,,,,,,,,United Kingdom,Finance,,george.halliwell5623@example.invalid,5466071304,Halliwell,George,,,,"London, England, United Kingdom",4316997889,,,,,,,,,Senior Financial Analyst,
EMP-A908C05078E6,javier.guzmana908,Javier Guzmán,,,,,,,,,,,Mexico,Engineering,,javier.guzmana908@example.invalid,4081765633,Guzmán,Javier,,,,"Mexico City, Mexico",0924920881,,,,,,,,,Engineering Manager,
EMP-7F9B0F090AF9,quinn.tate7f9b,Quinn Tate,,,,,,,,,,,USA,Engineering,,quinn.tate7f9b@example.invalid,5720244317,Tate,Quinn,,,,"Minneapolis, MN, USA",0159073081,,,,,,,,,Senior Software Engineer,
EMP-FCAC9E42FA6D,alfie.ashworthfcac,Alfie Ashworth,,,,,,,,,,,United Kingdom,Sales,,alfie.ashworthfcac@example.invalid,4058588617,Ashworth,Alfie,,,,"London, England, United Kingdom",7748760027,,,,,,,,,Account Executive,
EMP-D2AD16FA2EA5,rosalie.robitailled2ad,Rosalie Robitaille,,,,,,,,,,,Canada,Marketing,,rosalie.robitailled2ad@example.invalid,2716019844,Robitaille,Rosalie,,,,"Toronto, Ontario, Canada",8236406322,,,,,,,,,Content Marketing Manager,
EMP-2F885B42B208,paola.mendoza2f88,Paola Mendoza,,,,,,,,,,,Mexico,Customer Success,,paola.mendoza2f88@example.invalid,8628148655,Mendoza,Paola,,,,"Monterrey, Nuevo León, Mexico",4825025950,,,,,,,,,Customer Success Manager,
EMP-20A107BDDB8C,daichi.shimizu20a1,Daichi Shimizu,,,,,,,,,,,Japan,Sales,,daichi.shimizu20a1@example.invalid,2477733874,Shimizu,Daichi,,,,"Tokyo, Japan",0891448944,,,,,,,,,Enterprise Account Executive,
EMP-1685CFF3E732,devika.deshmukh1685,Devika Deshmukh,,,,,,,,,,,India,Customer Success,,devika.deshmukh1685@example.invalid,7199790003,Deshmukh,Devika,,,,"Pune, Maharashtra, India",4373359127,,,,,,,,,Technical Account Manager,
EMP-1CF2783E8899,carter.carver1cf2,Carter Carver,,,,,,,,,,,USA,Customer Success,,carter.carver1cf2@example.invalid,7401048934,Carver,Carter,,,,"Austin, TX, USA",2668820698,,,,,,,,,Customer Success Manager,
EMP-1ACAC00D8698,itai.zohar1aca,Itai Zohar,,,,,,,,,,,Israel,Engineering,,itai.zohar1aca@example.invalid,4606902196,Zohar,Itai,,,,"Tel Aviv, Israel",0159073081,,,,,,,,,Director of Engineering,
EMP-CD07FB7F7593,reese.piercecd07,Reese Pierce,,,,,,,,,,,USA,Sales,,reese.piercecd07@example.invalid,7464248768,Pierce,Reese,,,,"Seattle, WA, USA",0891448944,,,,,,,,,Regional Sales Director,
EMP-FEFFB6119334,peyton.dawsonfeff,Peyton Dawson,,,,,,,,,,,USA,Engineering,,peyton.dawsonfeff@example.invalid,1295294161,Dawson,Peyton,,,,"Seattle, WA, USA",0159073081,,,,,,,,,Senior Software Engineer,
EMP-CDC1CEFE830E,carter.marshcdc1,Carter Marsh,,,,,,,,,,,USA,Engineering,,carter.marshcdc1@example.invalid,0796180212,Marsh,Carter,,,,"Austin, TX, USA",4394152190,,,,,,,,,Senior Software Engineer,
EMP-DBBA2C73FE9E,skyler.vaughndbba,Skyler Vaughn,,,,,,,,,,,USA,Sales,,skyler.vaughndbba@example.invalid,6679083053,Vaughn,Skyler,,,,"Dallas, TX, USA",0891448944,,,,,,,,,Sales Development Representative,
EMP-F1D51B956F73,dana.kirbyf1d5,Dana Kirby,,,,,,,,,,,USA,Marketing,,dana.kirbyf1d5@example.invalid,1813900927,Kirby,Dana,,,,"Austin, TX, USA",1059039744,,,,,,,,,Demand Generation Manager,
EMP-BA5ED88B2714,peyton.sheltonba5e,Peyton Shelton,,,,,,,,,,,USA,Customer Success,,peyton.sheltonba5e@example.invalid,1033075258,Shelton,Peyton,,,,"Boston, MA, USA",0774203541,,,,,,,,,Technical Account Manager,
EMP-85227F9CAEF6,gali.shani8522,Gali Shani,,,,,,,,,,,Israel,Design,,gali.shani8522@example.invalid,7179568306,Shani,Gali,,,,"Tel Aviv, Israel",8974586732,,,,,,,,,Product Designer,
EMP-FCB4AED50F05,shira.yaronfcb4,Shira Yaron,,,,,,,,,,,Israel,People,,shira.yaronfcb4@example.invalid,3469044252,Yaron,Shira,,,,"Tel Aviv, Israel",2329842297,,,,,,,,,People Operations Specialist,
EMP-06A6AF3F8916,bruno.fuentes06a6,Bruno Fuentes,,,,,,,,,,,Mexico,People,,bruno.fuentes06a6@example.invalid,7779321733,Fuentes,Bruno,,,,"Mexico City, Mexico",2329842297,,,,,,,,,HR Business Partner,
EMP-FEC59E049DF9,isabela.navafec5,Isabela Nava,,,,,,,,,,,Mexico,Sales,,isabela.navafec5@example.invalid,8713114556,Nava,Isabela,,,,"Mexico City, Mexico",9812394783,,,,,,,,,Senior Account Executive,
EMP-2A38CA04E794,peyton.hollis2a38,Peyton Hollis,,,,,,,,,,,USA,Engineering,,peyton.hollis2a38@example.invalid,0702717843,Hollis,Peyton,,,,"Austin, TX, USA",2734679348,,,,,,,,,Software Engineer,
EMP-A223E5629D00,jordan.ramseya223,Jordan Ramsey,,,,,,,,,,,USA,Sales,,jordan.ramseya223@example.invalid,0032822069,Ramsey,Jordan,,,,"Austin, TX, USA",0891448944,,,,,,,,,Senior Account Executive,
EMP-BB5AFEA47FF2,ishaan.patilbb5a,Ishaan Patil,,,,,,,,,,,India,Engineering,,ishaan.patilbb5a@example.invalid,5471172677,Patil,Ishaan,,,,"Pune, Maharashtra, India",6030538551,,,,,,,,,Software Engineer,
EMP-6037009A4379,jordan.ashford6037,Jordan Ashford,,,,,,,,,,,USA,Finance,,jordan.ashford6037@example.invalid,3917176095,Ashford,Jordan,,,,"Austin, TX, USA",0067001250,,,,,,,,,Revenue Operations Analyst,
EMP-7D17AF1AA9F9,matilda.callaghan7d17,Matilda Callaghan,,,,,,,,,,,Australia,Customer Success,,matilda.callaghan7d17@example.invalid,8261039224,Callaghan,Matilda,,,,"Sydney, New South Wales, Australia",0774203541,,,,,,,,,Support Engineer,
EMP-69C11017D5BC,logan.bennett69c1,Logan Bennett,,,,,,,,,,,USA,Finance,,logan.bennett69c1@example.invalid,9043807997,Bennett,Logan,,,,"Austin, TX, USA",0067001250,,,,,,,,,Financial Analyst,
EMP-C0CC4871D3B7,rahul.iyerc0cc,Rahul Iyer,,,,,,,,,,,India,Product,,rahul.iyerc0cc@example.invalid,4251646496,Iyer,Rahul,,,,"Pune, Maharashtra, India",1561337976,,,,,,,,,Product Manager,
EMP-D85BF57789B6,logan.vaughnd85b,Logan Vaughn,,,,,,,,,,,USA,Marketing,,logan.vaughnd85b@example.invalid,8833487692,Vaughn,Logan,,,,"Dallas, TX, USA",1059039744,,,,,,,,,Marketing Director,
EMP-06F1C4D45812,devika.verma06f1,Devika Verma,,,,,,,,,,,India,Design,,devika.verma06f1@example.invalid,9904538258,Verma,Devika,,,,"Pune, Maharashtra, India",2488224667,,,,,,,,,Content Designer,
EMP-55DAF6A75E03,devika.gokhale55da,Devika Gokhale,,,,,,,,,,,India,Sales,,devika.gokhale55da@example.invalid,6844039882,Gokhale,Devika,,,,"Pune, Maharashtra, India",7693206320,,,,,,,,,Account Executive,
EMP-47CE958FB372,blake.shelton47ce,Blake Shelton,,,,,,,,,,,USA,Engineering,,blake.shelton47ce@example.invalid,6318783348,Shelton,Blake,,,,"Austin, TX, USA",8881303837,,,,,,,,,Software Engineer,
EMP-7F6FC83B9215,hector.nava7f6f,Héctor Nava,,,,,,,,,,,Mexico,Engineering,,hector.nava7f6f@example.invalid,3411268533,Nava,Héctor,,,,"Mexico City, Mexico",7104724007,,,,,,,,,Senior Software Engineer,
EMP-1BAE275792C5,manish.deshmukh1bae,Manish Deshmukh,,,,,,,,,,,India,Finance,,manish.deshmukh1bae@example.invalid,2049755950,Deshmukh,Manish,,,,"Pune, Maharashtra, India",8806961831,,,,,,,,,Financial Analyst,
EMP-FA2171BC0F67,maeve.fortinfa21,Maeve Fortin,,,,,,,,,,,Canada,Sales,,maeve.fortinfa21@example.invalid,6239688971,Fortin,Maeve,,,,"Toronto, Ontario, Canada",0891448944,,,,,,,,,Account Executive,
EMP-20D88F8FBA62,rahul.wagh20d8,Rahul Wagh,,,,,,,,,,,India,Product,,rahul.wagh20d8@example.invalid,1653322135,Wagh,Rahul,,,,"Pune, Maharashtra, India",2676127692,,,,,,,,,Senior Product Manager,
EMP-2BE105C43FFC,george.radcliffe2be1,George Radcliffe,,,,,,,,,,,United Kingdom,Engineering,,george.radcliffe2be1@example.invalid,3836049276,Radcliffe,George,,,,"London, England, United Kingdom",1677006097,,,,,,,,,Software Engineer,
EMP-D7096AAE2F61,lucia.escobard709,Lucía Escobar,,,,,,,,,,,Mexico,Marketing,,lucia.escobard709@example.invalid,9296661925,Escobar,Lucía,,,,"Monterrey, Nuevo León, Mexico",1059039744,,,,,,,,,Marketing Director,
EMP-66DFE6C632AB,kavya.iyer66df,Kavya Iyer,,,,,,,,,,,India,IT,,kavya.iyer66df@example.invalid,0603161786,Iyer,Kavya,,,,"Pune, Maharashtra, India",3824545051,,,,,,,,,IT Support Specialist,
EMP-534CB26DB643,natalia.mendoza534c,Natalia Mendoza,,,,,,,,,,,Mexico,Engineering,,natalia.mendoza534c@example.invalid,7657101673,Mendoza,Natalia,,,,"Mexico City, Mexico",3662122719,,,,,,,,,Senior Software Engineer,
EMP-28EA9479ED49,rodrigo.guzman28ea,Rodrigo Guzmán,,,,,,,,,,,Mexico,People,,rodrigo.guzman28ea@example.invalid,7460390855,Guzmán,Rodrigo,,,,"Mexico City, Mexico",2329842297,,,,,,,,,HR Business Partner,
EMP-269C6E7F63D7,bruno.alvarado269c,Bruno Alvarado,,,,,,,,,,,Mexico,Engineering,,bruno.alvarado269c@example.invalid,3223076184,Alvarado,Bruno,,,,"Mexico City, Mexico",0505070807,,,,,,,,,Software Engineer,
EMP-259DFD45DE94,hector.herrera259d,Héctor Herrera,,,,,,,,,,,Mexico,Engineering,,hector.herrera259d@example.invalid,7275733516,Herrera,Héctor,,,,"Mexico City, Mexico",0505070807,,,,,,,,,Software Engineer,
EMP-FF0E21291B60,sanya.raoff0e,Sanya Rao,,,,,,,,,,,India,Engineering,,sanya.raoff0e@example.invalid,9782277129,Rao,Sanya,,,,"Pune, Maharashtra, India",9760197091,,,,,,,,,Staff Software Engineer,
EMP-D9235DAD1166,hector.mendozad923,Héctor Mendoza,,,,,,,,,,,Mexico,Customer Success,,hector.mendozad923@example.invalid,8317861655,Mendoza,Héctor,,,,"Mexico City, Mexico",6260880146,,,,,,,,,Technical Account Manager,
EMP-B7B92C8EA39C,riley.carverb7b9,Riley Carver,,,,,,,,,,,USA,Customer Success,,riley.carverb7b9@example.invalid,0774203541,Carver,Riley,,,,"Portland, OR, USA",0067001250,,,,,,,,,Director of Customer Success,
EMP-0DEDDB75BC88,elliot.carver0ded,Elliot Carver,,,,,,,,,,,USA,Sales,,elliot.carver0ded@example.invalid,0694237825,Carver,Elliot,,,,"Austin, TX, USA",0891448944,,,,,,,,,Sales Development Representative,
EMP-CF2D8CC3F08E,freya.radcliffecf2d,Freya Radcliffe,,,,,,,,,,,United Kingdom,Engineering,,freya.radcliffecf2d@example.invalid,2985458815,Radcliffe,Freya,,,,"London, England, United Kingdom",5137228435,,,,,,,,,Staff Software Engineer,
EMP-A8DD7543B8D0,sawyer.fostera8dd,Sawyer Foster,,,,,,,,,,,USA,Customer Success,,sawyer.fostera8dd@example.invalid,1948876786,Foster,Sawyer,,,,"Denver, CO, USA",0774203541,,,,,,,,,Customer Success Manager,
EMP-68B84EDC9306,ananya.kulkarni68b8,Ananya Kulkarni,,,,,,,,,,,India,Engineering,,ananya.kulkarni68b8@example.invalid,4925696746,Kulkarni,Ananya,,,,"Pune, Maharashtra, India",0444119676,,,,,,,,,Quality Engineer,
EMP-6CE717522DA6,camila.bautista6ce7,Camila Bautista,,,,,,,,,,,Mexico,Customer Success,,camila.bautista6ce7@example.invalid,7436993350,Bautista,Camila,,,,"Guadalajara, Jalisco, Mexico",0774203541,,,,,,,,,Support Engineer,
EMP-3E9A88D59A90,tanner.foster3e9a,Tanner Foster,,,,,,,,,,,USA,Engineering,,tanner.foster3e9a@example.invalid,7767565546,Foster,Tanner,,,,"Austin, TX, USA",9750141879,,,,,,,,,Senior Software Engineer,
EMP-7AEFB8CB54D8,hector.ocampo7aef,Héctor Ocampo,,,,,,,,,,,Mexico,Finance,,hector.ocampo7aef@example.invalid,5502418516,Ocampo,Héctor,,,,"Mexico City, Mexico",8279943807,,,,,,,,,Senior Financial Analyst,
EMP-9D9C40604599,elliot.ellison9d9c,Elliot Ellison,,,,,,,,,,,USA,Product,,elliot.ellison9d9c@example.invalid,2550285152,Ellison,Elliot,,,,"Austin, TX, USA",0280006242,,,,,,,,,Product Manager,
EMP-AB68F7D6CE4E,hadar.levinab68,Hadar Levin,,,,,,,,,,,Israel,Engineering,,hadar.levinab68@example.invalid,0019880600,Levin,Hadar,,,,"Tel Aviv, Israel",0500143343,,,,,,,,,Senior Software Engineer,
EMP-6045ECDF4C0D,cameron.marsh6045,Cameron Marsh,,,,,,,,,,,USA,Sales,,cameron.marsh6045@example.invalid,4831933403,Marsh,Cameron,,,,"Portland, OR, USA",0891448944,,,,,,,,,Sales Development Representative,
EMP-0715F3A8825D,carter.yates0715,Carter Yates,,,,,,,,,,,USA,Design,,carter.yates0715@example.invalid,7843619341,Yates,Carter,,,,"Houston, TX, USA",2226904486,,,,,,,,,UX Researcher,
EMP-960EE5399A21,rodrigo.salazar960e,Rodrigo Salazar,,,,,,,,,,,Mexico,Engineering,,rodrigo.salazar960e@example.invalid,0924920881,Salazar,Rodrigo,,,,"Mexico City, Mexico",0159073081,,,,,,,,,Director of Engineering,
EMP-E25C2DFF4B6B,reese.sheltone25c,Reese Shelton,,,,,,,,,,,USA,Engineering,,reese.sheltone25c@example.invalid,4934315114,Shelton,Reese,,,,"Austin, TX, USA",8881303837,,,,,,,,,Site Reliability Engineer,
EMP-48998A8CC264,tamar.barkai4899,Tamar Barkai,,,,,,,,,,,Israel,Finance,,tamar.barkai4899@example.invalid,9328934870,Barkai,Tamar,,,,"Tel Aviv, Israel",6694081308,,,,,,,,,Revenue Operations Analyst,
EMP-E22EEE0DC2FA,riley.hollise22e,Riley Hollis,,,,,,,,,,,USA,Product,,riley.hollise22e@example.invalid,4373557140,Hollis,Riley,,,,"Austin, TX, USA",0280006242,,,,,,,,,Principal Product Manager,
EMP-294BBCDDF3D6,farhan.joshi294b,Farhan Joshi,,,,,,,,,,,India,Engineering,,farhan.joshi294b@example.invalid,0273046269,Joshi,Farhan,,,,"Pune, Maharashtra, India",2552767769,,,,,,,,,Software Engineer,
EMP-E8167CBFDD81,jocelyn.heberte816,Jocelyn Hébert,,,,,,,,,,,Canada,Customer Success,,jocelyn.heberte816@example.invalid,9783774767,Hébert,Jocelyn,,,,"Toronto, Ontario, Canada",1152608888,,,,,,,,,Senior Customer Success Manager,
EMP-4CF391C024B6,damien.lacroix4cf3,Damien Lacroix,,,,,,,,,,,France,Customer Success,,damien.lacroix4cf3@example.invalid,0658889525,Lacroix,Damien,,,,"Paris, France",0774203541,,,,,,,,,Senior Support Engineer,
EMP-687BD6FEDFF2,cameron.norton687b,Cameron Norton,,,,,,,,,,,Singapore,Marketing,,cameron.norton687b@example.invalid,2247195502,Norton,Cameron,,,,"Singapore, Singapore",1059039744,,,,,,,,,Product Marketing Manager,
EMP-CADFC45D02CA,ananya.patilcadf,Ananya Patil,,,,,,,,,,,India,People,,ananya.patilcadf@example.invalid,9225749103,Patil,Ananya,,,,"Pune, Maharashtra, India",4251680745,,,,,,,,,Recruiter,
EMP-EBD6699279B9,amit.regevebd6,Amit Regev,,,,,,,,,,,Israel,Engineering,,amit.regevebd6@example.invalid,1757474441,Regev,Amit,,,,"Tel Aviv, Israel",4795688632,,,,,,,,,Senior Software Engineer,
EMP-4DBFCCB3A272,farhan.mehta4dbf,Farhan Mehta,,,,,,,,,,,India,Customer Success,,farhan.mehta4dbf@example.invalid,3368836901,Mehta,Farhan,,,,"Pune, Maharashtra, India",4373359127,,,,,,,,,Support Engineer,
EMP-2C51543A2D10,vikram.nair2c51,Vikram Nair,,,,,,,,,,,India,IT,,vikram.nair2c51@example.invalid,9623269556,Nair,Vikram,,,,"Pune, Maharashtra, India",7400912674,,,,,,,,,Identity Engineer,
EMP-EF11078C08FB,carter.nortonef11,Carter Norton,,,,,,,,,,,USA,Sales,,carter.nortonef11@example.invalid,7696394767,Norton,Carter,,,,"Portland, OR, USA",0891448944,,,,,,,,,Sales Development Representative,
EMP-F8E6383EED09,sanya.raof8e6,Sanya Rao,,,,,,,,,,,India,Engineering,,sanya.raof8e6@example.invalid,8965538557,Rao,Sanya,,,,"Pune, Maharashtra, India",0444119676,,,,,,,,,Senior Software Engineer,
EMP-057B0B458F88,manish.rao057b,Manish Rao,,,,,,,,,,,India,IT,,manish.rao057b@example.invalid,5713776972,Rao,Manish,,,,"Pune, Maharashtra, India",3824545051,,,,,,,,,IT Support Specialist,
EMP-2DA25DB59241,quinn.norton2da2,Quinn Norton,,,,,,,,,,,USA,Sales,,quinn.norton2da2@example.invalid,2358098086,Norton,Quinn,,,,"Austin, TX, USA",0891448944,,,,,,,,,Enterprise Account Executive,
EMP-8A22A93F1388,lior.yaron8a22,Lior Yaron,,,,,,,,,,,Israel,Engineering,,lior.yaron8a22@example.invalid,4817958269,Yaron,Lior,,,,"Tel Aviv, Israel",4795688632,,,,,,,,,Software Engineer,
EMP-946FD5B107A0,sanya.patil946f,Sanya Patil,,,,,,,,,,,India,Sales,,sanya.patil946f@example.invalid,6342117018,Patil,Sanya,,,,"Pune, Maharashtra, India",7693206320,,,,,,,,,Account Executive,
EMP-20BBDA5B0351,priya.shetty20bb,Priya Shetty,,,,,,,,,,,India,Engineering,,priya.shetty20bb@example.invalid,4291128262,Shetty,Priya,,,,"Pune, Maharashtra, India",6190946371,,,,,,,,,Software Engineer,
EMP-50670C6F2CF6,avery.norton5067,Avery Norton,,,,,,,,,,,USA,Design,,avery.norton5067@example.invalid,7270673964,Norton,Avery,,,,"Boston, MA, USA",2226904486,,,,,,,,,UX Researcher,
EMP-3573A7B93EEB,daniel.tal3573,Daniel Tal,,,,,,,,,,,Israel,Engineering,,daniel.tal3573@example.invalid,0398320753,Tal,Daniel,,,,"Tel Aviv, Israel",8991844032,,,,,,,,,Site Reliability Engineer,
EMP-F7331569D654,logan.yatesf733,Logan Yates,,,,,,,,,,,USA,Finance,,logan.yatesf733@example.invalid,5492084319,Yates,Logan,,,,"Miami, FL, USA",0067001250,,,,,,,,,Financial Analyst,
EMP-CBCAA19939E3,jordan.dawsoncbca,Jordan Dawson,,,,,,,,,,,USA,IT,,jordan.dawsoncbca@example.invalid,4468196560,Dawson,Jordan,,,,"Austin, TX, USA",7376848747,,,,,,,,,IT Operations Engineer,
EMP-14A2F07E4D3B,george.ellery14a2,George Ellery,,,,,,,,,,,United Kingdom,Sales,,george.ellery14a2@example.invalid,2237973209,Ellery,George,,,,"London, England, United Kingdom",7748760027,,,,,,,,,Sales Development Representative,
EMP-5AB9641A4826,cameron.ramsey5ab9,Cameron Ramsey,,,,,,,,,,,Singapore,Engineering,,cameron.ramsey5ab9@example.invalid,8147398980,Ramsey,Cameron,,,,"Singapore, Singapore",0159073081,,,,,,,,,Software Engineer,
EMP-15D315DC2ECE,alfie.cartwright15d3,Alfie Cartwright,,,,,,,,,,,United Kingdom,Finance,,alfie.cartwright15d3@example.invalid,0304686789,Cartwright,Alfie,,,,"London, England, United Kingdom",4316997889,,,,,,,,,Accountant,
EMP-5D48E8A9C4FA,nolan.jennings5d48,Nolan Jennings,,,,,,,,,,,USA,Engineering,,nolan.jennings5d48@example.invalid,9702350765,Jennings,Nolan,,,,"Los Angeles, CA, USA",0159073081,,,,,,,,,Site Reliability Engineer,
EMP-FF1F3DE502E0,adi.erezff1f,Adi Erez,,,,,,,,,,,Israel,Engineering,,adi.erezff1f@example.invalid,7754741935,Erez,Adi,,,,"Tel Aviv, Israel",0500143343,,,,,,,,,Senior Software Engineer,
EMP-11F72050950A,alfie.dunmore11f7,Alfie Dunmore,,,,,,,,,,,United Kingdom,Product,,alfie.dunmore11f7@example.invalid,8362285951,Dunmore,Alfie,,,,"London, England, United Kingdom",0280006242,,,,,,,,,Product Manager,
EMP-5A3E5811FEC4,nell.kingsley5a3e,Nell Kingsley,,,,,,,,,,,United Kingdom,Customer Success,,nell.kingsley5a3e@example.invalid,6281574979,Kingsley,Nell,,,,"London, England, United Kingdom",3151268880,,,,,,,,,Customer Success Manager,
EMP-26D3B6E96BB8,elena.mendoza26d3,Elena Mendoza,,,,,,,,,,,Mexico,Customer Success,,elena.mendoza26d3@example.invalid,7178075392,Mendoza,Elena,,,,"Mexico City, Mexico",1710814652,,,,,,,,,Customer Success Manager,
EMP-0D1DC857B5CF,noemie.perrin0d1d,Noémie Perrin,,,,,,,,,,,France,Sales,,noemie.perrin0d1d@example.invalid,5855643671,Perrin,Noémie,,,,"Paris, France",0891448944,,,,,,,,,Account Executive,
EMP-EB718603A8FC,hadar.barkaieb71,Hadar Barkai,,,,,,,,,,,Israel,Engineering,,hadar.barkaieb71@example.invalid,1559537374,Barkai,Hadar,,,,"Tel Aviv, Israel",9346450824,,,,,,,,,Software Engineer,
EMP-337712A8A3EB,baptiste.hamel3377,Baptiste Hamel,,,,,,,,,,,France,Engineering,,baptiste.hamel3377@example.invalid,3676826529,Hamel,Baptiste,,,,"Paris, France",0159073081,,,,,,,,,Engineering Manager,
EMP-4DCA9C6C7AFC,gabriela.mendoza4dca,Gabriela Mendoza,,,,,,,,,,,Mexico,Customer Success,,gabriela.mendoza4dca@example.invalid,5949788435,Mendoza,Gabriela,,,,"Monterrey, Nuevo León, Mexico",4825025950,,,,,,,,,Senior Support Engineer,
EMP-6C9CE6004AE8,oliver.northcott6c9c,Oliver Northcott,,,,,,,,,,,United Kingdom,People,,oliver.northcott6c9c@example.invalid,1394209341,Northcott,Oliver,,,,"London, England, United Kingdom",7150696066,,,,,,,,,Senior Recruiter,
EMP-70B5C3C37145,kelsey.dawson70b5,Kelsey Dawson,,,,,,,,,,,USA,IT,,kelsey.dawson70b5@example.invalid,7218972437,Dawson,Kelsey,,,,"Dallas, TX, USA",2203223627,,,,,,,,,Systems Administrator,
EMP-560D1D01C70D,dana.shelton560d,Dana Shelton,,,,,,,,,,,USA,Engineering,,dana.shelton560d@example.invalid,5430780450,Shelton,Dana,,,,"Austin, TX, USA",4394152190,,,,,,,,,Senior Software Engineer,
EMP-0C088DC33CEB,lottie.lockhart0c08,Lottie Lockhart,,,,,,,,,,,United Kingdom,Sales,,lottie.lockhart0c08@example.invalid,7949028822,Lockhart,Lottie,,,,"London, England, United Kingdom",7748760027,,,,,,,,,Account Executive,
EMP-3EC84CDCE7DA,elena.nava3ec8,Elena Nava,,,,,,,,,,,Mexico,Customer Success,,elena.nava3ec8@example.invalid,7360023435,Nava,Elena,,,,"Monterrey, Nuevo León, Mexico",4825025950,,,,,,,,,Support Engineer,
EMP-A409235F21F5,takumi.yamashitaa409,Takumi Yamashita,,,,,,,,,,,Japan,Sales,,takumi.yamashitaa409@example.invalid,8509147742,Yamashita,Takumi,,,,"Tokyo, Japan",0891448944,,,,,,,,,Senior Account Executive,
EMP-42C78A4A4B01,reese.ellison42c7,Reese Ellison,,,,,,,,,,,USA,Customer Success,,reese.ellison42c7@example.invalid,8559283780,Ellison,Reese,,,,"Austin, TX, USA",3932728268,,,,,,,,,Customer Success Manager,
EMP-7DCB37BDD9BA,tamar.ophir7dcb,Tamar Ophir,,,,,,,,,,,Israel,Customer Success,,tamar.ophir7dcb@example.invalid,3554480966,Ophir,Tamar,,,,"Tel Aviv, Israel",0774203541,,,,,,,,,Support Engineer,
EMP-E1A074B0C661,roos.meijere1a0,Roos Meijer,,,,,,,,,,,Netherlands,Customer Success,,roos.meijere1a0@example.invalid,7398844130,Meijer,Roos,,,,"Amsterdam, Netherlands",5486230153,,,,,,,,,Senior Support Engineer,
EMP-681B9B3CC6DC,simone.cormier681b,Simone Cormier,,,,,,,,,,,Canada,Engineering,,simone.cormier681b@example.invalid,9652398635,Cormier,Simone,,,,"Vancouver, British Columbia, Canada",8641416372,,,,,,,,,Quality Engineer,
EMP-3D358FF43E2E,oscar.quintero3d35,Óscar Quintero,,,,,,,,,,,Mexico,Marketing,,oscar.quintero3d35@example.invalid,9257289791,Quintero,Óscar,,,,"Mexico City, Mexico",9262248049,,,,,,,,,Marketing Specialist,
EMP-22DE98AA3F2C,rhea.joshi22de,Rhea Joshi,,,,,,,,,,,India,Engineering,,rhea.joshi22de@example.invalid,9091050169,Joshi,Rhea,,,,"Pune, Maharashtra, India",2552767769,,,,,,,,,Senior Software Engineer,
EMP-EC62A517E98C,ishaan.vermaec62,Ishaan Verma,,,,,,,,,,,India,IT,,ishaan.vermaec62@example.invalid,2789749324,Verma,Ishaan,,,,"Pune, Maharashtra, India",7400912674,,,,,,,,,Identity Engineer,
EMP-463E354120B9,alfie.dunmore463e,Alfie Dunmore,,,,,,,,,,,United Kingdom,Sales,,alfie.dunmore463e@example.invalid,5049165483,Dunmore,Alfie,,,,"London, England, United Kingdom",7748760027,,,,,,,,,Sales Development Representative,
EMP-93F28F17686F,roos.nieuwenhuis93f2,Roos Nieuwenhuis,,,,,,,,,,,Netherlands,Customer Success,,roos.nieuwenhuis93f2@example.invalid,8638544411,Nieuwenhuis,Roos,,,,"Amsterdam, Netherlands",5486230153,,,,,,,,,Support Engineer,
EMP-7DEB88AEF542,rodrigo.guzman7deb,Rodrigo Guzmán,,,,,,,,,,,Mexico,Customer Success,,rodrigo.guzman7deb@example.invalid,9288487657,Guzmán,Rodrigo,,,,"Mexico City, Mexico",1862102718,,,,,,,,,Customer Success Manager,
EMP-33ADC3F55313,rupert.merrick33ad,Rupert Merrick,,,,,,,,,,,United Kingdom,Design,,rupert.merrick33ad@example.invalid,5333470198,Merrick,Rupert,,,,"London, England, United Kingdom",2226904486,,,,,,,,,Senior Product Designer,
EMP-B30FA82FC08C,kelsey.bennettb30f,Kelsey Bennett,,,,,,,,,,,USA,Customer Success,,kelsey.bennettb30f@example.invalid,0487143338,Bennett,Kelsey,,,,"Austin, TX, USA",2668820698,,,,,,,,,Senior Customer Success Manager,
EMP-34D6D4205F46,javier.mendoza34d6,Javier Mendoza,,,,,,,,,,,Mexico,Finance,,javier.mendoza34d6@example.invalid,0490822455,Mendoza,Javier,,,,"Mexico City, Mexico",8279943807,,,,,,,,,Accountant,
EMP-8A237BE2FD1D,ananya.shetty8a23,Ananya Shetty,,,,,,,,,,,India,Product,,ananya.shetty8a23@example.invalid,6258310615,Shetty,Ananya,,,,"Pune, Maharashtra, India",3783346509,,,,,,,,,Senior Product Manager,
EMP-E650B47DF3C3,skyler.tatee650,Skyler Tate,,,,,,,,,,,USA,Design,,skyler.tatee650@example.invalid,9913861603,Tate,Skyler,,,,"San Diego, CA, USA",2226904486,,,,,,,,,Product Designer,
EMP-4133B3D0E9E6,daisy.radcliffe4133,Daisy Radcliffe,,,,,,,,,,,United Kingdom,Engineering,,daisy.radcliffe4133@example.invalid,6136346550,Radcliffe,Daisy,,,,"London, England, United Kingdom",1677006097,,,,,,,,,Software Engineer,
EMP-18C644FBF991,devika.shetty18c6,Devika Shetty,,,,,,,,,,,India,Engineering,,devika.shetty18c6@example.invalid,1313521247,Shetty,Devika,,,,"Pune, Maharashtra, India",0444119676,,,,,,,,,Quality Engineer,
EMP-C8EBCE541F4D,carter.graysonc8eb,Carter Grayson,,,,,,,,,,,USA,Product,,carter.graysonc8eb@example.invalid,7810363134,Grayson,Carter,,,,"San Diego, CA, USA",0280006242,,,,,,,,,Director of Product Management,
EMP-3CBDF25C4DCA,skyler.ashford3cbd,Skyler Ashford,,,,,,,,,,,USA,Finance,,skyler.ashford3cbd@example.invalid,1130012599,Ashford,Skyler,,,,"Austin, TX, USA",0067001250,,,,,,,,,Senior Financial Analyst,
EMP-21EBF6DCACC6,blake.bennett21eb,Blake Bennett,,,,,,,,,,,USA,Legal,,blake.bennett21eb@example.invalid,0430571708,Bennett,Blake,,,,"Seattle, WA, USA",0400249940,,,,,,,,,Compliance Analyst,
EMP-AEA7E94A9C25,avigail.harelaea7,Avigail Harel,,,,,,,,,,,Israel,IT,,avigail.harelaea7@example.invalid,0366668304,Harel,Avigail,,,,"Tel Aviv, Israel",2203223627,,,,,,,,,Identity Engineer,
EMP-E140E583393B,vikram.vermae140,Vikram Verma,,,,,,,,,,,India,Finance,,vikram.vermae140@example.invalid,8806961831,Verma,Vikram,,,,"Pune, Maharashtra, India",0067001250,,,,,,,,,Controller,
EMP-568E51B32A55,bruno.herrera568e,Bruno Herrera,,,,,,,,,,,Mexico,Finance,,bruno.herrera568e@example.invalid,3905950468,Herrera,Bruno,,,,"Mexico City, Mexico",8279943807,,,,,,,,,Accountant,
EMP-1550F36CFE5E,eitan.yaron1550,Eitan Yaron,,,,,,,,,,,Israel,Engineering,,eitan.yaron1550@example.invalid,2382978051,Yaron,Eitan,,,,"Tel Aviv, Israel",0500143343,,,,,,,,,Staff Software Engineer,
EMP-2B9250BF7F7E,hector.guzman2b92,Héctor Guzmán,,,,,,,,,,,Mexico,Engineering,,hector.guzman2b92@example.invalid,3638617620,Guzmán,Héctor,,,,"Mexico City, Mexico",4081765633,,,,,,,,,Software Engineer,
EMP-6A96EC63E118,daniel.gilad6a96,Daniel Gilad,,,,,,,,,,,Israel,Engineering,,daniel.gilad6a96@example.invalid,8249364496,Gilad,Daniel,,,,"Tel Aviv, Israel",8991844032,,,,,,,,,Staff Software Engineer,
EMP-B2560FEFF76D,gijs.boersmab256,Gijs Boersma,,,,,,,,,,,Netherlands,Marketing,,gijs.boersmab256@example.invalid,0071033047,Boersma,Gijs,,,,"Amsterdam, Netherlands",1059039744,,,,,,,,,Demand Generation Manager,
EMP-F13493BA7309,baptiste.beaulieuf134,Baptiste Beaulieu,,,,,,,,,,,France,Customer Success,,baptiste.beaulieuf134@example.invalid,0932814655,Beaulieu,Baptiste,,,,"Paris, France",0774203541,,,,,,,,,Customer Success Manager,
EMP-62C6122AC268,paola.escobar62c6,Paola Escobar,,,,,,,,,,,Mexico,Marketing,,paola.escobar62c6@example.invalid,5965193664,Escobar,Paola,,,,"Mexico City, Mexico",9262248049,,,,,,,,,Marketing Specialist,
EMP-36DC7FE9CBDF,priya.joshi36dc,Priya Joshi,,,,,,,,,,,India,Engineering,,priya.joshi36dc@example.invalid,5049007401,Joshi,Priya,,,,"Pune, Maharashtra, India",2552767769,,,,,,,,,Senior Software Engineer,
EMP-C3D6B0A085AA,manish.sharmac3d6,Manish Sharma,,,,,,,,,,,India,Engineering,,manish.sharmac3d6@example.invalid,5895814967,Sharma,Manish,,,,"Pune, Maharashtra, India",1805818302,,,,,,,,,Engineering Manager,
EMP-4AE53FC5ABA2,daniel.barkai4ae5,Daniel Barkai,,,,,,,,,,,Israel,Finance,,daniel.barkai4ae5@example.invalid,6694081308,Barkai,Daniel,,,,"Tel Aviv, Israel",0067001250,,,,,,,,,Controller,
EMP-0073BE3A93CD,tanvi.chauhan0073,Tanvi Chauhan,,,,,,,,,,,India,Engineering,,tanvi.chauhan0073@example.invalid,1118793049,Chauhan,Tanvi,,,,"Pune, Maharashtra, India",9760197091,,,,,,,,,Software Engineer,
EMP-DA6C0A1753F5,eitan.levinda6c,Eitan Levin,,,,,,,,,,,Israel,Sales,,eitan.levinda6c@example.invalid,3062182470,Levin,Eitan,,,,"Tel Aviv, Israel",0891448944,,,,,,,,,Senior Account Executive,
EMP-3D921ADC979A,sawyer.jennings3d92,Sawyer Jennings,,,,,,,,,,,USA,Sales,,sawyer.jennings3d92@example.invalid,7651945098,Jennings,Sawyer,,,,"Austin, TX, USA",0891448944,,,,,,,,,Senior Account Executive,
EMP-0FD91D52BB15,hector.salazar0fd9,Héctor Salazar,,,,,,,,,,,Mexico,Customer Success,,hector.salazar0fd9@example.invalid,1678386029,Salazar,Héctor,,,,"Mexico City, Mexico",1710814652,,,,,,,,,Technical Account Manager,
EMP-15F709223669,peyton.whitaker15f7,Peyton Whitaker,,,,,,,,,,,USA,Engineering,,peyton.whitaker15f7@example.invalid,6590439609,Whitaker,Peyton,,,,"Houston, TX, USA",0159073081,,,,,,,,,Quality Engineer,
EMP-392211B65BC9,priya.mehta3922,Priya Mehta,,,,,,,,,,,India,Engineering,,priya.mehta3922@example.invalid,4291703048,Mehta,Priya,,,,"Pune, Maharashtra, India",6400519124,,,,,,,,,Software Engineer,
EMP-C4D15342996F,elodie.sauvagec4d1,Élodie Sauvage,,,,,,,,,,,France,Sales,,elodie.sauvagec4d1@example.invalid,7073594707,Sauvage,Élodie,,,,"Paris, France",0891448944,,,,,,,,,Sales Development Representative,
EMP-25D531507A7D,harper.norton25d5,Harper Norton,,,,,,,,,,,USA,IT,,harper.norton25d5@example.invalid,1164862909,Norton,Harper,,,,"Austin, TX, USA",7376848747,,,,,,,,,Systems Administrator,
EMP-39A697B08E10,priya.rao39a6,Priya Rao,,,,,,,,,,,India,Product,,priya.rao39a6@example.invalid,0849345117,Rao,Priya,,,,"Pune, Maharashtra, India",3783346509,,,,,,,,,Technical Program Manager,
EMP-EEA3B5C53774,paola.jimenezeea3,Paola Jiménez,,,,,,,,,,,Mexico,Engineering,,paola.jimenezeea3@example.invalid,0874238800,Jiménez,Paola,,,,"Mexico City, Mexico",7104724007,,,,,,,,,Software Engineer,
EMP-A4F1113E14CD,kelsey.yatesa4f1,Kelsey Yates,,,,,,,,,,,USA,Engineering,,kelsey.yatesa4f1@example.invalid,9942097664,Yates,Kelsey,,,,"Austin, TX, USA",2277742130,,,,,,,,,Senior Software Engineer,
EMP-8BE192F7CF96,harper.ramsey8be1,Harper Ramsey,,,,,,,,,,,USA,Product,,harper.ramsey8be1@example.invalid,4069220047,Ramsey,Harper,,,,"Austin, TX, USA",4485408201,,,,,,,,,Product Manager,
EMP-09FEE0A689D6,neha.bhatt09fe,Neha Bhatt,,,,,,,,,,,India,Product,,neha.bhatt09fe@example.invalid,6307568641,Bhatt,Neha,,,,"Pune, Maharashtra, India",8877427041,,,,,,,,,Senior Product Manager,
EMP-9BDA5C0F6BA4,rahul.joshi9bda,Rahul Joshi,,,,,,,,,,,India,Engineering,,rahul.joshi9bda@example.invalid,2101934803,Joshi,Rahul,,,,"Pune, Maharashtra, India",1805818302,,,,,,,,,Engineering Manager,
EMP-50BAA44F76D6,lottie.radcliffe50ba,Lottie Radcliffe,,,,,,,,,,,United Kingdom,People,,lottie.radcliffe50ba@example.invalid,9905537513,Radcliffe,Lottie,,,,"London, England, United Kingdom",7150696066,,,,,,,,,People Operations Specialist,
EMP-A9414D536200,diego.herreraa941,Diego Herrera,,,,,,,,,,,Mexico,Customer Success,,diego.herreraa941@example.invalid,6417843890,Herrera,Diego,,,,"Guadalajara, Jalisco, Mexico",0774203541,,,,,,,,,Customer Success Manager,
EMP-5BB6CF40C8CC,freya.lockhart5bb6,Freya Lockhart,,,,,,,,,,,United Kingdom,Customer Success,,freya.lockhart5bb6@example.invalid,0366486080,Lockhart,Freya,,,,"London, England, United Kingdom",7096693014,,,,,,,,,Support Engineer,
EMP-90B1D1715C32,rhea.gokhale90b1,Rhea Gokhale,,,,,,,,,,,India,Engineering,,rhea.gokhale90b1@example.invalid,7147711688,Gokhale,Rhea,,,,"Pune, Maharashtra, India",6190946371,,,,,,,,,Senior Software Engineer,
EMP-681D3AE15216,fernando.lozano681d,Fernando Lozano,,,,,,,,,,,Mexico,Product,,fernando.lozano681d@example.invalid,3688365405,Lozano,Fernando,,,,"Mexico City, Mexico",0280006242,,,,,,,,,Senior Product Manager,
EMP-F1C573516DD5,leo.nadeauf1c5,Léo Nadeau,,,,,,,,,,,Canada,Customer Success,,leo.nadeauf1c5@example.invalid,7124854516,Nadeau,Léo,,,,"Toronto, Ontario, Canada",1152608888,,,,,,,,,Technical Account Manager,
EMP-F851A23CAE5A,avery.hollisf851,Avery Hollis,,,,,,,,,,,USA,Engineering,,avery.hollisf851@example.invalid,6026568383,Hollis,Avery,,,,"Salt Lake City, UT, USA",0159073081,,,,,,,,,Engineering Manager,
EMP-C86349D769D5,oliver.pembertonc863,Oliver Pemberton,,,,,,,,,,,United Kingdom,People,,oliver.pembertonc863@example.invalid,9822361614,Pemberton,Oliver,,,,"London, England, United Kingdom",7150696066,,,,,,,,,People Operations Specialist,
EMP-ACC3D3671443,isabela.fuentesacc3,Isabela Fuentes,,,,,,,,,,,Mexico,Customer Success,,isabela.fuentesacc3@example.invalid,4657225205,Fuentes,Isabela,,,,"Mexico City, Mexico",1862102718,,,,,,,,,Support Engineer,
EMP-091E05DBEE13,nell.ellery091e,Nell Ellery,,,,,,,,,,,United Kingdom,Engineering,,nell.ellery091e@example.invalid,7792890791,Ellery,Nell,,,,"London, England, United Kingdom",5137228435,,,,,,,,,Software Engineer,
EMP-6900D202DD25,gabriela.salazar6900,Gabriela Salazar,,,,,,,,,,,Mexico,Customer Success,,gabriela.salazar6900@example.invalid,3724394742,Salazar,Gabriela,,,,"Mexico City, Mexico",1862102718,,,,,,,,,Customer Success Manager,
EMP-319E6A0CBA3F,rohan.patil319e,Rohan Patil,,,,,,,,,,,India,Engineering,,rohan.patil319e@example.invalid,7075634677,Patil,Rohan,,,,"Pune, Maharashtra, India",5895814967,,,,,,,,,Senior Software Engineer,
EMP-CCA942CAD09B,yonatan.mizrahicca9,Yonatan Mizrahi,,,,,,,,,,,Israel,Sales,,yonatan.mizrahicca9@example.invalid,3652107114,Mizrahi,Yonatan,,,,"Tel Aviv, Israel",0891448944,,,,,,,,,Senior Account Executive,
EMP-24835978509E,peyton.kirby2483,Peyton Kirby,,,,,,,,,,,USA,IT,,peyton.kirby2483@example.invalid,0597995709,Kirby,Peyton,,,,"Seattle, WA, USA",2203223627,,,,,,,,,IT Support Specialist,
EMP-7CDA7BDB3952,dana.pierce7cda,Dana Pierce,,,,,,,,,,,USA,IT,,dana.pierce7cda@example.invalid,7115770611,Pierce,Dana,,,,"Austin, TX, USA",7526217330,,,,,,,,,Identity Engineer,
EMP-B18CB68B4DC5,gaelle.rousseaub18c,Gaëlle Rousseau,,,,,,,,,,,France,Finance,,gaelle.rousseaub18c@example.invalid,0874264841,Rousseau,Gaëlle,,,,"Paris, France",0067001250,,,,,,,,,Revenue Operations Analyst,
EMP-A0F4F6F8670A,lucia.alvaradoa0f4,Lucía Alvarado,,,,,,,,,,,Mexico,Customer Success,,lucia.alvaradoa0f4@example.invalid,7126954038,Alvarado,Lucía,,,,"Mexico City, Mexico",6260880146,,,,,,,,,Customer Success Manager,
EMP-AB881F0DFCB8,miles.dunmoreab88,Miles Dunmore,,,,,,,,,,,United Kingdom,Sales,,miles.dunmoreab88@example.invalid,2253319467,Dunmore,Miles,,,,"London, England, United Kingdom",7748760027,,,,,,,,,Sales Development Representative,
EMP-BD9C45EA0D65,yui.kobayashibd9c,Yui Kobayashi,,,,,,,,,,,Japan,Sales,,yui.kobayashibd9c@example.invalid,1084637234,Kobayashi,Yui,,,,"Tokyo, Japan",0891448944,,,,,,,,,Solutions Engineer,
EMP-D7E07772ACC8,neha.waghd7e0,Neha Wagh,,,,,,,,,,,India,Customer Success,,neha.waghd7e0@example.invalid,7346467393,Wagh,Neha,,,,"Pune, Maharashtra, India",4373359127,,,,,,,,,Technical Account Manager,
EMP-3DBD383ED39C,nikhil.nair3dbd,Nikhil Nair,,,,,,,,,,,India,Engineering,,nikhil.nair3dbd@example.invalid,9401280266,Nair,Nikhil,,,,"Pune, Maharashtra, India",6190946371,,,,,,,,,Site Reliability Engineer,
EMP-275414FBB117,oliver.blackwood2754,Oliver Blackwood,,,,,,,,,,,United Kingdom,Marketing,,oliver.blackwood2754@example.invalid,6763340129,Blackwood,Oliver,,,,"London, England, United Kingdom",5576605117,,,,,,,,,Product Marketing Manager,
EMP-1EEC486B1347,mateo.herrera1eec,Mateo Herrera,,,,,,,,,,,Mexico,Sales,,mateo.herrera1eec@example.invalid,0363695375,Herrera,Mateo,,,,"Mexico City, Mexico",9812394783,,,,,,,,,Sales Development Representative,
EMP-C127D67E00F4,rhea.mehtac127,Rhea Mehta,,,,,,,,,,,India,Design,,rhea.mehtac127@example.invalid,0082048338,Mehta,Rhea,,,,"Pune, Maharashtra, India",2488224667,,,,,,,,,Senior Product Designer,
EMP-EB5F2BFBAC28,elliot.tateeb5f,Elliot Tate,,,,,,,,,,,USA,IT,,elliot.tateeb5f@example.invalid,1625677497,Tate,Elliot,,,,"Austin, TX, USA",7376848747,,,,,,,,,Systems Administrator,
EMP-09A2821DF3B8,natalia.quintero09a2,Natalia Quintero,,,,,,,,,,,Mexico,Customer Success,,natalia.quintero09a2@example.invalid,7723109339,Quintero,Natalia,,,,"Monterrey, Nuevo León, Mexico",4825025950,,,,,,,,,Support Engineer,
EMP-3715FE7472E0,harper.carver3715,Harper Carver,,,,,,,,,,,USA,Sales,,harper.carver3715@example.invalid,2693904415,Carver,Harper,,,,"Austin, TX, USA",0891448944,,,,,,,,,Senior Account Executive,
EMP-FF7528FE87BB,tanner.whitakerff75,Tanner Whitaker,,,,,,,,,,,USA,Finance,,tanner.whitakerff75@example.invalid,5610758552,Whitaker,Tanner,,,,"Salt Lake City, UT, USA",0067001250,,,,,,,,,Financial Analyst,
EMP-BDAB33A709EB,amit.peretzbdab,Amit Peretz,,,,,,,,,,,Israel,Engineering,,amit.peretzbdab@example.invalid,6704867363,Peretz,Amit,,,,"Tel Aviv, Israel",9612623308,,,,,,,,,Senior Software Engineer,
EMP-882885FF1A03,sawyer.ellison8828,Sawyer Ellison,,,,,,,,,,,USA,Sales,,sawyer.ellison8828@example.invalid,8926203241,Ellison,Sawyer,,,,"Austin, TX, USA",0891448944,,,,,,,,,Senior Account Executive,
EMP-C51C69BC3D79,bruno.bautistac51c,Bruno Bautista,,,,,,,,,,,Mexico,Customer Success,,bruno.bautistac51c@example.invalid,2025870821,Bautista,Bruno,,,,"Mexico City, Mexico",1710814652,,,,,,,,,Technical Account Manager,
EMP-D1B7E9BE73AA,lottie.pembertond1b7,Lottie Pemberton,,,,,,,,,,,United Kingdom,Sales,,lottie.pembertond1b7@example.invalid,8858588287,Pemberton,Lottie,,,,"London, England, United Kingdom",7748760027,,,,,,,,,Sales Development Representative,
EMP-F9E1505ED1D1,tanvi.iyerf9e1,Tanvi Iyer,,,,,,,,,,,India,Customer Success,,tanvi.iyerf9e1@example.invalid,3381254673,Iyer,Tanvi,,,,"Pune, Maharashtra, India",4373359127,,,,,,,,,Support Engineer,
EMP-E47B3205900D,priya.naire47b,Priya Nair,,,,,,,,,,,India,Engineering,,priya.naire47b@example.invalid,2256038959,Nair,Priya,,,,"Pune, Maharashtra, India",6030538551,,,,,,,,,Software Engineer,
EMP-04C201624FEF,george.radcliffe04c2,George Radcliffe,,,,,,,,,,,United Kingdom,People,,george.radcliffe04c2@example.invalid,3393129925,Radcliffe,George,,,,"London, England, United Kingdom",7150696066,,,,,,,,,People Operations Specialist,
EMP-A6EE9F02C2F8,aubrey.sheltona6ee,Aubrey Shelton,,,,,,,,,,,USA,People,,aubrey.sheltona6ee@example.invalid,8962994245,Shelton,Aubrey,,,,"Austin, TX, USA",7848695280,,,,,,,,,HR Business Partner,
EMP-BB3F7E600797,shira.avrahambb3f,Shira Avraham,,,,,,,,,,,Israel,People,,shira.avrahambb3f@example.invalid,9534657400,Avraham,Shira,,,,"Tel Aviv, Israel",2329842297,,,,,,,,,HR Business Partner,
EMP-5129A8C8B976,dana.kirby5129,Dana Kirby,,,,,,,,,,,USA,Finance,,dana.kirby5129@example.invalid,1175752980,Kirby,Dana,,,,"Austin, TX, USA",0067001250,,,,,,,,,Financial Analyst,
EMP-E3E4B2F7859E,logan.kirbye3e4,Logan Kirby,,,,,,,,,,,USA,Engineering,,logan.kirbye3e4@example.invalid,7468115595,Kirby,Logan,,,,"Austin, TX, USA",8579368349,,,,,,,,,Senior Software Engineer,
EMP-56C36C527337,nolan.hollis56c3,Nolan Hollis,,,,,,,,,,,USA,Engineering,,nolan.hollis56c3@example.invalid,9096539009,Hollis,Nolan,,,,"Austin, TX, USA",8800603512,,,,,,,,,Software Engineer,
EMP-C5C0EFE57B8C,noa.katzc5c0,Noa Katz,,,,,,,,,,,Israel,Product,,noa.katzc5c0@example.invalid,9899575858,Katz,Noa,,,,"Tel Aviv, Israel",5977531353,,,,,,,,,Product Manager,
EMP-4D70DE83709A,gabriela.alvarado4d70,Gabriela Alvarado,,,,,,,,,,,Mexico,Customer Success,,gabriela.alvarado4d70@example.invalid,4423293501,Alvarado,Gabriela,,,,"Mexico City, Mexico",1862102718,,,,,,,,,Support Engineer,
EMP-4D352770B184,tanner.landry4d35,Tanner Landry,,,,,,,,,,,USA,Sales,,tanner.landry4d35@example.invalid,9654192089,Landry,Tanner,,,,"San Francisco, CA, USA",0891448944,,,,,,,,,Senior Account Executive,
EMP-1032986ABFFE,rodrigo.quintero1032,Rodrigo Quintero,,,,,,,,,,,Mexico,People,,rodrigo.quintero1032@example.invalid,7697471484,Quintero,Rodrigo,,,,"Mexico City, Mexico",2329842297,,,,,,,,,Recruiter,
EMP-B747E6BBB4B4,vikram.joshib747,Vikram Joshi,,,,,,,,,,,India,Engineering,,vikram.joshib747@example.invalid,6152241746,Joshi,Vikram,,,,"Pune, Maharashtra, India",0377561358,,,,,,,,,Senior Software Engineer,
EMP-01BE446214B3,sanya.nair01be,Sanya Nair,,,,,,,,,,,India,Product,,sanya.nair01be@example.invalid,7657723742,Nair,Sanya,,,,"Pune, Maharashtra, India",1561337976,,,,,,,,,Senior Product Manager,
EMP-790C8862593F,oscar.guzman790c,Óscar Guzmán,,,,,,,,,,,Mexico,Marketing,,oscar.guzman790c@example.invalid,4295346204,Guzmán,Óscar,,,,"Mexico City, Mexico",9262248049,,,,,,,,,Product Marketing Manager,
EMP-0C56DC481DB8,nikhil.shetty0c56,Nikhil Shetty,,,,,,,,,,,India,Engineering,,nikhil.shetty0c56@example.invalid,8746651276,Shetty,Nikhil,,,,"Pune, Maharashtra, India",7666260215,,,,,,,,,Senior Software Engineer,
EMP-D03658C6163B,aubrey.hollisd036,Aubrey Hollis,,,,,,,,,,,USA,Sales,,aubrey.hollisd036@example.invalid,6431150571,Hollis,Aubrey,,,,"Chicago, IL, USA",0891448944,,,,,,,,,Senior Account Executive,
EMP-5BAE982154B8,yonatan.tal5bae,Yonatan Tal,,,,,,,,,,,Israel,Sales,,yonatan.tal5bae@example.invalid,2321835492,Tal,Yonatan,,,,"Tel Aviv, Israel",0891448944,,,,,,,,,Senior Account Executive,
EMP-937D12A749B5,morgan.ellison937d,Morgan Ellison,,,,,,,,,,,USA,Engineering,,morgan.ellison937d@example.invalid,5369706224,Ellison,Morgan,,,,"Austin, TX, USA",2976662870,,,,,,,,,Quality Engineer,
EMP-A7BBA5AF0566,carter.fostera7bb,Carter Foster,,,,,,,,,,,USA,Customer Success,,carter.fostera7bb@example.invalid,6107327231,Foster,Carter,,,,"Chicago, IL, USA",0774203541,,,,,,,,,Customer Success Manager,
EMP-CDAC9EA3BEC0,ananya.reddycdac,Ananya Reddy,,,,,,,,,,,India,Engineering,,ananya.reddycdac@example.invalid,9886586667,Reddy,Ananya,,,,"Pune, Maharashtra, India",1805818302,,,,,,,,,Engineering Manager,
EMP-CF2354F1B4BD,rahul.kulkarnicf23,Rahul Kulkarni,,,,,,,,,,,India,Design,,rahul.kulkarnicf23@example.invalid,7132116111,Kulkarni,Rahul,,,,"Pune, Maharashtra, India",2488224667,,,,,,,,,Senior Product Designer,
EMP-8F9711D44EDD,riley.kirby8f97,Riley Kirby,,,,,,,,,,,USA,Engineering,,riley.kirby8f97@example.invalid,2460872594,Kirby,Riley,,,,"Washington, DC, USA",0159073081,,,,,,,,,Software Engineer,
EMP-5D8CC22D3217,quinn.ramsey5d8c,Quinn Ramsey,,,,,,,,,,,USA,Engineering,,quinn.ramsey5d8c@example.invalid,1636515794,Ramsey,Quinn,,,,"Portland, OR, USA",0159073081,,,,,,,,,Software Engineer,
EMP-5A08AC193B7D,bryn.ouellette5a08,Bryn Ouellette,,,,,,,,,,,Canada,Marketing,,bryn.ouellette5a08@example.invalid,7599432581,Ouellette,Bryn,,,,"Toronto, Ontario, Canada",8236406322,,,,,,,,,Demand Generation Manager,
EMP-827A3EDDC05F,sawyer.norton827a,Sawyer Norton,,,,,,,,,,,USA,People,,sawyer.norton827a@example.invalid,4225479026,Norton,Sawyer,,,,"Austin, TX, USA",4269232348,,,,,,,,,People Operations Specialist,
EMP-8685CEB48C26,isabela.mendoza8685,Isabela Mendoza,,,,,,,,,,,Mexico,Sales,,isabela.mendoza8685@example.invalid,7825642825,Mendoza,Isabela,,,,"Mexico City, Mexico",7518950386,,,,,,,,,Enterprise Account Executive,
EMP-6FABCC3F4EEF,tanner.hollis6fab,Tanner Hollis,,,,,,,,,,,USA,Customer Success,,tanner.hollis6fab@example.invalid,1506874582,Hollis,Tanner,,,,"Austin, TX, USA",3932728268,,,,,,,,,Support Engineer,
EMP-0AFEB69799BC,peyton.ashford0afe,Peyton Ashford,,,,,,,,,,,USA,Customer Success,,peyton.ashford0afe@example.invalid,6699343859,Ashford,Peyton,,,,"Austin, TX, USA",3932728268,,,,,,,,,Technical Account Manager,
EMP-7673E4DBE56E,sanya.verma7673,Sanya Verma,,,,,,,,,,,India,Product,,sanya.verma7673@example.invalid,1895403650,Verma,Sanya,,,,"Pune, Maharashtra, India",3783346509,,,,,,,,,Product Manager,
EMP-2906B65A5A4F,farhan.rao2906,Farhan Rao,,,,,,,,,,,India,Engineering,,farhan.rao2906@example.invalid,4593776046,Rao,Farhan,,,,"Pune, Maharashtra, India",9298282727,,,,,,,,,Principal Engineer,
EMP-105176040BD3,aubrey.whitaker1051,Aubrey Whitaker,,,,,,,,,,,USA,Engineering,,aubrey.whitaker1051@example.invalid,7470774005,Whitaker,Aubrey,,,,"Austin, TX, USA",8800603512,,,,,,,,,Senior Software Engineer,
EMP-EA34249FDC54,blake.sheltonea34,Blake Shelton,,,,,,,,,,,USA,Product,,blake.sheltonea34@example.invalid,2679029775,Shelton,Blake,,,,"Austin, TX, USA",2913310464,,,,,,,,,Senior Product Manager,
EMP-F6C6D5447ADF,aubrey.kirbyf6c6,Aubrey Kirby,,,,,,,,,,,Latvia,Customer Success,,aubrey.kirbyf6c6@example.invalid,8814968658,Kirby,Aubrey,,,,"Riga, Latvia",0774203541,,,,,,,,,Customer Success Manager,
EMP-C2B812833E8B,roni.avrahamc2b8,Roni Avraham,,,,,,,,,,,Israel,Marketing,,roni.avrahamc2b8@example.invalid,3972122736,Avraham,Roni,,,,"Tel Aviv, Israel",1059039744,,,,,,,,,Content Marketing Manager,
EMP-6AC10CC7D20C,avigail.barkai6ac1,Avigail Barkai,,,,,,,,,,,Israel,Finance,,avigail.barkai6ac1@example.invalid,0887581733,Barkai,Avigail,,,,"Tel Aviv, Israel",6694081308,,,,,,,,,Accountant,
EMP-AA4A16650D0C,sienna.radcliffeaa4a,Sienna Radcliffe,,,,,,,,,,,United Kingdom,Customer Success,,sienna.radcliffeaa4a@example.invalid,7990740183,Radcliffe,Sienna,,,,"London, England, United Kingdom",7096693014,,,,,,,,,Senior Customer Success Manager,
EMP-4C65E6C57236,rahul.nair4c65,Rahul Nair,,,,,,,,,,,India,IT,,rahul.nair4c65@example.invalid,5229448324,Nair,Rahul,,,,"Pune, Maharashtra, India",3824545051,,,,,,,,,Systems Administrator,
EMP-E4C2A33E28FD,riley.graysone4c2,Riley Grayson,,,,,,,,,,,USA,Sales,,riley.graysone4c2@example.invalid,3500421783,Grayson,Riley,,,,"Austin, TX, USA",0891448944,,,,,,,,,Senior Account Executive,
EMP-97366A97EA26,rhea.gokhale9736,Rhea Gokhale,,,,,,,,,,,India,People,,rhea.gokhale9736@example.invalid,9170512894,Gokhale,Rhea,,,,"Pune, Maharashtra, India",4251680745,,,,,,,,,People Operations Specialist,
EMP-7FC4C23C5C5F,neha.wagh7fc4,Neha Wagh,,,,,,,,,,,India,Engineering,,neha.wagh7fc4@example.invalid,2755738097,Wagh,Neha,,,,"Pune, Maharashtra, India",9298282727,,,,,,,,,Quality Engineer,
EMP-75B6FA9EF409,paola.lozano75b6,Paola Lozano,,,,,,,,,,,Mexico,Product,,paola.lozano75b6@example.invalid,8804934281,Lozano,Paola,,,,"Mexico City, Mexico",0280006242,,,,,,,,,Product Manager,
EMP-3B94BA99C025,kavya.nair3b94,Kavya Nair,,,,,,,,,,,India,Engineering,,kavya.nair3b94@example.invalid,4307339367,Nair,Kavya,,,,"Pune, Maharashtra, India",1805818302,,,,,,,,,Engineering Manager,
EMP-44B9F6524B2A,dana.ashford44b9,Dana Ashford,,,,,,,,,,,USA,Engineering,,dana.ashford44b9@example.invalid,8579368349,Ashford,Dana,,,,"Austin, TX, USA",2770923116,,,,,,,,,Engineering Manager,
EMP-06B2DDC0D61A,rhea.shetty06b2,Rhea Shetty,,,,,,,,,,,India,Engineering,,rhea.shetty06b2@example.invalid,0377561358,Shetty,Rhea,,,,"Pune, Maharashtra, India",1805818302,,,,,,,,,Engineering Manager,
EMP-650433E3647F,jordan.tate6504,Jordan Tate,,,,,,,,,,,Spain,Customer Success,,jordan.tate6504@example.invalid,9474225375,Tate,Jordan,,,,"Madrid, Spain",0774203541,,,,,,,,,Senior Customer Success Manager,
EMP-8CF1FA092E42,manish.rao8cf1,Manish Rao,,,,,,,,,,,India,Customer Success,,manish.rao8cf1@example.invalid,2034922748,Rao,Manish,,,,"Pune, Maharashtra, India",4373359127,,,,,,,,,Technical Account Manager,
EMP-C65D826011A2,manish.iyerc65d,Manish Iyer,,,,,,,,,,,India,Customer Success,,manish.iyerc65d@example.invalid,1468141875,Iyer,Manish,,,,"Pune, Maharashtra, India",4373359127,,,,,,,,,Support Engineer,
EMP-68E601A5C703,riley.jennings68e6,Riley Jennings,,,,,,,,,,,USA,Finance,,riley.jennings68e6@example.invalid,6108093406,Jennings,Riley,,,,"Austin, TX, USA",0067001250,,,,,,,,,Senior Financial Analyst,
EMP-FE9D73841908,jordan.bennettfe9d,Jordan Bennett,,,,,,,,,,,USA,Sales,,jordan.bennettfe9d@example.invalid,8170152623,Bennett,Jordan,,,,"Austin, TX, USA",0891448944,,,,,,,,,Account Executive,
EMP-6AE4F5A5946F,roni.shani6ae4,Roni Shani,,,,,,,,,,,Israel,Engineering,,roni.shani6ae4@example.invalid,4219114177,Shani,Roni,,,,"Tel Aviv, Israel",5501515626,,,,,,,,,Software Engineer,
EMP-78FE9D8B7E51,riley.bennett78fe,Riley Bennett,,,,,,,,,,,USA,Sales,,riley.bennett78fe@example.invalid,1081154130,Bennett,Riley,,,,"Atlanta, GA, USA",0891448944,,,,,,,,,Regional Sales Director,
EMP-95B5B82C5E69,logan.landry95b5,Logan Landry,,,,,,,,,,,USA,Engineering,,logan.landry95b5@example.invalid,3137966976,Landry,Logan,,,,"Austin, TX, USA",0159073081,,,,,,,,,Director of Engineering,
EMP-DB28296CD457,reese.kirbydb28,Reese Kirby,,,,,,,,,,,USA,Product,,reese.kirbydb28@example.invalid,0770358189,Kirby,Reese,,,,"Denver, CO, USA",0280006242,,,,,,,,,Principal Product Manager,
EMP-827AE1D3E09E,jordan.foster827a,Jordan Foster,,,,,,,,,,,Portugal,Marketing,,jordan.foster827a@example.invalid,2212138999,Foster,Jordan,,,,"Lisbon, Portugal",1059039744,,,,,,,,,Demand Generation Manager,
EMP-EE65702110F5,bryn.whitfieldee65,Bryn Whitfield,,,,,,,,,,,Canada,Sales,,bryn.whitfieldee65@example.invalid,0995356758,Whitfield,Bryn,,,,"Toronto, Ontario, Canada",0891448944,,,,,,,,,Senior Account Executive,
EMP-1EB366225041,isabela.nava1eb3,Isabela Nava,,,,,,,,,,,Mexico,Sales,,isabela.nava1eb3@example.invalid,9530444629,Nava,Isabela,,,,"Mexico City, Mexico",0891448944,,,,,,,,,Regional Sales Director,
EMP-60C3D0AD3C3B,elliot.hollis60c3,Elliot Hollis,,,,,,,,,,,USA,Product,,elliot.hollis60c3@example.invalid,0558105825,Hollis,Elliot,,,,"Washington, DC, USA",0280006242,,,,,,,,,Senior Product Manager,
EMP-72E868685AEA,ryo.sakurai72e8,Ryo Sakurai,,,,,,,,,,,Japan,Marketing,,ryo.sakurai72e8@example.invalid,2331893662,Sakurai,Ryo,,,,"Tokyo, Japan",1059039744,,,,,,,,,Marketing Specialist,
EMP-AFBA942647E5,alejandra.quinteroafba,Alejandra Quintero,,,,,,,,,,,Mexico,Customer Success,,alejandra.quinteroafba@example.invalid,4441474236,Quintero,Alejandra,,,,"Mexico City, Mexico",1710814652,,,,,,,,,Support Engineer,
EMP-8323CB85769A,neha.nair8323,Neha Nair,,,,,,,,,,,India,Finance,,neha.nair8323@example.invalid,7234379105,Nair,Neha,,,,"Pune, Maharashtra, India",8806961831,,,,,,,,,Financial Analyst,
EMP-2E4E808AA826,javier.ocampo2e4e,Javier Ocampo,,,,,,,,,,,Mexico,Customer Success,,javier.ocampo2e4e@example.invalid,6943030488,Ocampo,Javier,,,,"Mexico City, Mexico",1862102718,,,,,,,,,Customer Success Manager,
EMP-23AADA7B3525,priya.deshmukh23aa,Priya Deshmukh,,,,,,,,,,,India,Engineering,,priya.deshmukh23aa@example.invalid,0075779359,Deshmukh,Priya,,,,"Pune, Maharashtra, India",1060967885,,,,,,,,,Site Reliability Engineer,
EMP-08491B238B50,noemie.quesnel0849,Noémie Quesnel,,,,,,,,,,,France,Engineering,,noemie.quesnel0849@example.invalid,5078412691,Quesnel,Noémie,,,,"Paris, France",0159073081,,,,,,,,,Engineering Manager,
EMP-3D8AF1D7D33B,aubrey.norton3d8a,Aubrey Norton,,,,,,,,,,,USA,Sales,,aubrey.norton3d8a@example.invalid,2363812143,Norton,Aubrey,,,,"Austin, TX, USA",0891448944,,,,,,,,,Sales Development Representative,
EMP-07839866DBA8,ishaan.wagh0783,Ishaan Wagh,,,,,,,,,,,India,Engineering,,ishaan.wagh0783@example.invalid,7753939337,Wagh,Ishaan,,,,"Pune, Maharashtra, India",0444119676,,,,,,,,,Senior Software Engineer,
EMP-9FB4BFACE53E,leo.hebert9fb4,Léo Hébert,,,,,,,,,,,Canada,Finance,,leo.hebert9fb4@example.invalid,7139810315,Hébert,Léo,,,,"Calgary, Alberta, Canada",0067001250,,,,,,,,,Senior Financial Analyst,
EMP-4789CA7AF683,ananya.deshmukh4789,Ananya Deshmukh,,,,,,,,,,,India,Engineering,,ananya.deshmukh4789@example.invalid,7972865187,Deshmukh,Ananya,,,,"Pune, Maharashtra, India",2620402485,,,,,,,,,Staff Software Engineer,
EMP-8043E2DF2E78,lucia.nava8043,Lucía Nava,,,,,,,,,,,Mexico,Sales,,lucia.nava8043@example.invalid,8479612727,Nava,Lucía,,,,"Santiago de Querétaro, Querétaro, Mexico",0891448944,,,,,,,,,Account Executive,
EMP-BF6186B3BAF7,natalia.mendozabf61,Natalia Mendoza,,,,,,,,,,,Mexico,Finance,,natalia.mendozabf61@example.invalid,0479212135,Mendoza,Natalia,,,,"Mexico City, Mexico",7952165368,,,,,,,,,Revenue Operations Analyst,
EMP-B6F6F3794540,rohan.sharmab6f6,Rohan Sharma,,,,,,,,,,,India,Engineering,,rohan.sharmab6f6@example.invalid,1352168629,Sharma,Rohan,,,,"Pune, Maharashtra, India",1060967885,,,,,,,,,Software Engineer,
EMP-4C192CAAFD54,gabriela.pena4c19,Gabriela Peña,,,,,,,,,,,Mexico,IT,,gabriela.pena4c19@example.invalid,4206495030,Peña,Gabriela,,,,"Mexico City, Mexico",9329022060,,,,,,,,,Identity Engineer,
EMP-F9D96B4B6279,haruto.hasegawaf9d9,Haruto Hasegawa,,,,,,,,,,,Japan,Customer Success,,haruto.hasegawaf9d9@example.invalid,6909144988,Hasegawa,Haruto,,,,"Tokyo, Japan",0774203541,,,,,,,,,Support Engineer,
EMP-2994CD324EEE,lucia.jimenez2994,Lucía Jiménez,,,,,,,,,,,Mexico,Product,,lucia.jimenez2994@example.invalid,8064566241,Jiménez,Lucía,,,,"Mexico City, Mexico",0280006242,,,,,,,,,Senior Product Manager,
EMP-A17C8D6685FE,cameron.hollisa17c,Cameron Hollis,,,,,,,,,,,USA,People,,cameron.hollisa17c@example.invalid,8692769040,Hollis,Cameron,,,,"Austin, TX, USA",7848695280,,,,,,,,,People Operations Specialist,
EMP-2298550C06BB,peyton.carver2298,Peyton Carver,,,,,,,,,,,USA,Marketing,,peyton.carver2298@example.invalid,3890513560,Carver,Peyton,,,,"Austin, TX, USA",1059039744,,,,,,,,,Content Marketing Manager,
EMP-9D991E5DD773,dana.whitaker9d99,Dana Whitaker,,,,,,,,,,,USA,Marketing,,dana.whitaker9d99@example.invalid,3786872069,Whitaker,Dana,,,,"Austin, TX, USA",1059039744,,,,,,,,,Content Marketing Manager,
EMP-2631EEAAD867,jordan.dawson2631,Jordan Dawson,,,,,,,,,,,Germany,Product,,jordan.dawson2631@example.invalid,4842598619,Dawson,Jordan,,,,"Bonn, North Rhine-Westphalia, Germany",0280006242,,,,,,,,,Senior Product Manager,
EMP-86F3C792E7CD,aarav.iyer86f3,Aarav Iyer,,,,,,,,,,,India,Engineering,,aarav.iyer86f3@example.invalid,4191161724,Iyer,Aarav,,,,"Pune, Maharashtra, India",1805818302,,,,,,,,,Engineering Manager,
EMP-75AD1AD19209,quinn.dawson75ad,Quinn Dawson,,,,,,,,,,,USA,Product,,quinn.dawson75ad@example.invalid,0809069364,Dawson,Quinn,,,,"Austin, TX, USA",2913310464,,,,,,,,,Senior Product Manager,
EMP-4C4120564BF8,paola.lozano4c41,Paola Lozano,,,,,,,,,,,Mexico,People,,paola.lozano4c41@example.invalid,5382540132,Lozano,Paola,,,,"Mexico City, Mexico",2329842297,,,,,,,,,Recruiter,
EMP-3288E88F3962,manish.sharma3288,Manish Sharma,,,,,,,,,,,India,Engineering,,manish.sharma3288@example.invalid,0569793607,Sharma,Manish,,,,"Pune, Maharashtra, India",5157274529,,,,,,,,,Senior Software Engineer,
EMP-F51485DEEF0A,archie.stanmoref514,Archie Stanmore,,,,,,,,,,,Australia,People,,archie.stanmoref514@example.invalid,1366222045,Stanmore,Archie,,,,"Sydney, New South Wales, Australia",2329842297,,,,,,,,,People Operations Specialist,
EMP-EB75745305FA,celine.marchandeb75,Céline Marchand,,,,,,,,,,,France,Sales,,celine.marchandeb75@example.invalid,1119653995,Marchand,Céline,,,,"Paris, France",0891448944,,,,,,,,,Sales Development Representative,
EMP-7AF73A3953D6,camille.kirkland7af7,Camille Kirkland,,,,,,,,,,,Canada,Engineering,,camille.kirkland7af7@example.invalid,9768869426,Kirkland,Camille,,,,"Toronto, Ontario, Canada",0159073081,,,,,,,,,Senior Software Engineer,
EMP-83EFB749A6DD,tamar.tal83ef,Tamar Tal,,,,,,,,,,,Israel,Engineering,,tamar.tal83ef@example.invalid,5362447265,Tal,Tamar,,,,"Tel Aviv, Israel",8991844032,,,,,,,,,Software Engineer,
EMP-35885366A5A1,reese.hollis3588,Reese Hollis,,,,,,,,,,,USA,Finance,,reese.hollis3588@example.invalid,1173429760,Hollis,Reese,,,,"Austin, TX, USA",0067001250,,,,,,,,,Financial Analyst,
EMP-B6F96A5589BD,vikram.reddyb6f9,Vikram Reddy,,,,,,,,,,,India,Engineering,,vikram.reddyb6f9@example.invalid,9719519383,Reddy,Vikram,,,,"Pune, Maharashtra, India",9298282727,,,,,,,,,Software Engineer,
EMP-BE32028522C4,kelsey.piercebe32,Kelsey Pierce,,,,,,,,,,,USA,Product,,kelsey.piercebe32@example.invalid,6879035078,Pierce,Kelsey,,,,"Austin, TX, USA",4485408201,,,,,,,,,Senior Product Manager,
EMP-D9F8BB484FA6,cameron.bennettd9f8,Cameron Bennett,,,,,,,,,,,USA,Sales,,cameron.bennettd9f8@example.invalid,9702966412,Bennett,Cameron,,,,"Austin, TX, USA",0891448944,,,,,,,,,Senior Account Executive,
EMP-EC4B66073D8C,noa.dahanec4b,Noa Dahan,,,,,,,,,,,Israel,Engineering,,noa.dahanec4b@example.invalid,7487687806,Dahan,Noa,,,,"Tel Aviv, Israel",9346450824,,,,,,,,,Site Reliability Engineer,
EMP-33A44D7BB7E4,skyler.ashford33a4,Skyler Ashford,,,,,,,,,,,USA,People,,skyler.ashford33a4@example.invalid,5876420587,Ashford,Skyler,,,,"Austin, TX, USA",2473487213,,,,,,,,,People Operations Specialist,
EMP-729B1B7B7141,nikhil.nair729b,Nikhil Nair,,,,,,,,,,,India,Engineering,,nikhil.nair729b@example.invalid,8709009773,Nair,Nikhil,,,,"Pune, Maharashtra, India",6854525371,,,,,,,,,Staff Software Engineer,
EMP-23D60980DBFF,elliot.shelton23d6,Elliot Shelton,,,,,,,,,,,USA,Engineering,,elliot.shelton23d6@example.invalid,5394968573,Shelton,Elliot,,,,"Dallas, TX, USA",7539781675,,,,,,,,,Senior Software Engineer,
EMP-4BDA98CCE028,gabriela.guzman4bda,Gabriela Guzmán,,,,,,,,,,,Mexico,Customer Success,,gabriela.guzman4bda@example.invalid,3469024764,Guzmán,Gabriela,,,,"Mexico City, Mexico",1710814652,,,,,,,,,Customer Success Manager,
EMP-C0D7C5FCD114,theo.whitfieldc0d7,Théo Whitfield,,,,,,,,,,,Canada,Engineering,,theo.whitfieldc0d7@example.invalid,4905172978,Whitfield,Théo,,,,"Vancouver, British Columbia, Canada",8641416372,,,,,,,,,Site Reliability Engineer,
EMP-90D67CD29352,aarav.sharma90d6,Aarav Sharma,,,,,,,,,,,India,Engineering,,aarav.sharma90d6@example.invalid,0334311758,Sharma,Aarav,,,,"Pune, Maharashtra, India",2620402485,,,,,,,,,Site Reliability Engineer,
EMP-92773759FAB5,lior.avraham9277,Lior Avraham,,,,,,,,,,,Israel,Sales,,lior.avraham9277@example.invalid,1363878346,Avraham,Lior,,,,"Tel Aviv, Israel",0891448944,,,,,,,,,Senior Account Executive,
EMP-4954CCAFD561,callum.waverley4954,Callum Waverley,,,,,,,,,,,United Kingdom,Customer Success,,callum.waverley4954@example.invalid,8383740004,Waverley,Callum,,,,"London, England, United Kingdom",1594822528,,,,,,,,,Senior Customer Success Manager,
EMP-7F6A575F7380,avery.jennings7f6a,Avery Jennings,,,,,,,,,,,USA,Engineering,,avery.jennings7f6a@example.invalid,7819499760,Jennings,Avery,,,,"Salt Lake City, UT, USA",6026568383,,,,,,,,,Software Engineer,
EMP-43EC97966FD8,hadar.shani43ec,Hadar Shani,,,,,,,,,,,Israel,Engineering,,hadar.shani43ec@example.invalid,7422240224,Shani,Hadar,,,,"Tel Aviv, Israel",8991844032,,,,,,,,,Senior Software Engineer,
EMP-719E242E7BAC,quinn.norton719e,Quinn Norton,,,,,,,,,,,USA,Product,,quinn.norton719e@example.invalid,4668141614,Norton,Quinn,,,,"Austin, TX, USA",4485408201,,,,,,,,,Product Manager,
EMP-F881A8E40E27,peyton.landryf881,Peyton Landry,,,,,,,,,,,USA,Customer Success,,peyton.landryf881@example.invalid,0845289759,Landry,Peyton,,,,"Austin, TX, USA",2668820698,,,,,,,,,Customer Success Manager,
EMP-879CE4259F01,beatrice.blackwood879c,Beatrice Blackwood,,,,,,,,,,,United Kingdom,Product,,beatrice.blackwood879c@example.invalid,1719728290,Blackwood,Beatrice,,,,"London, England, United Kingdom",0280006242,,,,,,,,,Senior Product Manager,
EMP-F090E7B369F9,devika.reddyf090,Devika Reddy,,,,,,,,,,,India,Marketing,,devika.reddyf090@example.invalid,3512166651,Reddy,Devika,,,,"Pune, Maharashtra, India",1899078610,,,,,,,,,Product Marketing Manager,
EMP-F57A34AFF80B,callum.radcliffef57a,Callum Radcliffe,,,,,,,,,,,United Kingdom,Sales,,callum.radcliffef57a@example.invalid,6836486973,Radcliffe,Callum,,,,"London, England, United Kingdom",7748760027,,,,,,,,,Senior Account Executive,
EMP-FD8E058F8CFC,quinn.dawsonfd8e,Quinn Dawson,,,,,,,,,,,USA,Product,,quinn.dawsonfd8e@example.invalid,2392468862,Dawson,Quinn,,,,"Austin, TX, USA",2913310464,,,,,,,,,Principal Product Manager,
EMP-99999BBCE102,mateo.jimenez9999,Mateo Jiménez,,,,,,,,,,,Mexico,Engineering,,mateo.jimenez9999@example.invalid,4770904172,Jiménez,Mateo,,,,"Mexico City, Mexico",7104724007,,,,,,,,,Site Reliability Engineer,
EMP-C541BF06D920,aubrey.jenningsc541,Aubrey Jennings,,,,,,,,,,,USA,Sales,,aubrey.jenningsc541@example.invalid,5091484925,Jennings,Aubrey,,,,"Austin, TX, USA",0891448944,,,,,,,,,Senior Account Executive,
EMP-576F0B16FCF9,miles.lockhart576f,Miles Lockhart,,,,,,,,,,,United Kingdom,Marketing,,miles.lockhart576f@example.invalid,7076000707,Lockhart,Miles,,,,"London, England, United Kingdom",7407765637,,,,,,,,,Product Marketing Manager,
EMP-C61DF2946632,quinn.fosterc61d,Quinn Foster,,,,,,,,,,,USA,Engineering,,quinn.fosterc61d@example.invalid,3017976396,Foster,Quinn,,,,"San Francisco, CA, USA",0159073081,,,,,,,,,Software Engineer,
EMP-CB2A653982FE,paola.escobarcb2a,Paola Escobar,,,,,,,,,,,Mexico,Customer Success,,paola.escobarcb2a@example.invalid,6406481960,Escobar,Paola,,,,"Mexico City, Mexico",1862102718,,,,,,,,,Customer Success Manager,
EMP-20BC3C7B183A,darcy.quinlan20bc,Darcy Quinlan,,,,,,,,,,,Australia,Sales,,darcy.quinlan20bc@example.invalid,4220397127,Quinlan,Darcy,,,,"Sydney, New South Wales, Australia",5512754459,,,,,,,,,Account Executive,
EMP-F8C14357E33C,aubrey.piercef8c1,Aubrey Pierce,,,,,,,,,,,USA,Engineering,,aubrey.piercef8c1@example.invalid,6664887985,Pierce,Aubrey,,,,"Seattle, WA, USA",0159073081,,,,,,,,,Software Engineer,
EMP-3290F61C2E33,diego.ocampo3290,Diego Ocampo,,,,,,,,,,,Mexico,Sales,,diego.ocampo3290@example.invalid,9437359527,Ocampo,Diego,,,,"Mexico City, Mexico",7518950386,,,,,,,,,Account Executive,
EMP-B9115971D208,kavya.bhattb911,Kavya Bhatt,,,,,,,,,,,India,Engineering,,kavya.bhattb911@example.invalid,7010711100,Bhatt,Kavya,,,,"Pune, Maharashtra, India",5157274529,,,,,,,,,Principal Engineer,
EMP-8B14B9708A09,ananya.rao8b14,Ananya Rao,,,,,,,,,,,India,Product,,ananya.rao8b14@example.invalid,3809526449,Rao,Ananya,,,,"Pune, Maharashtra, India",1148360592,,,,,,,,,Technical Program Manager,
EMP-00AF13B722DC,reese.tate00af,Reese Tate,,,,,,,,,,,USA,Engineering,,reese.tate00af@example.invalid,8209186244,Tate,Reese,,,,"Denver, CO, USA",0159073081,,,,,,,,,Software Engineer,
EMP-348BF87CAB75,aarav.joshi348b,Aarav Joshi,,,,,,,,,,,India,Engineering,,aarav.joshi348b@example.invalid,6071287170,Joshi,Aarav,,,,"Pune, Maharashtra, India",9760197091,,,,,,,,,Principal Engineer,
EMP-77926EB49764,devika.mehta7792,Devika Mehta,,,,,,,,,,,India,Engineering,,devika.mehta7792@example.invalid,9026281416,Mehta,Devika,,,,"Pune, Maharashtra, India",1060967885,,,,,,,,,Senior Software Engineer,
EMP-5A7B9770E3FD,sawyer.hollis5a7b,Sawyer Hollis,,,,,,,,,,,Germany,Sales,,sawyer.hollis5a7b@example.invalid,6666106657,Hollis,Sawyer,,,,"Frankfurt am Main, Hesse, Germany",0891448944,,,,,,,,,Account Executive,
EMP-883179A99EAD,lars.dekker8831,Lars Dekker,,,,,,,,,,,Netherlands,Product,,lars.dekker8831@example.invalid,2435605245,Dekker,Lars,,,,"Amsterdam, Netherlands",0280006242,,,,,,,,,Product Manager,
EMP-0487BCED2260,shira.katz0487,Shira Katz,,,,,,,,,,,Israel,Sales,,shira.katz0487@example.invalid,4677699751,Katz,Shira,,,,"Tel Aviv, Israel",0891448944,,,,,,,,,Account Executive,
EMP-920CA1DE7D62,fernando.escobar920c,Fernando Escobar,,,,,,,,,,,Mexico,Engineering,,fernando.escobar920c@example.invalid,6216442163,Escobar,Fernando,,,,"Mexico City, Mexico",0159073081,,,,,,,,,Director of Engineering,
EMP-035D6F0AB405,aarav.sharma035d,Aarav Sharma,,,,,,,,,,,India,Product,,aarav.sharma035d@example.invalid,6708498501,Sharma,Aarav,,,,"Pune, Maharashtra, India",3783346509,,,,,,,,,Product Manager,
EMP-F77F493744AB,dana.vaughnf77f,Dana Vaughn,,,,,,,,,,,USA,Product,,dana.vaughnf77f@example.invalid,1134584668,Vaughn,Dana,,,,"Miami, FL, USA",0280006242,,,,,,,,,Senior Product Manager,
EMP-60EF73B40CCA,reese.ellison60ef,Reese Ellison,,,,,,,,,,,USA,Sales,,reese.ellison60ef@example.invalid,4220826868,Ellison,Reese,,,,"Austin, TX, USA",0891448944,,,,,,,,,Account Executive,
EMP-5AC6E203F2DF,nikhil.wagh5ac6,Nikhil Wagh,,,,,,,,,,,India,Engineering,,nikhil.wagh5ac6@example.invalid,5389725768,Wagh,Nikhil,,,,"Pune, Maharashtra, India",5157274529,,,,,,,,,Software Engineer,
EMP-1E434B0FB650,oscar.escobar1e43,Óscar Escobar,,,,,,,,,,,Mexico,IT,,oscar.escobar1e43@example.invalid,5432762089,Escobar,Óscar,,,,"Mexico City, Mexico",9329022060,,,,,,,,,Systems Administrator,
EMP-29829F3D53DB,elliot.jennings2982,Elliot Jennings,,,,,,,,,,,USA,Engineering,,elliot.jennings2982@example.invalid,8276176738,Jennings,Elliot,,,,"Austin, TX, USA",2976662870,,,,,,,,,Site Reliability Engineer,
EMP-F151EC53524C,remi.fontainef151,Rémi Fontaine,,,,,,,,,,,France,Marketing,,remi.fontainef151@example.invalid,8861369838,Fontaine,Rémi,,,,"Paris, France",1059039744,,,,,,,,,Marketing Specialist,
EMP-79CB3531FC2E,jordan.tate79cb,Jordan Tate,,,,,,,,,,,USA,Engineering,,jordan.tate79cb@example.invalid,7662110934,Tate,Jordan,,,,"Austin, TX, USA",8881303837,,,,,,,,,Software Engineer,
EMP-D038AE375B6D,elodie.perrind038,Élodie Perrin,,,,,,,,,,,France,Customer Success,,elodie.perrind038@example.invalid,1365167674,Perrin,Élodie,,,,"Paris, France",0774203541,,,,,,,,,Technical Account Manager,
EMP-DE7D4A98966D,nell.ashworthde7d,Nell Ashworth,,,,,,,,,,,United Kingdom,Customer Success,,nell.ashworthde7d@example.invalid,7728044203,Ashworth,Nell,,,,"London, England, United Kingdom",1594822528,,,,,,,,,Customer Success Manager,
EMP-4BC38E36A2A4,tanvi.iyer4bc3,Tanvi Iyer,,,,,,,,,,,India,Product,,tanvi.iyer4bc3@example.invalid,8611222313,Iyer,Tanvi,,,,"Pune, Maharashtra, India",3783346509,,,,,,,,,Principal Product Manager,
EMP-FBA950AE756D,nolan.bennettfba9,Nolan Bennett,,,,,,,,,,,USA,Customer Success,,nolan.bennettfba9@example.invalid,4808623175,Bennett,Nolan,,,,"Austin, TX, USA",3932728268,,,,,,,,,Support Engineer,
EMP-F39494D0AC9E,carter.dawsonf394,Carter Dawson,,,,,,,,,,,South Korea,Marketing,,carter.dawsonf394@example.invalid,1739845476,Dawson,Carter,,,,"Seoul, South Korea",1059039744,,,,,,,,,Marketing Specialist,
EMP-3E9B1DB36368,aubrey.hollis3e9b,Aubrey Hollis,,,,,,,,,,,USA,Sales,,aubrey.hollis3e9b@example.invalid,8045831508,Hollis,Aubrey,,,,"Austin, TX, USA",0891448944,,,,,,,,,Solutions Engineer,
EMP-368C105C31FC,rupert.northcott368c,Rupert Northcott,,,,,,,,,,,United Kingdom,Customer Success,,rupert.northcott368c@example.invalid,2949299192,Northcott,Rupert,,,,"London, England, United Kingdom",3151268880,,,,,,,,,Customer Success Manager,
EMP-19AEB9D398D5,peyton.norton19ae,Peyton Norton,,,,,,,,,,,USA,Engineering,,peyton.norton19ae@example.invalid,5349234786,Norton,Peyton,,,,"Austin, TX, USA",2819520465,,,,,,,,,Principal Engineer,
EMP-E2DB1EBDC9F4,logan.bennette2db,Logan Bennett,,,,,,,,,,,USA,Engineering,,logan.bennette2db@example.invalid,2957241225,Bennett,Logan,,,,"San Francisco, CA, USA",0159073081,,,,,,,,,Senior Software Engineer,
EMP-7B4E25C13FFF,daisy.cartwright7b4e,Daisy Cartwright,,,,,,,,,,,United Kingdom,Product,,daisy.cartwright7b4e@example.invalid,6781218631,Cartwright,Daisy,,,,"London, England, United Kingdom",0280006242,,,,,,,,,Senior Product Manager,
EMP-007BCB069BE5,hector.bautista007b,Héctor Bautista,,,,,,,,,,,Mexico,Customer Success,,hector.bautista007b@example.invalid,1381165415,Bautista,Héctor,,,,"Tijuana, Baja California, Mexico",0774203541,,,,,,,,,Customer Success Manager,
EMP-961D2BD893A3,reese.carver961d,Reese Carver,,,,,,,,,,,Germany,Sales,,reese.carver961d@example.invalid,9203666623,Carver,Reese,,,,"Köln, North Rhine-Westphalia, Germany",0891448944,,,,,,,,,Account Executive,
EMP-16BF78A3147C,takumi.yoshinaga16bf,Takumi Yoshinaga,,,,,,,,,,,Japan,Finance,,takumi.yoshinaga16bf@example.invalid,1204827962,Yoshinaga,Takumi,,,,"Tokyo, Japan",0067001250,,,,,,,,,Senior Financial Analyst,
EMP-F779F5FD5BD9,farhan.iyerf779,Farhan Iyer,,,,,,,,,,,India,Engineering,,farhan.iyerf779@example.invalid,8066673625,Iyer,Farhan,,,,"Pune, Maharashtra, India",3920829373,,,,,,,,,Software Engineer,
EMP-DB82AA3BC933,tanner.landrydb82,Tanner Landry,,,,,,,,,,,USA,Marketing,,tanner.landrydb82@example.invalid,5033986802,Landry,Tanner,,,,"Austin, TX, USA",1059039744,,,,,,,,,Product Marketing Manager,
EMP-BE2002D28841,jasper.pembertonbe20,Jasper Pemberton,,,,,,,,,,,United Kingdom,Legal,,jasper.pembertonbe20@example.invalid,9713404928,Pemberton,Jasper,,,,"London, England, United Kingdom",5358307679,,,,,,,,,Paralegal,
EMP-9A03FE8B3D37,nikhil.kulkarni9a03,Nikhil Kulkarni,,,,,,,,,,,India,Sales,,nikhil.kulkarni9a03@example.invalid,0752010623,Kulkarni,Nikhil,,,,"Pune, Maharashtra, India",7693206320,,,,,,,,,Senior Account Executive,
EMP-2F508540E736,kelsey.bennett2f50,Kelsey Bennett,,,,,,,,,,,USA,Engineering,,kelsey.bennett2f50@example.invalid,1722949583,Bennett,Kelsey,,,,"Seattle, WA, USA",0159073081,,,,,,,,,Senior Software Engineer,
EMP-B27A5B35D955,hugo.hamelb27a,Hugo Hamel,,,,,,,,,,,France,Sales,,hugo.hamelb27a@example.invalid,2747534340,Hamel,Hugo,,,,"Paris, France",0891448944,,,,,,,,,Account Executive,
EMP-BDDF4A84D7A2,hector.guzmanbddf,Héctor Guzmán,,,,,,,,,,,Mexico,Customer Success,,hector.guzmanbddf@example.invalid,7388753897,Guzmán,Héctor,,,,"Santiago de Querétaro, Querétaro, Mexico",0774203541,,,,,,,,,Director of Customer Success,
EMP-CAA78BADDBCF,poppy.thornburycaa7,Poppy Thornbury,,,,,,,,,,,United Kingdom,Product,,poppy.thornburycaa7@example.invalid,5605555709,Thornbury,Poppy,,,,"London, England, United Kingdom",0280006242,,,,,,,,,Technical Program Manager,
EMP-A7AAF8D53A97,imogen.halliwella7aa,Imogen Halliwell,,,,,,,,,,,United Kingdom,Sales,,imogen.halliwella7aa@example.invalid,5069477370,Halliwell,Imogen,,,,"London, England, United Kingdom",7748760027,,,,,,,,,Account Executive,
EMP-019B0F9CD100,harper.norton019b,Harper Norton,,,,,,,,,,,USA,Sales,,harper.norton019b@example.invalid,1623889140,Norton,Harper,,,,"Austin, TX, USA",0891448944,,,,,,,,,Senior Account Executive,
EMP-06B871181C09,priya.iyer06b8,Priya Iyer,,,,,,,,,,,India,Finance,,priya.iyer06b8@example.invalid,8305844579,Iyer,Priya,,,,"Pune, Maharashtra, India",8806961831,,,,,,,,,Financial Analyst,
EMP-ECDBCB7BBE63,isabela.quinteroecdb,Isabela Quintero,,,,,,,,,,,Mexico,Product,,isabela.quinteroecdb@example.invalid,5186248621,Quintero,Isabela,,,,"Mexico City, Mexico",0280006242,,,,,,,,,Senior Product Manager,
EMP-D3BFCCB6BB55,rhea.bhattd3bf,Rhea Bhatt,,,,,,,,,,,India,Engineering,,rhea.bhattd3bf@example.invalid,7753555070,Bhatt,Rhea,,,,"Pune, Maharashtra, India",0377561358,,,,,,,,,Software Engineer,
EMP-378978F5A644,riley.vaughn3789,Riley Vaughn,,,,,,,,,,,USA,Engineering,,riley.vaughn3789@example.invalid,0347199792,Vaughn,Riley,,,,"Austin, TX, USA",2277742130,,,,,,,,,Site Reliability Engineer,
EMP-F0C7352BD8F1,ishaan.patilf0c7,Ishaan Patil,,,,,,,,,,,India,Engineering,,ishaan.patilf0c7@example.invalid,1907725671,Patil,Ishaan,,,,"Pune, Maharashtra, India",4191161724,,,,,,,,,Site Reliability Engineer,
EMP-23968B74D127,roni.tal2396,Roni Tal,,,,,,,,,,,Israel,Engineering,,roni.tal2396@example.invalid,1675567641,Tal,Roni,,,,"Tel Aviv, Israel",0500143343,,,,,,,,,Senior Software Engineer,
EMP-01CF51786D50,manish.gokhale01cf,Manish Gokhale,,,,,,,,,,,India,Design,,manish.gokhale01cf@example.invalid,1888978055,Gokhale,Manish,,,,"Pune, Maharashtra, India",2488224667,,,,,,,,,Product Designer,
EMP-8B1D48D3F102,shira.ophir8b1d,Shira Ophir,,,,,,,,,,,Israel,Finance,,shira.ophir8b1d@example.invalid,0715363917,Ophir,Shira,,,,"Tel Aviv, Israel",6694081308,,,,,,,,,Financial Analyst,
EMP-2FA58E7932D1,riley.foster2fa5,Riley Foster,,,,,,,,,,,USA,Sales,,riley.foster2fa5@example.invalid,2134632752,Foster,Riley,,,,"San Diego, CA, USA",0891448944,,,,,,,,,Account Executive,
EMP-9814448AFBE1,elliot.grayson9814,Elliot Grayson,,,,,,,,,,,USA,Marketing,,elliot.grayson9814@example.invalid,7021292676,Grayson,Elliot,,,,"Austin, TX, USA",1059039744,,,,,,,,,Content Marketing Manager,
EMP-E17C60F1069A,miles.cartwrighte17c,Miles Cartwright,,,,,,,,,,,United Kingdom,Engineering,,miles.cartwrighte17c@example.invalid,3960083090,Cartwright,Miles,,,,"London, England, United Kingdom",5137228435,,,,,,,,,Software Engineer,
EMP-97BA7D98FA7E,emi.yamashita97ba,Emi Yamashita,,,,,,,,,,,Japan,Sales,,emi.yamashita97ba@example.invalid,1386401325,Yamashita,Emi,,,,"Tokyo, Japan",0891448944,,,,,,,,,Senior Account Executive,
EMP-C890E80573F3,desmond.ouellettec890,Desmond Ouellette,,,,,,,,,,,Canada,Customer Success,,desmond.ouellettec890@example.invalid,4349723346,Ouellette,Desmond,,,,"Toronto, Ontario, Canada",3809158307,,,,,,,,,Senior Support Engineer,
EMP-367AA44A8948,hina.kawaguchi367a,Hina Kawaguchi,,,,,,,,,,,Japan,Sales,,hina.kawaguchi367a@example.invalid,5244575818,Kawaguchi,Hina,,,,"Tokyo, Japan",0891448944,,,,,,,,,Solutions Engineer,
EMP-99EA077433E7,nolan.ashford99ea,Nolan Ashford,,,,,,,,,,,USA,Engineering,,nolan.ashford99ea@example.invalid,8021672980,Ashford,Nolan,,,,"Austin, TX, USA",2819520465,,,,,,,,,Quality Engineer,
EMP-58DD2D02D673,callum.halliwell58dd,Callum Halliwell,,,,,,,,,,,United Kingdom,Product,,callum.halliwell58dd@example.invalid,5401768621,Halliwell,Callum,,,,"London, England, United Kingdom",0280006242,,,,,,,,,Senior Product Manager,
EMP-0C9D451777DD,theo.robitaille0c9d,Théo Robitaille,,,,,,,,,,,Canada,Sales,,theo.robitaille0c9d@example.invalid,6896306732,Robitaille,Théo,,,,"Toronto, Ontario, Canada",0891448944,,,,,,,,,Sales Development Representative,
EMP-007EB46ADE97,nikhil.patil007e,Nikhil Patil,,,,,,,,,,,India,Customer Success,,nikhil.patil007e@example.invalid,8159548484,Patil,Nikhil,,,,"Pune, Maharashtra, India",4373359127,,,,,,,,,Technical Account Manager,
EMP-AA793EC6685C,fernando.ocampoaa79,Fernando Ocampo,,,,,,,,,,,Mexico,Engineering,,fernando.ocampoaa79@example.invalid,0505070807,Ocampo,Fernando,,,,"Mexico City, Mexico",0924920881,,,,,,,,,Engineering Manager,
EMP-436F246F8EDC,ishaan.kulkarni436f,Ishaan Kulkarni,,,,,,,,,,,India,Customer Success,,ishaan.kulkarni436f@example.invalid,4512842385,Kulkarni,Ishaan,,,,"Pune, Maharashtra, India",4373359127,,,,,,,,,Senior Support Engineer,
EMP-FE97192D66B5,sawyer.whitakerfe97,Sawyer Whitaker,,,,,,,,,,,USA,Product,,sawyer.whitakerfe97@example.invalid,9904368830,Whitaker,Sawyer,,,,"Denver, CO, USA",0280006242,,,,,,,,,Product Manager,
EMP-5C8C1A22DB92,oscar.salazar5c8c,Óscar Salazar,,,,,,,,,,,Mexico,Sales,,oscar.salazar5c8c@example.invalid,5243884640,Salazar,Óscar,,,,"Mexico City, Mexico",9812394783,,,,,,,,,Account Executive,
EMP-34D90BE01AF6,tully.wickham34d9,Tully Wickham,,,,,,,,,,,Australia,Engineering,,tully.wickham34d9@example.invalid,7071427515,Wickham,Tully,,,,"Sydney, New South Wales, Australia",0159073081,,,,,,,,,Staff Software Engineer,
EMP-7EAF63F8B3F0,yonatan.dahan7eaf,Yonatan Dahan,,,,,,,,,,,Israel,Marketing,,yonatan.dahan7eaf@example.invalid,9525175765,Dahan,Yonatan,,,,"Tel Aviv, Israel",1059039744,,,,,,,,,Marketing Specialist,
EMP-39EFBE9FA6DE,sanya.shetty39ef,Sanya Shetty,,,,,,,,,,,India,Customer Success,,sanya.shetty39ef@example.invalid,2504423422,Shetty,Sanya,,,,"Pune, Maharashtra, India",4373359127,,,,,,,,,Senior Customer Success Manager,
EMP-B10EA4F6D680,devika.deshmukhb10e,Devika Deshmukh,,,,,,,,,,,India,Product,,devika.deshmukhb10e@example.invalid,4454817637,Deshmukh,Devika,,,,"Pune, Maharashtra, India",2676127692,,,,,,,,,Product Manager,
EMP-93D93C2D9EAE,morgan.hollis93d9,Morgan Hollis,,,,,,,,,,,Germany,Marketing,,morgan.hollis93d9@example.invalid,0155059078,Hollis,Morgan,,,,"Munich, Bavaria, Germany",1059039744,,,,,,,,,Product Marketing Manager,
EMP-A57510BEBE96,callum.fairbanksa575,Callum Fairbanks,,,,,,,,,,,United Kingdom,Sales,,callum.fairbanksa575@example.invalid,9960603051,Fairbanks,Callum,,,,"London, England, United Kingdom",7748760027,,,,,,,,,Solutions Engineer,
EMP-FE9C7327341A,paola.lozanofe9c,Paola Lozano,,,,,,,,,,,Mexico,Engineering,,paola.lozanofe9c@example.invalid,4215660729,Lozano,Paola,,,,"Mexico City, Mexico",0505070807,,,,,,,,,Software Engineer,
EMP-145F36A8F1BE,morgan.vaughn145f,Morgan Vaughn,,,,,,,,,,,Costa Rica,Customer Success,,morgan.vaughn145f@example.invalid,2784282944,Vaughn,Morgan,,,,"San José, Costa Rica",0774203541,,,,,,,,,Technical Account Manager,
EMP-43D74A200BF0,elliot.hollis43d7,Elliot Hollis,,,,,,,,,,,USA,Customer Success,,elliot.hollis43d7@example.invalid,2033654801,Hollis,Elliot,,,,"Austin, TX, USA",3932728268,,,,,,,,,Senior Customer Success Manager,
EMP-9B9613D87594,kelsey.yates9b96,Kelsey Yates,,,,,,,,,,,USA,Engineering,,kelsey.yates9b96@example.invalid,2791943568,Yates,Kelsey,,,,"Austin, TX, USA",5656559865,,,,,,,,,Senior Software Engineer,
EMP-1A5DA2A533BB,farhan.patil1a5d,Farhan Patil,,,,,,,,,,,India,Engineering,,farhan.patil1a5d@example.invalid,8241424221,Patil,Farhan,,,,"Pune, Maharashtra, India",4307339367,,,,,,,,,Senior Software Engineer,
EMP-FF31CC7AC833,naoki.maruyamaff31,Naoki Maruyama,,,,,,,,,,,Japan,Sales,,naoki.maruyamaff31@example.invalid,1247354255,Maruyama,Naoki,,,,"Tokyo, Japan",0891448944,,,,,,,,,Account Executive,
EMP-47F1521871E5,adi.harel47f1,Adi Harel,,,,,,,,,,,Israel,Sales,,adi.harel47f1@example.invalid,1023687190,Harel,Adi,,,,"Tel Aviv, Israel",0891448944,,,,,,,,,Account Executive,
EMP-C6514D05D74A,harper.graysonc651,Harper Grayson,,,,,,,,,,,South Africa,Engineering,,harper.graysonc651@example.invalid,0105433080,Grayson,Harper,,,,"Pretoria, Gauteng, South Africa",0159073081,,,,,,,,,Senior Software Engineer,
EMP-11ED44D74777,kelsey.landry11ed,Kelsey Landry,,,,,,,,,,,USA,Customer Success,,kelsey.landry11ed@example.invalid,9532880391,Landry,Kelsey,,,,"Salt Lake City, UT, USA",0774203541,,,,,,,,,Technical Account Manager,
EMP-9B87680C4DE6,jordan.grayson9b87,Jordan Grayson,,,,,,,,,,,Sweden,Marketing,,jordan.grayson9b87@example.invalid,9790616603,Grayson,Jordan,,,,"Stockholm, Sweden",1059039744,,,,,,,,,Product Marketing Manager,
EMP-95A132AB1BFF,jordan.pierce95a1,Jordan Pierce,,,,,,,,,,,USA,Engineering,,jordan.pierce95a1@example.invalid,3392217497,Pierce,Jordan,,,,"Austin, TX, USA",8800603512,,,,,,,,,Senior Software Engineer,
EMP-0956D59A25B7,quinn.ellison0956,Quinn Ellison,,,,,,,,,,,USA,Finance,,quinn.ellison0956@example.invalid,2372898888,Ellison,Quinn,,,,"Houston, TX, USA",1518339164,,,,,,,,,Accountant,
EMP-3978132B2407,emi.yoshinaga3978,Emi Yoshinaga,,,,,,,,,,,Japan,Customer Success,,emi.yoshinaga3978@example.invalid,3376147356,Yoshinaga,Emi,,,,"Tokyo, Japan",0774203541,,,,,,,,,Customer Success Manager,
EMP-8F3C78E7745F,rohan.wagh8f3c,Rohan Wagh,,,,,,,,,,,India,Engineering,,rohan.wagh8f3c@example.invalid,1511517797,Wagh,Rohan,,,,"Pune, Maharashtra, India",1887576056,,,,,,,,,Senior Software Engineer,
EMP-988A7AF55037,vikram.reddy988a,Vikram Reddy,,,,,,,,,,,India,Product,,vikram.reddy988a@example.invalid,4582483918,Reddy,Vikram,,,,"Pune, Maharashtra, India",3783346509,,,,,,,,,Senior Product Manager,
EMP-A5C0E9F60E2E,hadar.katza5c0,Hadar Katz,,,,,,,,,,,Israel,Engineering,,hadar.katza5c0@example.invalid,4795688632,Katz,Hadar,,,,"Tel Aviv, Israel",1744518224,,,,,,,,,Engineering Manager,
EMP-10DDDA3BCCDF,cameron.hollis10dd,Cameron Hollis,,,,,,,,,,,USA,IT,,cameron.hollis10dd@example.invalid,4835020177,Hollis,Cameron,,,,"Denver, CO, USA",2203223627,,,,,,,,,Systems Administrator,
EMP-3EF36B9C5B42,avery.vaughn3ef3,Avery Vaughn,,,,,,,,,,,USA,IT,,avery.vaughn3ef3@example.invalid,8982375401,Vaughn,Avery,,,,"Austin, TX, USA",2522773902,,,,,,,,,Identity Engineer,
EMP-007A5E25CADA,mathis.beaulieu007a,Mathis Beaulieu,,,,,,,,,,,France,Sales,,mathis.beaulieu007a@example.invalid,3568846987,Beaulieu,Mathis,,,,"Paris, France",0891448944,,,,,,,,,Account Executive,
EMP-4A861BC33CBA,carter.yates4a86,Carter Yates,,,,,,,,,,,USA,Customer Success,,carter.yates4a86@example.invalid,1037324965,Yates,Carter,,,,"Minneapolis, MN, USA",0774203541,,,,,,,,,Technical Account Manager,
EMP-49886FC2B66D,avery.dawson4988,Avery Dawson,,,,,,,,,,,USA,Marketing,,avery.dawson4988@example.invalid,3676368709,Dawson,Avery,,,,"Denver, CO, USA",1059039744,,,,,,,,,Marketing Specialist,
EMP-14C1A82F0721,logan.jennings14c1,Logan Jennings,,,,,,,,,,,USA,Sales,,logan.jennings14c1@example.invalid,1200303906,Jennings,Logan,,,,"Austin, TX, USA",0891448944,,,,,,,,,Account Executive,
EMP-C88D197A6AD8,riley.piercec88d,Riley Pierce,,,,,,,,,,,USA,People,,riley.piercec88d@example.invalid,2871082813,Pierce,Riley,,,,"Austin, TX, USA",2473487213,,,,,,,,,HR Business Partner,
EMP-17E593A77D14,oliver.blackwood17e5,Oliver Blackwood,,,,,,,,,,,United Kingdom,Product,,oliver.blackwood17e5@example.invalid,0106405286,Blackwood,Oliver,,,,"London, England, United Kingdom",0280006242,,,,,,,,,Senior Product Manager,
EMP-73472289F5C4,baptiste.noiret7347,Baptiste Noiret,,,,,,,,,,,France,Product,,baptiste.noiret7347@example.invalid,3637355123,Noiret,Baptiste,,,,"Paris, France",0280006242,,,,,,,,,Technical Program Manager,
EMP-BB54D7DFC726,sawyer.piercebb54,Sawyer Pierce,,,,,,,,,,,USA,Sales,,sawyer.piercebb54@example.invalid,9255115577,Pierce,Sawyer,,,,"Austin, TX, USA",0891448944,,,,,,,,,Senior Account Executive,
EMP-076D11171537,lucia.lozano076d,Lucía Lozano,,,,,,,,,,,Mexico,Sales,,lucia.lozano076d@example.invalid,1564839102,Lozano,Lucía,,,,"Tijuana, Baja California, Mexico",0891448944,,,,,,,,,Senior Account Executive,
EMP-9FCD3B3BF8D9,skyler.dawson9fcd,Skyler Dawson,,,,,,,,,,,USA,Customer Success,,skyler.dawson9fcd@example.invalid,1020335282,Dawson,Skyler,,,,"Austin, TX, USA",3932728268,,,,,,,,,Customer Success Manager,
EMP-A75FB9ECA89D,peyton.tatea75f,Peyton Tate,,,,,,,,,,,USA,Engineering,,peyton.tatea75f@example.invalid,3213762521,Tate,Peyton,,,,"Austin, TX, USA",8248583648,,,,,,,,,Senior Software Engineer,
EMP-090B1B79B996,lars.wijnands090b,Lars Wijnands,,,,,,,,,,,Netherlands,Sales,,lars.wijnands090b@example.invalid,0703810941,Wijnands,Lars,,,,"Amsterdam, Netherlands",0891448944,,,,,,,,,Sales Development Representative,
EMP-2CD112D69008,carter.yates2cd1,Carter Yates,,,,,,,,,,,USA,People,,carter.yates2cd1@example.invalid,0550144382,Yates,Carter,,,,"Austin, TX, USA",2473487213,,,,,,,,,Recruiter,
EMP-E0B1AD6ADD6E,daisy.fairbankse0b1,Daisy Fairbanks,,,,,,,,,,,United Kingdom,Customer Success,,daisy.fairbankse0b1@example.invalid,9866783165,Fairbanks,Daisy,,,,"London, England, United Kingdom",1594822528,,,,,,,,,Support Engineer,
EMP-1F24658D08D7,ananya.sharma1f24,Ananya Sharma,,,,,,,,,,,India,Engineering,,ananya.sharma1f24@example.invalid,0750495132,Sharma,Ananya,,,,"Pune, Maharashtra, India",6400519124,,,,,,,,,Staff Software Engineer,
EMP-D98ACEE4867F,sanya.bhattd98a,Sanya Bhatt,,,,,,,,,,,India,Engineering,,sanya.bhattd98a@example.invalid,3920829373,Bhatt,Sanya,,,,"Pune, Maharashtra, India",1805818302,,,,,,,,,Engineering Manager,
EMP-62C037EC8119,devika.nair62c0,Devika Nair,,,,,,,,,,,India,Engineering,,devika.nair62c0@example.invalid,0163117378,Nair,Devika,,,,"Pune, Maharashtra, India",1887576056,,,,,,,,,Senior Software Engineer,
EMP-366E3CE3FE8B,carter.kirby366e,Carter Kirby,,,,,,,,,,,USA,Product,,carter.kirby366e@example.invalid,5412087415,Kirby,Carter,,,,"Seattle, WA, USA",0872988768,,,,,,,,,Product Manager,
EMP-B45D06117C2E,logan.tateb45d,Logan Tate,,,,,,,,,,,USA,Sales,,logan.tateb45d@example.invalid,1828720699,Tate,Logan,,,,"Denver, CO, USA",0891448944,,,,,,,,,Account Executive,
EMP-1487B9517A59,carter.ellison1487,Carter Ellison,,,,,,,,,,,Austria,Customer Success,,carter.ellison1487@example.invalid,2210682616,Ellison,Carter,,,,"Vienna, Austria",0774203541,,,,,,,,,Senior Customer Success Manager,
EMP-A80B38C1EAA0,priya.shettya80b,Priya Shetty,,,,,,,,,,,India,Engineering,,priya.shettya80b@example.invalid,8631919795,Shetty,Priya,,,,"Pune, Maharashtra, India",6190946371,,,,,,,,,Software Engineer,
EMP-495B8AD535BC,gabriela.alvarado495b,Gabriela Alvarado,,,,,,,,,,,Mexico,Finance,,gabriela.alvarado495b@example.invalid,5983653033,Alvarado,Gabriela,,,,"Mexico City, Mexico",7952165368,,,,,,,,,Senior Financial Analyst,
EMP-15107A0F604B,darcy.duggan1510,Darcy Duggan,,,,,,,,,,,Australia,Customer Success,,darcy.duggan1510@example.invalid,0882544086,Duggan,Darcy,,,,"Sydney, New South Wales, Australia",0774203541,,,,,,,,,Support Engineer,
EMP-139F42AD0E3E,edward.dunmore139f,Edward Dunmore,,,,,,,,,,,United Kingdom,Sales,,edward.dunmore139f@example.invalid,9053347806,Dunmore,Edward,,,,"London, England, United Kingdom",7748760027,,,,,,,,,Senior Account Executive,
EMP-7B7B74C03E56,bram.kuipers7b7b,Bram Kuipers,,,,,,,,,,,Netherlands,Sales,,bram.kuipers7b7b@example.invalid,7828919333,Kuipers,Bram,,,,"Amsterdam, Netherlands",0891448944,,,,,,,,,Senior Account Executive,
EMP-AF6B1DA1EE1A,sanya.gokhaleaf6b,Sanya Gokhale,,,,,,,,,,,India,Engineering,,sanya.gokhaleaf6b@example.invalid,0467060688,Gokhale,Sanya,,,,"Pune, Maharashtra, India",4307339367,,,,,,,,,Staff Software Engineer,
EMP-E47A9E67CBCF,tanner.sheltone47a,Tanner Shelton,,,,,,,,,,,USA,Design,,tanner.sheltone47a@example.invalid,6444471694,Shelton,Tanner,,,,"San Francisco, CA, USA",2226904486,,,,,,,,,UX Researcher,
EMP-CB27B262D7F0,daniel.mizrahicb27,Daniel Mizrahi,,,,,,,,,,,Israel,Design,,daniel.mizrahicb27@example.invalid,1390484661,Mizrahi,Daniel,,,,"Tel Aviv, Israel",2226904486,,,,,,,,,UX Researcher,
EMP-F04FB9E0054F,sora.maruyamaf04f,Sora Maruyama,,,,,,,,,,,Japan,Customer Success,,sora.maruyamaf04f@example.invalid,4075778040,Maruyama,Sora,,,,"Tokyo, Japan",0774203541,,,,,,,,,Support Engineer,
EMP-5DA78F5F4852,aarav.sharma5da7,Aarav Sharma,,,,,,,,,,,India,Design,,aarav.sharma5da7@example.invalid,6036031815,Sharma,Aarav,,,,"Pune, Maharashtra, India",2488224667,,,,,,,,,UX Researcher,
EMP-C4D7A3CF83ED,adi.dahanc4d7,Adi Dahan,,,,,,,,,,,Israel,Product,,adi.dahanc4d7@example.invalid,3093600824,Dahan,Adi,,,,"Tel Aviv, Israel",5977531353,,,,,,,,,Senior Product Manager,
EMP-E65931ECD687,cameron.fostere659,Cameron Foster,,,,,,,,,,,USA,Sales,,cameron.fostere659@example.invalid,4931892580,Foster,Cameron,,,,"San Francisco, CA, USA",0891448944,,,,,,,,,Sales Development Representative,
EMP-30F0911F4955,skyler.shelton30f0,Skyler Shelton,,,,,,,,,,,USA,Product,,skyler.shelton30f0@example.invalid,1791468680,Shelton,Skyler,,,,"Austin, TX, USA",4485408201,,,,,,,,,Product Manager,
EMP-2B086971B9A6,edward.thornbury2b08,Edward Thornbury,,,,,,,,,,,United Kingdom,Marketing,,edward.thornbury2b08@example.invalid,0611481544,Thornbury,Edward,,,,"London, England, United Kingdom",6291279481,,,,,,,,,Product Marketing Manager,
EMP-DDDAF701AF34,priya.patilddda,Priya Patil,,,,,,,,,,,India,Engineering,,priya.patilddda@example.invalid,3911506545,Patil,Priya,,,,"Pune, Maharashtra, India",4191161724,,,,,,,,,Software Engineer,
EMP-0E614F36FA74,isabela.carrillo0e61,Isabela Carrillo,,,,,,,,,,,Mexico,People,,isabela.carrillo0e61@example.invalid,6820684108,Carrillo,Isabela,,,,"Mexico City, Mexico",2329842297,,,,,,,,,People Operations Specialist,
EMP-6188A4981D42,omer.tal6188,Omer Tal,,,,,,,,,,,Israel,Engineering,,omer.tal6188@example.invalid,1744518224,Tal,Omer,,,,"Tel Aviv, Israel",0159073081,,,,,,,,,Director of Engineering,
EMP-0922D9E8C70F,daisy.thornbury0922,Daisy Thornbury,,,,,,,,,,,United Kingdom,Customer Success,,daisy.thornbury0922@example.invalid,9344834572,Thornbury,Daisy,,,,"London, England, United Kingdom",3151268880,,,,,,,,,Support Engineer,
EMP-7F55C00A1F9A,farhan.bhatt7f55,Farhan Bhatt,,,,,,,,,,,India,Customer Success,,farhan.bhatt7f55@example.invalid,5549695287,Bhatt,Farhan,,,,"Pune, Maharashtra, India",4373359127,,,,,,,,,Senior Support Engineer,
EMP-5CA59C2130B3,avery.kirby5ca5,Avery Kirby,,,,,,,,,,,USA,Engineering,,avery.kirby5ca5@example.invalid,9011530529,Kirby,Avery,,,,"Boston, MA, USA",0159073081,,,,,,,,,Software Engineer,
EMP-AF608D6DAF25,logan.vaughnaf60,Logan Vaughn,,,,,,,,,,,Germany,Sales,,logan.vaughnaf60@example.invalid,6631058031,Vaughn,Logan,,,,"Köln, North Rhine-Westphalia, Germany",0891448944,,,,,,,,,Senior Account Executive,
EMP-629CDDA103E3,harper.whitaker629c,Harper Whitaker,,,,,,,,,,,USA,IT,,harper.whitaker629c@example.invalid,5708507424,Whitaker,Harper,,,,"Austin, TX, USA",7526217330,,,,,,,,,IT Support Specialist,
EMP-A4A2F2C5DE7C,blake.kirbya4a2,Blake Kirby,,,,,,,,,,,USA,Product,,blake.kirbya4a2@example.invalid,0102461345,Kirby,Blake,,,,"Austin, TX, USA",0280006242,,,,,,,,,Principal Product Manager,
EMP-D7FCD8FDC4E1,kavya.patild7fc,Kavya Patil,,,,,,,,,,,India,Customer Success,,kavya.patild7fc@example.invalid,6727042738,Patil,Kavya,,,,"Pune, Maharashtra, India",4373359127,,,,,,,,,Support Engineer,
EMP-D29DBF139E4F,aoi.nakagawad29d,Aoi Nakagawa,,,,,,,,,,,Japan,Engineering,,aoi.nakagawad29d@example.invalid,0289717666,Nakagawa,Aoi,,,,"Tokyo, Japan",0159073081,,,,,,,,,Senior Software Engineer,
EMP-3F8BF58BD0EA,manish.sharma3f8b,Manish Sharma,,,,,,,,,,,India,Sales,,manish.sharma3f8b@example.invalid,7006544980,Sharma,Manish,,,,"Pune, Maharashtra, India",7693206320,,,,,,,,,Sales Development Representative,
EMP-9A8C4CC199E8,sawyer.ellison9a8c,Sawyer Ellison,,,,,,,,,,,USA,Customer Success,,sawyer.ellison9a8c@example.invalid,2974912243,Ellison,Sawyer,,,,"Austin, TX, USA",3932728268,,,,,,,,,Technical Account Manager,
EMP-9923E0AF8B73,rodrigo.mendoza9923,Rodrigo Mendoza,,,,,,,,,,,Mexico,Engineering,,rodrigo.mendoza9923@example.invalid,6551376744,Mendoza,Rodrigo,,,,"Mexico City, Mexico",0505070807,,,,,,,,,Principal Engineer,
EMP-7D4D926BBA15,yonatan.erez7d4d,Yonatan Erez,,,,,,,,,,,Israel,Engineering,,yonatan.erez7d4d@example.invalid,9328829778,Erez,Yonatan,,,,"Tel Aviv, Israel",5501515626,,,,,,,,,Senior Software Engineer,
EMP-BEF97E964332,harper.nortonbef9,Harper Norton,,,,,,,,,,,USA,Product,,harper.nortonbef9@example.invalid,0244857469,Norton,Harper,,,,"Austin, TX, USA",2913310464,,,,,,,,,Product Manager,
EMP-E86A08F18A2C,kenji.fujimotoe86a,Kenji Fujimoto,,,,,,,,,,,Japan,Sales,,kenji.fujimotoe86a@example.invalid,7828919202,Fujimoto,Kenji,,,,"Tokyo, Japan",0891448944,,,,,,,,,Sales Development Representative,
EMP-535D09B22504,sawyer.landry535d,Sawyer Landry,,,,,,,,,,,USA,Engineering,,sawyer.landry535d@example.invalid,8711957960,Landry,Sawyer,,,,"Portland, OR, USA",0159073081,,,,,,,,,Senior Software Engineer,
EMP-21BEA4ED1A49,sanya.rao21be,Sanya Rao,,,,,,,,,,,India,Engineering,,sanya.rao21be@example.invalid,7081877265,Rao,Sanya,,,,"Pune, Maharashtra, India",6030538551,,,,,,,,,Staff Software Engineer,
EMP-97E96AE6D682,gali.regev97e9,Gali Regev,,,,,,,,,,,Israel,Design,,gali.regev97e9@example.invalid,8974586732,Regev,Gali,,,,"Tel Aviv, Israel",2226904486,,,,,,,,,Design Manager,
EMP-3C27B39FFBA5,morgan.tate3c27,Morgan Tate,,,,,,,,,,,USA,Sales,,morgan.tate3c27@example.invalid,6070499267,Tate,Morgan,,,,"Austin, TX, USA",0891448944,,,,,,,,,Account Executive,
EMP-9C0A3FCD2054,amit.katz9c0a,Amit Katz,,,,,,,,,,,Israel,Customer Success,,amit.katz9c0a@example.invalid,9927132329,Katz,Amit,,,,"Tel Aviv, Israel",0774203541,,,,,,,,,Senior Support Engineer,
EMP-29E47221006F,noa.zohar29e4,Noa Zohar,,,,,,,,,,,Israel,Engineering,,noa.zohar29e4@example.invalid,6311850839,Zohar,Noa,,,,"Tel Aviv, Israel",8991844032,,,,,,,,,Staff Software Engineer,
EMP-7FAEA7D2F651,rodrigo.salazar7fae,Rodrigo Salazar,,,,,,,,,,,Mexico,Engineering,,rodrigo.salazar7fae@example.invalid,3281978212,Salazar,Rodrigo,,,,"Mexico City, Mexico",3662122719,,,,,,,,,Staff Software Engineer,
EMP-514CAD244FD5,peyton.foster514c,Peyton Foster,,,,,,,,,,,USA,Engineering,,peyton.foster514c@example.invalid,6772006582,Foster,Peyton,,,,"Austin, TX, USA",2734679348,,,,,,,,,Senior Software Engineer,
EMP-9644C2CC97D2,noemie.sauvage9644,Noémie Sauvage,,,,,,,,,,,France,Customer Success,,noemie.sauvage9644@example.invalid,8081754485,Sauvage,Noémie,,,,"Paris, France",0774203541,,,,,,,,,Senior Customer Success Manager,
EMP-1E1C506908BF,elena.lozano1e1c,Elena Lozano,,,,,,,,,,,Mexico,People,,elena.lozano1e1c@example.invalid,2534323936,Lozano,Elena,,,,"Mexico City, Mexico",2329842297,,,,,,,,,Recruiter,
EMP-AD351774C696,kenji.hasegawaad35,Kenji Hasegawa,,,,,,,,,,,Japan,Finance,,kenji.hasegawaad35@example.invalid,2642620082,Hasegawa,Kenji,,,,"Tokyo, Japan",0067001250,,,,,,,,,Accountant,
EMP-A4B3F1966611,logan.graysona4b3,Logan Grayson,,,,,,,,,,,USA,Sales,,logan.graysona4b3@example.invalid,1311206112,Grayson,Logan,,,,"Austin, TX, USA",0891448944,,,,,,,,,Sales Development Representative,
EMP-ED04ABB034CF,jordan.marshed04,Jordan Marsh,,,,,,,,,,,USA,Sales,,jordan.marshed04@example.invalid,0184380977,Marsh,Jordan,,,,"Raleigh, NC, USA",0891448944,,,,,,,,,Sales Development Representative,
EMP-7F3BCBF16FDD,julien.beaulieu7f3b,Julien Beaulieu,,,,,,,,,,,France,Sales,,julien.beaulieu7f3b@example.invalid,4267111212,Beaulieu,Julien,,,,"Paris, France",0891448944,,,,,,,,,Senior Account Executive,
EMP-246158C43923,rosalie.robitaille2461,Rosalie Robitaille,,,,,,,,,,,Canada,Customer Success,,rosalie.robitaille2461@example.invalid,7901807141,Robitaille,Rosalie,,,,"Montréal, Quebec, Canada",0774203541,,,,,,,,,Support Engineer,
EMP-929A94C7F0F0,rhea.kulkarni929a,Rhea Kulkarni,,,,,,,,,,,India,Engineering,,rhea.kulkarni929a@example.invalid,2412647710,Kulkarni,Rhea,,,,"Pune, Maharashtra, India",6854525371,,,,,,,,,Senior Software Engineer,
EMP-83E5ACC6E443,avery.pierce83e5,Avery Pierce,,,,,,,,,,,USA,IT,,avery.pierce83e5@example.invalid,8868401200,Pierce,Avery,,,,"Los Angeles, CA, USA",2203223627,,,,,,,,,IT Operations Engineer,
EMP-074A2E043AB0,sienna.waverley074a,Sienna Waverley,,,,,,,,,,,United Kingdom,Engineering,,sienna.waverley074a@example.invalid,2241506939,Waverley,Sienna,,,,"London, England, United Kingdom",1677006097,,,,,,,,,Staff Software Engineer,
EMP-064FBA269315,eitan.gilad064f,Eitan Gilad,,,,,,,,,,,Israel,Design,,eitan.gilad064f@example.invalid,2226904486,Gilad,Eitan,,,,"Tel Aviv, Israel",0067001250,,,,,,,,,Design Manager,
EMP-52C1811D0BAA,bram.veenstra52c1,Bram Veenstra,,,,,,,,,,,Netherlands,Customer Success,,bram.veenstra52c1@example.invalid,3364999270,Veenstra,Bram,,,,"Amsterdam, Netherlands",5486230153,,,,,,,,,Technical Account Manager,
EMP-F645D96485CF,priya.deshmukhf645,Priya Deshmukh,,,,,,,,,,,India,Design,,priya.deshmukhf645@example.invalid,2488224667,Deshmukh,Priya,,,,"Pune, Maharashtra, India",2226904486,,,,,,,,,Design Manager,
EMP-7ABD1BBBCFFD,aubrey.whitaker7abd,Aubrey Whitaker,,,,,,,,,,,Germany,Marketing,,aubrey.whitaker7abd@example.invalid,6687859504,Whitaker,Aubrey,,,,"Köln, North Rhine-Westphalia, Germany",1059039744,,,,,,,,,Demand Generation Manager,
EMP-E7108437AA99,sylvie.delacroixe710,Sylvie Delacroix,,,,,,,,,,,France,Marketing,,sylvie.delacroixe710@example.invalid,7009003722,Delacroix,Sylvie,,,,"Paris, France",1059039744,,,,,,,,,Marketing Specialist,
EMP-5F9FBCE22ED2,sylvie.delacroix5f9f,Sylvie Delacroix,,,,,,,,,,,France,Sales,,sylvie.delacroix5f9f@example.invalid,4534345393,Delacroix,Sylvie,,,,"Paris, France",0891448944,,,,,,,,,Enterprise Account Executive,
EMP-FF2323519D33,skyler.dawsonff23,Skyler Dawson,,,,,,,,,,,Belarus,Sales,,skyler.dawsonff23@example.invalid,7293187251,Dawson,Skyler,,,,"Minsk, Minsk City, Belarus",0891448944,,,,,,,,,Sales Development Representative,
EMP-8802F0E23361,imogen.pemberton8802,Imogen Pemberton,,,,,,,,,,,United Kingdom,Legal,,imogen.pemberton8802@example.invalid,3426926199,Pemberton,Imogen,,,,"London, England, United Kingdom",0604953792,,,,,,,,,Corporate Counsel,
EMP-F8F209D7B4C2,rahul.iyerf8f2,Rahul Iyer,,,,,,,,,,,India,Engineering,,rahul.iyerf8f2@example.invalid,7825350142,Iyer,Rahul,,,,"Pune, Maharashtra, India",1136502125,,,,,,,,,Senior Software Engineer,
EMP-EFD1BED68B3D,ananya.waghefd1,Ananya Wagh,,,,,,,,,,,India,Engineering,,ananya.waghefd1@example.invalid,3865614458,Wagh,Ananya,,,,"Pune, Maharashtra, India",3276728611,,,,,,,,,Quality Engineer,
EMP-D6CAC708F7D1,thijs.kuipersd6ca,Thijs Kuipers,,,,,,,,,,,Netherlands,Customer Success,,thijs.kuipersd6ca@example.invalid,0743527980,Kuipers,Thijs,,,,"Amsterdam, Netherlands",5486230153,,,,,,,,,Technical Account Manager,
EMP-BC741A3BB70B,jordan.carverbc74,Jordan Carver,,,,,,,,,,,South Korea,Finance,,jordan.carverbc74@example.invalid,0205279042,Carver,Jordan,,,,"Seoul, South Korea",0067001250,,,,,,,,,Senior Financial Analyst,
EMP-F54B91664305,javier.bautistaf54b,Javier Bautista,,,,,,,,,,,Mexico,Customer Success,,javier.bautistaf54b@example.invalid,0942793852,Bautista,Javier,,,,"Mexico City, Mexico",1710814652,,,,,,,,,Customer Success Manager,
EMP-150BDD63F2FD,bruno.mendoza150b,Bruno Mendoza,,,,,,,,,,,Mexico,Customer Success,,bruno.mendoza150b@example.invalid,0888495027,Mendoza,Bruno,,,,"Mexico City, Mexico",6260880146,,,,,,,,,Technical Account Manager,
EMP-C0EA7C4BE96D,yuki.yamashitac0ea,Yuki Yamashita,,,,,,,,,,,Japan,Customer Success,,yuki.yamashitac0ea@example.invalid,5313101760,Yamashita,Yuki,,,,"Tokyo, Japan",0774203541,,,,,,,,,Senior Support Engineer,
EMP-ACB3DBC1C86B,archie.kelleheracb3,Archie Kelleher,,,,,,,,,,,Australia,Sales,,archie.kelleheracb3@example.invalid,0692492780,Kelleher,Archie,,,,"Sydney, New South Wales, Australia",3043691353,,,,,,,,,Account Executive,
EMP-1BA8C0D3D3C8,skyler.ramsey1ba8,Skyler Ramsey,,,,,,,,,,,USA,Customer Success,,skyler.ramsey1ba8@example.invalid,1135178493,Ramsey,Skyler,,,,"San Diego, CA, USA",0774203541,,,,,,,,,Customer Success Manager,
EMP-C506A5603CD1,jordan.ellisonc506,Jordan Ellison,,,,,,,,,,,USA,Customer Success,,jordan.ellisonc506@example.invalid,8087880142,Ellison,Jordan,,,,"Minneapolis, MN, USA",0774203541,,,,,,,,,Support Engineer,
EMP-D5652753E3D2,riley.yatesd565,Riley Yates,,,,,,,,,,,Colombia,Sales,,riley.yatesd565@example.invalid,3984439774,Yates,Riley,,,,"Bogotá, Bogota D.C., Colombia",0891448944,,,,,,,,,Senior Account Executive,
EMP-842CFD9C48B1,nolan.marsh842c,Nolan Marsh,,,,,,,,,,,Belarus,Customer Success,,nolan.marsh842c@example.invalid,9658082065,Marsh,Nolan,,,,"Minsk, Minsk City, Belarus",0774203541,,,,,,,,,Technical Account Manager,
EMP-0AB4C098EE7D,cameron.yates0ab4,Cameron Yates,,,,,,,,,,,USA,IT,,cameron.yates0ab4@example.invalid,9255931498,Yates,Cameron,,,,"Austin, TX, USA",7376848747,,,,,,,,,Systems Administrator,
EMP-476FAB39E8EB,george.cartwright476f,George Cartwright,,,,,,,,,,,United Kingdom,Finance,,george.cartwright476f@example.invalid,4316997889,Cartwright,George,,,,"London, England, United Kingdom",0067001250,,,,,,,,,Controller,
EMP-BD5886A90ABF,logan.ramseybd58,Logan Ramsey,,,,,,,,,,,USA,Customer Success,,logan.ramseybd58@example.invalid,1706817867,Ramsey,Logan,,,,"Austin, TX, USA",2668820698,,,,,,,,,Technical Account Manager,
EMP-A040261A6B1E,daniel.shania040,Daniel Shani,,,,,,,,,,,Israel,Sales,,daniel.shania040@example.invalid,9486096592,Shani,Daniel,,,,"Tel Aviv, Israel",0891448944,,,,,,,,,Enterprise Account Executive,
EMP-2CA9BC4879D2,bruno.bautista2ca9,Bruno Bautista,,,,,,,,,,,Mexico,Sales,,bruno.bautista2ca9@example.invalid,8200416895,Bautista,Bruno,,,,"Mexico City, Mexico",9812394783,,,,,,,,,Account Executive,
EMP-02EADFDDD4D3,rodrigo.mendoza02ea,Rodrigo Mendoza,,,,,,,,,,,Mexico,IT,,rodrigo.mendoza02ea@example.invalid,6477534893,Mendoza,Rodrigo,,,,"Mexico City, Mexico",9329022060,,,,,,,,,Systems Administrator,
EMP-BCC662A6C41A,morgan.graysonbcc6,Morgan Grayson,,,,,,,,,,,USA,Product,,morgan.graysonbcc6@example.invalid,2913310464,Grayson,Morgan,,,,"Austin, TX, USA",0280006242,,,,,,,,,Director of Product Management,
EMP-F0F6304313E9,maya.katzf0f6,Maya Katz,,,,,,,,,,,Israel,Engineering,,maya.katzf0f6@example.invalid,8028555072,Katz,Maya,,,,"Tel Aviv, Israel",4795688632,,,,,,,,,Quality Engineer,
EMP-EDA7F2C8EF70,sawyer.kirbyeda7,Sawyer Kirby,,,,,,,,,,,USA,IT,,sawyer.kirbyeda7@example.invalid,2924139256,Kirby,Sawyer,,,,"Austin, TX, USA",7376848747,,,,,,,,,IT Operations Engineer,
EMP-BD6F5FDE3F7B,noa.zoharbd6f,Noa Zohar,,,,,,,,,,,Israel,Product,,noa.zoharbd6f@example.invalid,3735687134,Zohar,Noa,,,,"Tel Aviv, Israel",5977531353,,,,,,,,,Technical Program Manager,
EMP-7FE1007236B0,rhea.patil7fe1,Rhea Patil,,,,,,,,,,,India,Customer Success,,rhea.patil7fe1@example.invalid,3120585569,Patil,Rhea,,,,"Pune, Maharashtra, India",4373359127,,,,,,,,,Support Engineer,
EMP-B10157EAEA07,imogen.northcottb101,Imogen Northcott,,,,,,,,,,,United Kingdom,Product,,imogen.northcottb101@example.invalid,6150285319,Northcott,Imogen,,,,"London, England, United Kingdom",0280006242,,,,,,,,,Product Manager,
EMP-D39D88F91528,bruno.alvaradod39d,Bruno Alvarado,,,,,,,,,,,Mexico,Engineering,,bruno.alvaradod39d@example.invalid,6729570570,Alvarado,Bruno,,,,"Mexico City, Mexico",3662122719,,,,,,,,,Senior Software Engineer,
EMP-E1ED9BBB94F6,priya.joshie1ed,Priya Joshi,,,,,,,,,,,India,Engineering,,priya.joshie1ed@example.invalid,7974577795,Joshi,Priya,,,,"Pune, Maharashtra, India",3276728611,,,,,,,,,Software Engineer,
EMP-D9BFB61AA206,hadar.zohard9bf,Hadar Zohar,,,,,,,,,,,Israel,Engineering,,hadar.zohard9bf@example.invalid,2285821351,Zohar,Hadar,,,,"Tel Aviv, Israel",8991844032,,,,,,,,,Quality Engineer,
EMP-E65AD700FEAC,riley.ramseye65a,Riley Ramsey,,,,,,,,,,,USA,Engineering,,riley.ramseye65a@example.invalid,5900072778,Ramsey,Riley,,,,"Austin, TX, USA",8579368349,,,,,,,,,Senior Software Engineer,
EMP-F29D0575105E,jordan.hollisf29d,Jordan Hollis,,,,,,,,,,,USA,Sales,,jordan.hollisf29d@example.invalid,8866045195,Hollis,Jordan,,,,"Austin, TX, USA",0891448944,,,,,,,,,Sales Development Representative,
EMP-756170A0CC93,edward.ellery7561,Edward Ellery,,,,,,,,,,,United Kingdom,Product,,edward.ellery7561@example.invalid,1107815940,Ellery,Edward,,,,"London, England, United Kingdom",0280006242,,,,,,,,,Product Manager,
EMP-5AC14ADD49C5,quinn.carver5ac1,Quinn Carver,,,,,,,,,,,USA,Engineering,,quinn.carver5ac1@example.invalid,8204546607,Carver,Quinn,,,,"Austin, TX, USA",0159073081,,,,,,,,,Director of Engineering,
EMP-E2FC66EA54BF,oliver.radcliffee2fc,Oliver Radcliffe,,,,,,,,,,,United Kingdom,People,,oliver.radcliffee2fc@example.invalid,3333027529,Radcliffe,Oliver,,,,"London, England, United Kingdom",7150696066,,,,,,,,,Senior Recruiter,
EMP-16093A89FCDE,elena.fuentes1609,Elena Fuentes,,,,,,,,,,,Mexico,Finance,,elena.fuentes1609@example.invalid,7952165368,Fuentes,Elena,,,,"Mexico City, Mexico",0067001250,,,,,,,,,Controller,
EMP-BA5244C01781,bruno.navaba52,Bruno Nava,,,,,,,,,,,Mexico,Sales,,bruno.navaba52@example.invalid,0963664966,Nava,Bruno,,,,"Mexico City, Mexico",9530444629,,,,,,,,,Senior Account Executive,
EMP-B2BEE986FA46,carter.bennettb2be,Carter Bennett,,,,,,,,,,,USA,Product,,carter.bennettb2be@example.invalid,0260008948,Bennett,Carter,,,,"San Francisco, CA, USA",0280006242,,,,,,,,,Product Manager,
EMP-2C0905607782,diego.nava2c09,Diego Nava,,,,,,,,,,,Mexico,Product,,diego.nava2c09@example.invalid,4339250682,Nava,Diego,,,,"Mexico City, Mexico",0280006242,,,,,,,,,Product Manager,
EMP-2DD3ECFFC098,poppy.kingsley2dd3,Poppy Kingsley,,,,,,,,,,,United Kingdom,People,,poppy.kingsley2dd3@example.invalid,4984745190,Kingsley,Poppy,,,,"London, England, United Kingdom",7150696066,,,,,,,,,Senior Recruiter,
EMP-B9C373EF722C,mateo.carrillob9c3,Mateo Carrillo,,,,,,,,,,,Mexico,People,,mateo.carrillob9c3@example.invalid,9725135605,Carrillo,Mateo,,,,"Guadalajara, Jalisco, Mexico",2329842297,,,,,,,,,Recruiter,
EMP-22A36FB30B88,sanya.chauhan22a3,Sanya Chauhan,,,,,,,,,,,India,Engineering,,sanya.chauhan22a3@example.invalid,3276728611,Chauhan,Sanya,,,,"Pune, Maharashtra, India",1805818302,,,,,,,,,Engineering Manager,
EMP-04BBF7FC3C27,nikhil.wagh04bb,Nikhil Wagh,,,,,,,,,,,India,Engineering,,nikhil.wagh04bb@example.invalid,9509612776,Wagh,Nikhil,,,,"Pune, Maharashtra, India",6854525371,,,,,,,,,Site Reliability Engineer,
EMP-9CD3562F4A12,freya.cartwright9cd3,Freya Cartwright,,,,,,,,,,,United Kingdom,Finance,,freya.cartwright9cd3@example.invalid,1108868883,Cartwright,Freya,,,,"London, England, United Kingdom",4316997889,,,,,,,,,Senior Financial Analyst,
EMP-9BB68FC6802E,rohan.shetty9bb6,Rohan Shetty,,,,,,,,,,,India,Marketing,,rohan.shetty9bb6@example.invalid,4356986486,Shetty,Rohan,,,,"Pune, Maharashtra, India",6875275236,,,,,,,,,Product Marketing Manager,
EMP-FF3302AE6F47,cameron.ramseyff33,Cameron Ramsey,,,,,,,,,,,USA,Engineering,,cameron.ramseyff33@example.invalid,1698359462,Ramsey,Cameron,,,,"Chicago, IL, USA",0142177713,,,,,,,,,Site Reliability Engineer,
EMP-3B8380BB30BF,lottie.radcliffe3b83,Lottie Radcliffe,,,,,,,,,,,United Kingdom,Product,,lottie.radcliffe3b83@example.invalid,1651945488,Radcliffe,Lottie,,,,"London, England, United Kingdom",0280006242,,,,,,,,,Senior Product Manager,
EMP-54CF615F290D,jordan.grayson54cf,Jordan Grayson,,,,,,,,,,,USA,Engineering,,jordan.grayson54cf@example.invalid,0703622193,Grayson,Jordan,,,,"Austin, TX, USA",2819520465,,,,,,,,,Senior Software Engineer,
EMP-3837C38E5D71,lior.ophir3837,Lior Ophir,,,,,,,,,,,Israel,Sales,,lior.ophir3837@example.invalid,6063514361,Ophir,Lior,,,,"Tel Aviv, Israel",0891448944,,,,,,,,,Enterprise Account Executive,
EMP-DC5CE667ECFD,jeroen.zijlstradc5c,Jeroen Zijlstra,,,,,,,,,,,Netherlands,Sales,,jeroen.zijlstradc5c@example.invalid,0233597577,Zijlstra,Jeroen,,,,"Amsterdam, Netherlands",0891448944,,,,,,,,,Account Executive,
EMP-13384AAAD645,peyton.kirby1338,Peyton Kirby,,,,,,,,,,,USA,Marketing,,peyton.kirby1338@example.invalid,3016178959,Kirby,Peyton,,,,"Austin, TX, USA",1059039744,,,,,,,,,Marketing Specialist,
EMP-A678244CAB45,oscar.salazara678,Óscar Salazar,,,,,,,,,,,Mexico,IT,,oscar.salazara678@example.invalid,9210910637,Salazar,Óscar,,,,"Mexico City, Mexico",9329022060,,,,,,,,,IT Support Specialist,
EMP-080238F71D35,natalia.bautista0802,Natalia Bautista,,,,,,,,,,,Mexico,Customer Success,,natalia.bautista0802@example.invalid,6254979167,Bautista,Natalia,,,,"Puebla, Mexico",0774203541,,,,,,,,,Support Engineer,
EMP-0E1FC994027C,sienna.hargreaves0e1f,Sienna Hargreaves,,,,,,,,,,,Australia,Product,,sienna.hargreaves0e1f@example.invalid,8343059738,Hargreaves,Sienna,,,,"Sydney, New South Wales, Australia",0280006242,,,,,,,,,Senior Product Manager,
EMP-8C957F94A536,morgan.carver8c95,Morgan Carver,,,,,,,,,,,USA,Engineering,,morgan.carver8c95@example.invalid,3243466415,Carver,Morgan,,,,"Austin, TX, USA",8579368349,,,,,,,,,Staff Software Engineer,
EMP-6F00A193D9F0,rahul.rao6f00,Rahul Rao,,,,,,,,,,,India,Engineering,,rahul.rao6f00@example.invalid,4598685487,Rao,Rahul,,,,"Pune, Maharashtra, India",9760197091,,,,,,,,,Quality Engineer,
EMP-AA3B1DB9E18D,shira.peretzaa3b,Shira Peretz,,,,,,,,,,,Israel,Engineering,,shira.peretzaa3b@example.invalid,4263960329,Peretz,Shira,,,,"Tel Aviv, Israel",8991844032,,,,,,,,,Software Engineer,
EMP-BB6DBBD080A6,tanvi.kulkarnibb6d,Tanvi Kulkarni,,,,,,,,,,,India,Engineering,,tanvi.kulkarnibb6d@example.invalid,1739971891,Kulkarni,Tanvi,,,,"Pune, Maharashtra, India",3276728611,,,,,,,,,Quality Engineer,
EMP-F6965B8F371F,tamar.shanif696,Tamar Shani,,,,,,,,,,,Israel,Engineering,,tamar.shanif696@example.invalid,0500143343,Shani,Tamar,,,,"Tel Aviv, Israel",1744518224,,,,,,,,,Engineering Manager,
EMP-1A20951F55D7,priya.mehta1a20,Priya Mehta,,,,,,,,,,,India,IT,,priya.mehta1a20@example.invalid,6057595141,Mehta,Priya,,,,"Pune, Maharashtra, India",7400912674,,,,,,,,,Identity Engineer,
EMP-BC3E9FE3FBF2,oscar.salazarbc3e,Óscar Salazar,,,,,,,,,,,Mexico,Engineering,,oscar.salazarbc3e@example.invalid,9219896190,Salazar,Óscar,,,,"Mexico City, Mexico",4081765633,,,,,,,,,Software Engineer,
EMP-8C59E2282087,alejandra.escobar8c59,Alejandra Escobar,,,,,,,,,,,Mexico,Sales,,alejandra.escobar8c59@example.invalid,0209448849,Escobar,Alejandra,,,,"Mexico City, Mexico",9530444629,,,,,,,,,Senior Account Executive,
EMP-C5F634E1231D,skyler.ramseyc5f6,Skyler Ramsey,,,,,,,,,,,USA,Finance,,skyler.ramseyc5f6@example.invalid,1304036918,Ramsey,Skyler,,,,"Austin, TX, USA",0067001250,,,,,,,,,Financial Analyst,
EMP-C35E9EFE0D2A,jasper.sinclairc35e,Jasper Sinclair,,,,,,,,,,,United Kingdom,Legal,,jasper.sinclairc35e@example.invalid,9186546978,Sinclair,Jasper,,,,"London, England, United Kingdom",2258745084,,,,,,,,,Paralegal,
EMP-A2D8ECAFD17F,jasper.ashwortha2d8,Jasper Ashworth,,,,,,,,,,,United Kingdom,Engineering,,jasper.ashwortha2d8@example.invalid,8992064842,Ashworth,Jasper,,,,"London, England, United Kingdom",1677006097,,,,,,,,,Quality Engineer,
EMP-1FE312F89DDA,shira.regev1fe3,Shira Regev,,,,,,,,,,,Israel,Engineering,,shira.regev1fe3@example.invalid,3898640065,Regev,Shira,,,,"Tel Aviv, Israel",0500143343,,,,,,,,,Senior Software Engineer,
EMP-1E8373D80173,avigail.tal1e83,Avigail Tal,,,,,,,,,,,Israel,Engineering,,avigail.tal1e83@example.invalid,4661416203,Tal,Avigail,,,,"Tel Aviv, Israel",2079722361,,,,,,,,,Senior Software Engineer,
EMP-57A19021CC45,dana.dawson57a1,Dana Dawson,,,,,,,,,,,USA,Sales,,dana.dawson57a1@example.invalid,7385556485,Dawson,Dana,,,,"Dallas, TX, USA",0891448944,,,,,,,,,Sales Development Representative,
EMP-CDFFD8511EFB,kavya.joshicdff,Kavya Joshi,,,,,,,,,,,India,Engineering,,kavya.joshicdff@example.invalid,9760197091,Joshi,Kavya,,,,"Pune, Maharashtra, India",1805818302,,,,,,,,,Engineering Manager,
EMP-930F661F1EC0,elliot.foster930f,Elliot Foster,,,,,,,,,,,USA,Marketing,,elliot.foster930f@example.invalid,2072026544,Foster,Elliot,,,,"Austin, TX, USA",1059039744,,,,,,,,,Product Marketing Manager,
EMP-3C5D742B3E7F,logan.tate3c5d,Logan Tate,,,,,,,,,,,USA,People,,logan.tate3c5d@example.invalid,4190693873,Tate,Logan,,,,"Salt Lake City, UT, USA",2329842297,,,,,,,,,Director of People,
EMP-8F148F8CDDC0,elliot.whitaker8f14,Elliot Whitaker,,,,,,,,,,,USA,Customer Success,,elliot.whitaker8f14@example.invalid,2136473395,Whitaker,Elliot,,,,"Phoenix, AZ, USA",0774203541,,,,,,,,,Senior Customer Success Manager,
EMP-685E70208873,jocelyn.mercier685e,Jocelyn Mercier,,,,,,,,,,,Canada,Marketing,,jocelyn.mercier685e@example.invalid,2785813001,Mercier,Jocelyn,,,,"Montréal, Quebec, Canada",1059039744,,,,,,,,,Marketing Director,
EMP-5826F06AA2D7,bruno.carrillo5826,Bruno Carrillo,,,,,,,,,,,Mexico,Sales,,bruno.carrillo5826@example.invalid,5241872759,Carrillo,Bruno,,,,"Mexico City, Mexico",9530444629,,,,,,,,,Senior Account Executive,
EMP-B6B31435A58B,cameron.dawsonb6b3,Cameron Dawson,,,,,,,,,,,USA,Sales,,cameron.dawsonb6b3@example.invalid,6377308422,Dawson,Cameron,,,,"Austin, TX, USA",0891448944,,,,,,,,,Senior Account Executive,
EMP-904CDEB58682,cameron.ramsey904c,Cameron Ramsey,,,,,,,,,,,USA,Sales,,cameron.ramsey904c@example.invalid,0918779262,Ramsey,Cameron,,,,"Austin, TX, USA",0891448944,,,,,,,,,Account Executive,
EMP-98F8E284B0A0,dana.kirby98f8,Dana Kirby,,,,,,,,,,,USA,Design,,dana.kirby98f8@example.invalid,7516133923,Kirby,Dana,,,,"Austin, TX, USA",8721934737,,,,,,,,,Senior Product Designer,
EMP-2CC896BF6F2F,isabela.lozano2cc8,Isabela Lozano,,,,,,,,,,,Mexico,Customer Success,,isabela.lozano2cc8@example.invalid,1959238894,Lozano,Isabela,,,,"Tijuana, Baja California, Mexico",0774203541,,,,,,,,,Support Engineer,
EMP-13B0EA8D5221,rhea.joshi13b0,Rhea Joshi,,,,,,,,,,,India,Engineering,,rhea.joshi13b0@example.invalid,5310944386,Joshi,Rhea,,,,"Pune, Maharashtra, India",3920829373,,,,,,,,,Senior Software Engineer,
EMP-798EFC60EC78,manish.reddy798e,Manish Reddy,,,,,,,,,,,India,Design,,manish.reddy798e@example.invalid,8496559128,Reddy,Manish,,,,"Pune, Maharashtra, India",2488224667,,,,,,,,,Senior Product Designer,
EMP-723B9F4A02BB,shira.mizrahi723b,Shira Mizrahi,,,,,,,,,,,Israel,Engineering,,shira.mizrahi723b@example.invalid,4171968639,Mizrahi,Shira,,,,"Tel Aviv, Israel",4795688632,,,,,,,,,Site Reliability Engineer,
EMP-43920055C563,blake.vaughn4392,Blake Vaughn,,,,,,,,,,,USA,Engineering,,blake.vaughn4392@example.invalid,5524777118,Vaughn,Blake,,,,"Austin, TX, USA",5656559865,,,,,,,,,Senior Software Engineer,
EMP-F25EDC07E8D2,jordan.piercef25e,Jordan Pierce,,,,,,,,,,,USA,Finance,,jordan.piercef25e@example.invalid,1518339164,Pierce,Jordan,,,,"Houston, TX, USA",0067001250,,,,,,,,,Controller,
EMP-355200348C7A,harper.marsh3552,Harper Marsh,,,,,,,,,,,USA,Engineering,,harper.marsh3552@example.invalid,7795566502,Marsh,Harper,,,,"Austin, TX, USA",1733969300,,,,,,,,,Quality Engineer,
EMP-05D8F1DFCACA,camille.whitfield05d8,Camille Whitfield,,,,,,,,,,,Canada,Engineering,,camille.whitfield05d8@example.invalid,8641416372,Whitfield,Camille,,,,"Vancouver, British Columbia, Canada",0159073081,,,,,,,,,Engineering Manager,
EMP-40B27377DA7B,dana.yates40b2,Dana Yates,,,,,,,,,,,USA,Sales,,dana.yates40b2@example.invalid,2885711893,Yates,Dana,,,,"Boston, MA, USA",0891448944,,,,,,,,,Senior Account Executive,
EMP-2B97ED93E067,gaelle.thibault2b97,Gaëlle Thibault,,,,,,,,,,,France,Customer Success,,gaelle.thibault2b97@example.invalid,4495087680,Thibault,Gaëlle,,,,"Paris, France",0774203541,,,,,,,,,Customer Success Manager,
EMP-00F4BAB38CF3,sienna.northcott00f4,Sienna Northcott,,,,,,,,,,,United Kingdom,Engineering,,sienna.northcott00f4@example.invalid,4644104767,Northcott,Sienna,,,,"London, England, United Kingdom",1677006097,,,,,,,,,Senior Software Engineer,
EMP-2B42DD79F843,hamish.stanmore2b42,Hamish Stanmore,,,,,,,,,,,Australia,Customer Success,,hamish.stanmore2b42@example.invalid,8019727527,Stanmore,Hamish,,,,"Sydney, New South Wales, Australia",0774203541,,,,,,,,,Customer Success Manager,
EMP-20EC5EF8F03A,manish.rao20ec,Manish Rao,,,,,,,,,,,India,Marketing,,manish.rao20ec@example.invalid,6992651996,Rao,Manish,,,,"Pune, Maharashtra, India",1899078610,,,,,,,,,Content Marketing Manager,
EMP-6B7CADD1B820,tamar.dahan6b7c,Tamar Dahan,,,,,,,,,,,Israel,Engineering,,tamar.dahan6b7c@example.invalid,5419311050,Dahan,Tamar,,,,"Tel Aviv, Israel",9346450824,,,,,,,,,Software Engineer,
EMP-CEF912243E45,kavya.shettycef9,Kavya Shetty,,,,,,,,,,,India,Engineering,,kavya.shettycef9@example.invalid,7886960071,Shetty,Kavya,,,,"Pune, Maharashtra, India",2101934803,,,,,,,,,Senior Software Engineer,
EMP-8F64206E73DA,reese.dawson8f64,Reese Dawson,,,,,,,,,,,USA,Engineering,,reese.dawson8f64@example.invalid,3856929536,Dawson,Reese,,,,"Seattle, WA, USA",0159073081,,,,,,,,,Senior Software Engineer,
EMP-FCE5F22B0D30,harper.landryfce5,Harper Landry,,,,,,,,,,,USA,Customer Success,,harper.landryfce5@example.invalid,3943388930,Landry,Harper,,,,"Atlanta, GA, USA",0774203541,,,,,,,,,Customer Success Manager,
EMP-5DA7C6D04B99,tamar.tal5da7,Tamar Tal,,,,,,,,,,,Israel,Finance,,tamar.tal5da7@example.invalid,4561800694,Tal,Tamar,,,,"Tel Aviv, Israel",6694081308,,,,,,,,,Accountant,
EMP-4A0D3F1ABBC9,jordan.dawson4a0d,Jordan Dawson,,,,,,,,,,,USA,Sales,,jordan.dawson4a0d@example.invalid,7556121038,Dawson,Jordan,,,,"Austin, TX, USA",0891448944,,,,,,,,,Account Executive,
EMP-CB6DFC5B412E,tanvi.bhattcb6d,Tanvi Bhatt,,,,,,,,,,,India,Engineering,,tanvi.bhattcb6d@example.invalid,1026639503,Bhatt,Tanvi,,,,"Pune, Maharashtra, India",8384827170,,,,,,,,,Senior Software Engineer,
EMP-EA4CC3D17A0A,eitan.erezea4c,Eitan Erez,,,,,,,,,,,Israel,Customer Success,,eitan.erezea4c@example.invalid,7568257769,Erez,Eitan,,,,"Tel Aviv, Israel",0774203541,,,,,,,,,Senior Customer Success Manager,
EMP-D291A116C1F2,blake.tated291,Blake Tate,,,,,,,,,,,USA,Legal,,blake.tated291@example.invalid,8703139265,Tate,Blake,,,,"Austin, TX, USA",8694632567,,,,,,,,,Corporate Counsel,
EMP-CB9FCF220F60,rhea.waghcb9f,Rhea Wagh,,,,,,,,,,,India,IT,,rhea.waghcb9f@example.invalid,6190162969,Wagh,Rhea,,,,"Pune, Maharashtra, India",2203223627,,,,,,,,,IT Operations Engineer,
EMP-F73B0B3D43BB,priya.chauhanf73b,Priya Chauhan,,,,,,,,,,,India,Engineering,,priya.chauhanf73b@example.invalid,8751407259,Chauhan,Priya,,,,"Pune, Maharashtra, India",8384827170,,,,,,,,,Senior Software Engineer,
EMP-108BCFCF23F0,yusuke.yamashita108b,Yusuke Yamashita,,,,,,,,,,,Japan,Customer Success,,yusuke.yamashita108b@example.invalid,4937766338,Yamashita,Yusuke,,,,"Tokyo, Japan",0774203541,,,,,,,,,Senior Customer Success Manager,
EMP-E929470E7723,maya.dahane929,Maya Dahan,,,,,,,,,,,Israel,Engineering,,maya.dahane929@example.invalid,2336274056,Dahan,Maya,,,,"Tel Aviv, Israel",9612623308,,,,,,,,,Software Engineer,
EMP-8458EB2D22F7,carter.landry8458,Carter Landry,,,,,,,,,,,USA,Legal,,carter.landry8458@example.invalid,0049741198,Landry,Carter,,,,"Austin, TX, USA",7740380250,,,,,,,,,Corporate Counsel,
EMP-9F63F6284854,diego.herrera9f63,Diego Herrera,,,,,,,,,,,Mexico,Sales,,diego.herrera9f63@example.invalid,7597544786,Herrera,Diego,,,,"Tijuana, Baja California, Mexico",0891448944,,,,,,,,,Account Executive,
EMP-FFFF3E9776EB,sawyer.landryffff,Sawyer Landry,,,,,,,,,,,USA,Customer Success,,sawyer.landryffff@example.invalid,8988954975,Landry,Sawyer,,,,"Austin, TX, USA",2668820698,,,,,,,,,Customer Success Manager,
EMP-BAA054EE9F4D,george.halliwellbaa0,George Halliwell,,,,,,,,,,,United Kingdom,Customer Success,,george.halliwellbaa0@example.invalid,1179910911,Halliwell,George,,,,"London, England, United Kingdom",1594822528,,,,,,,,,Support Engineer,
EMP-F0B308691290,kirra.hargreavesf0b3,Kirra Hargreaves,,,,,,,,,,,Australia,Product,,kirra.hargreavesf0b3@example.invalid,7309974641,Hargreaves,Kirra,,,,"Sydney, New South Wales, Australia",0280006242,,,,,,,,,Product Manager,
EMP-B5D8162B2AA7,camille.mercierb5d8,Camille Mercier,,,,,,,,,,,Canada,Sales,,camille.mercierb5d8@example.invalid,0489507349,Mercier,Camille,,,,"Toronto, Ontario, Canada",0891448944,,,,,,,,,Enterprise Account Executive,
EMP-DAA780C00CEA,emi.okabedaa7,Emi Okabe,,,,,,,,,,,Japan,People,,emi.okabedaa7@example.invalid,3717739103,Okabe,Emi,,,,"Tokyo, Japan",2329842297,,,,,,,,,Recruiter,
EMP-27CCA6760A69,lachlan.quinlan27cc,Lachlan Quinlan,,,,,,,,,,,Australia,Sales,,lachlan.quinlan27cc@example.invalid,8639189316,Quinlan,Lachlan,,,,"Sydney, New South Wales, Australia",5512754459,,,,,,,,,Account Executive,
EMP-F24B770EC346,cameron.kirbyf24b,Cameron Kirby,,,,,,,,,,,USA,Product,,cameron.kirbyf24b@example.invalid,5721303171,Kirby,Cameron,,,,"Austin, TX, USA",2913310464,,,,,,,,,Senior Product Manager,
EMP-1B9B6A25BF5F,manish.joshi1b9b,Manish Joshi,,,,,,,,,,,India,Engineering,,manish.joshi1b9b@example.invalid,0771228154,Joshi,Manish,,,,"Pune, Maharashtra, India",6854525371,,,,,,,,,Software Engineer,
EMP-B25900C4625E,quinn.vaughnb259,Quinn Vaughn,,,,,,,,,,,USA,Engineering,,quinn.vaughnb259@example.invalid,5142358102,Vaughn,Quinn,,,,"Salt Lake City, UT, USA",6026568383,,,,,,,,,Software Engineer,
EMP-637BEE2F011C,nolan.bennett637b,Nolan Bennett,,,,,,,,,,,USA,Engineering,,nolan.bennett637b@example.invalid,7539781675,Bennett,Nolan,,,,"Dallas, TX, USA",0159073081,,,,,,,,,Director of Engineering,
EMP-683AC6D38252,quinn.ashford683a,Quinn Ashford,,,,,,,,,,,USA,Engineering,,quinn.ashford683a@example.invalid,0320545771,Ashford,Quinn,,,,"Austin, TX, USA",1762759458,,,,,,,,,Senior Software Engineer,
EMP-A0DE0DA6AFA8,oscar.herreraa0de,Óscar Herrera,,,,,,,,,,,Mexico,Customer Success,,oscar.herreraa0de@example.invalid,0460993468,Herrera,Óscar,,,,"Puebla, Mexico",0774203541,,,,,,,,,Customer Success Manager,
EMP-9F89B5F802B8,javier.ocampo9f89,Javier Ocampo,,,,,,,,,,,Mexico,IT,,javier.ocampo9f89@example.invalid,0642042456,Ocampo,Javier,,,,"Monterrey, Nuevo León, Mexico",2203223627,,,,,,,,,Systems Administrator,
EMP-655382E895BD,manish.mehta6553,Manish Mehta,,,,,,,,,,,India,Engineering,,manish.mehta6553@example.invalid,6353923775,Mehta,Manish,,,,"Pune, Maharashtra, India",1887576056,,,,,,,,,Staff Software Engineer,
EMP-BC829210D924,aarav.sharmabc82,Aarav Sharma,,,,,,,,,,,India,Engineering,,aarav.sharmabc82@example.invalid,7162986897,Sharma,Aarav,,,,"Pune, Maharashtra, India",6400519124,,,,,,,,,Software Engineer,
EMP-4526EFCAA755,javier.ocampo4526,Javier Ocampo,,,,,,,,,,,Mexico,IT,,javier.ocampo4526@example.invalid,1401882263,Ocampo,Javier,,,,"Mexico City, Mexico",9329022060,,,,,,,,,IT Support Specialist,
EMP-8E703F7C1DB8,skyler.yates8e70,Skyler Yates,,,,,,,,,,,USA,Product,,skyler.yates8e70@example.invalid,3084503643,Yates,Skyler,,,,"Austin, TX, USA",2913310464,,,,,,,,,Product Manager,
EMP-CDAEF78C01D2,imogen.dunmorecdae,Imogen Dunmore,,,,,,,,,,,United Kingdom,Customer Success,,imogen.dunmorecdae@example.invalid,4420921543,Dunmore,Imogen,,,,"London, England, United Kingdom",1594822528,,,,,,,,,Senior Support Engineer,
EMP-652E8F064E59,lachlan.barrington652e,Lachlan Barrington,,,,,,,,,,,Australia,Customer Success,,lachlan.barrington652e@example.invalid,4006491649,Barrington,Lachlan,,,,"Sydney, New South Wales, Australia",0774203541,,,,,,,,,Senior Customer Success Manager,
EMP-3584DE494CE7,morgan.ashford3584,Morgan Ashford,,,,,,,,,,,USA,Product,,morgan.ashford3584@example.invalid,7340182787,Ashford,Morgan,,,,"Austin, TX, USA",4485408201,,,,,,,,,Senior Product Manager,
EMP-350CDBC0D462,riley.whitaker350c,Riley Whitaker,,,,,,,,,,,USA,Sales,,riley.whitaker350c@example.invalid,4974150023,Whitaker,Riley,,,,"Raleigh, NC, USA",0891448944,,,,,,,,,Senior Account Executive,
EMP-C889B329E830,kavya.nairc889,Kavya Nair,,,,,,,,,,,India,Design,,kavya.nairc889@example.invalid,1965461617,Nair,Kavya,,,,"Pune, Maharashtra, India",2488224667,,,,,,,,,Senior Product Designer,
EMP-467F3A70A811,gaelle.delacroix467f,Gaëlle Delacroix,,,,,,,,,,,France,Sales,,gaelle.delacroix467f@example.invalid,0227655968,Delacroix,Gaëlle,,,,"Paris, France",0891448944,,,,,,,,,Sales Development Representative,
EMP-D571977B8339,skyler.vaughnd571,Skyler Vaughn,,,,,,,,,,,USA,Sales,,skyler.vaughnd571@example.invalid,9185290735,Vaughn,Skyler,,,,"Austin, TX, USA",0891448944,,,,,,,,,Solutions Engineer,
EMP-B620200BA30D,javier.ocampob620,Javier Ocampo,,,,,,,,,,,Mexico,Customer Success,,javier.ocampob620@example.invalid,8509911293,Ocampo,Javier,,,,"Monterrey, Nuevo León, Mexico",4825025950,,,,,,,,,Technical Account Manager,
EMP-528FC2F74C64,ananya.rao528f,Ananya Rao,,,,,,,,,,,India,Product,,ananya.rao528f@example.invalid,0174070931,Rao,Ananya,,,,"Pune, Maharashtra, India",1561337976,,,,,,,,,Product Manager,
EMP-8B10F639534A,daniel.barkai8b10,Daniel Barkai,,,,,,,,,,,Israel,Engineering,,daniel.barkai8b10@example.invalid,6970332904,Barkai,Daniel,,,,"Tel Aviv, Israel",4795688632,,,,,,,,,Quality Engineer,
EMP-190C3B0A91F0,devika.chauhan190c,Devika Chauhan,,,,,,,,,,,India,Engineering,,devika.chauhan190c@example.invalid,7252928358,Chauhan,Devika,,,,"Pune, Maharashtra, India",6854525371,,,,,,,,,Site Reliability Engineer,
EMP-B46403E7FF28,ishaan.chauhanb464,Ishaan Chauhan,,,,,,,,,,,India,Engineering,,ishaan.chauhanb464@example.invalid,9451243384,Chauhan,Ishaan,,,,"Pune, Maharashtra, India",6400519124,,,,,,,,,Software Engineer,
EMP-9817AC630858,daisy.halliwell9817,Daisy Halliwell,,,,,,,,,,,United Kingdom,Customer Success,,daisy.halliwell9817@example.invalid,9571120872,Halliwell,Daisy,,,,"London, England, United Kingdom",7096693014,,,,,,,,,Technical Account Manager,
EMP-3B747565FA86,elliot.kirby3b74,Elliot Kirby,,,,,,,,,,,USA,Engineering,,elliot.kirby3b74@example.invalid,6391474147,Kirby,Elliot,,,,"Austin, TX, USA",9750141879,,,,,,,,,Site Reliability Engineer,
EMP-2BA5D6EC98FB,freya.lockhart2ba5,Freya Lockhart,,,,,,,,,,,United Kingdom,Legal,,freya.lockhart2ba5@example.invalid,6455372953,Lockhart,Freya,,,,"London, England, United Kingdom",5358307679,,,,,,,,,Paralegal,
EMP-6157D6418C34,callum.fairbanks6157,Callum Fairbanks,,,,,,,,,,,United Kingdom,Finance,,callum.fairbanks6157@example.invalid,1666299440,Fairbanks,Callum,,,,"London, England, United Kingdom",4316997889,,,,,,,,,Accountant,
EMP-7DAAA6BF5905,omer.ophir7daa,Omer Ophir,,,,,,,,,,,Israel,Engineering,,omer.ophir7daa@example.invalid,1544274791,Ophir,Omer,,,,"Tel Aviv, Israel",8991844032,,,,,,,,,Software Engineer,
EMP-052BCBA22B13,manish.deshmukh052b,Manish Deshmukh,,,,,,,,,,,India,Product,,manish.deshmukh052b@example.invalid,1556035210,Deshmukh,Manish,,,,"Pune, Maharashtra, India",1561337976,,,,,,,,,Senior Product Manager,
EMP-5B41A9CEFE08,farhan.joshi5b41,Farhan Joshi,,,,,,,,,,,India,Finance,,farhan.joshi5b41@example.invalid,7427969894,Joshi,Farhan,,,,"Pune, Maharashtra, India",8806961831,,,,,,,,,Accountant,
EMP-F31FF1E897AB,daniel.talf31f,Daniel Tal,,,,,,,,,,,Israel,Sales,,daniel.talf31f@example.invalid,6773801037,Tal,Daniel,,,,"Tel Aviv, Israel",0891448944,,,,,,,,,Account Executive,
EMP-810E271902D5,logan.ramsey810e,Logan Ramsey,,,,,,,,,,,USA,Customer Success,,logan.ramsey810e@example.invalid,8941888270,Ramsey,Logan,,,,"Atlanta, GA, USA",0774203541,,,,,,,,,Senior Customer Success Manager,
EMP-382B33EC5613,blake.grayson382b,Blake Grayson,,,,,,,,,,,USA,Sales,,blake.grayson382b@example.invalid,0271920677,Grayson,Blake,,,,"Austin, TX, USA",0891448944,,,,,,,,,Account Executive,
EMP-9595509D2630,nikhil.joshi9595,Nikhil Joshi,,,,,,,,,,,India,Engineering,,nikhil.joshi9595@example.invalid,9061933574,Joshi,Nikhil,,,,"Pune, Maharashtra, India",1887576056,,,,,,,,,Software Engineer,
EMP-FF2053EDCA71,elena.quinteroff20,Elena Quintero,,,,,,,,,,,Mexico,Sales,,elena.quinteroff20@example.invalid,9695129047,Quintero,Elena,,,,"Guadalajara, Jalisco, Mexico",0891448944,,,,,,,,,Regional Sales Director,
EMP-4030CAF35366,sawyer.tate4030,Sawyer Tate,,,,,,,,,,,USA,Sales,,sawyer.tate4030@example.invalid,3734561718,Tate,Sawyer,,,,"Austin, TX, USA",0891448944,,,,,,,,,Sales Development Representative,
EMP-06DFB5D03705,camille.fortin06df,Camille Fortin,,,,,,,,,,,Canada,Sales,,camille.fortin06df@example.invalid,9914998280,Fortin,Camille,,,,"Toronto, Ontario, Canada",0891448944,,,,,,,,,Enterprise Account Executive,
EMP-A19060008982,vikram.mehtaa190,Vikram Mehta,,,,,,,,,,,India,Sales,,vikram.mehtaa190@example.invalid,2176033995,Mehta,Vikram,,,,"Pune, Maharashtra, India",7693206320,,,,,,,,,Account Executive,
EMP-D9AD6D0EDF8A,jordan.graysond9ad,Jordan Grayson,,,,,,,,,,,USA,People,,jordan.graysond9ad@example.invalid,7848695280,Grayson,Jordan,,,,"Austin, TX, USA",2329842297,,,,,,,,,Director of People,
EMP-0E3A13A3596F,manish.mehta0e3a,Manish Mehta,,,,,,,,,,,India,Design,,manish.mehta0e3a@example.invalid,7481306622,Mehta,Manish,,,,"Pune, Maharashtra, India",2488224667,,,,,,,,,Senior Product Designer,
EMP-7C71A56F1A7F,reese.kirby7c71,Reese Kirby,,,,,,,,,,,USA,Marketing,,reese.kirby7c71@example.invalid,9675895738,Kirby,Reese,,,,"Austin, TX, USA",1059039744,,,,,,,,,Product Marketing Manager,
EMP-A7BA1B034837,oscar.penaa7ba,Óscar Peña,,,,,,,,,,,Mexico,IT,,oscar.penaa7ba@example.invalid,0912568541,Peña,Óscar,,,,"Mexico City, Mexico",9329022060,,,,,,,,,Identity Engineer,
EMP-A8426756FFD9,alfie.blackwooda842,Alfie Blackwood,,,,,,,,,,,United Kingdom,Customer Success,,alfie.blackwooda842@example.invalid,0192064056,Blackwood,Alfie,,,,"London, England, United Kingdom",3151268880,,,,,,,,,Senior Customer Success Manager,
EMP-6F759175EFE9,dana.whitaker6f75,Dana Whitaker,,,,,,,,,,,USA,Engineering,,dana.whitaker6f75@example.invalid,6207407791,Whitaker,Dana,,,,"Austin, TX, USA",8800603512,,,,,,,,,Senior Software Engineer,
EMP-010DC05FA069,dana.ashford010d,Dana Ashford,,,,,,,,,,,USA,Customer Success,,dana.ashford010d@example.invalid,5680856083,Ashford,Dana,,,,"Austin, TX, USA",3932728268,,,,,,,,,Customer Success Manager,
EMP-DECE83C040B0,sora.inouedece,Sora Inoue,,,,,,,,,,,Japan,Engineering,,sora.inouedece@example.invalid,3364687410,Inoue,Sora,,,,"Tokyo, Japan",0159073081,,,,,,,,,Senior Software Engineer,
EMP-B2985CEA366A,florian.gauthierb298,Florian Gauthier,,,,,,,,,,,France,Sales,,florian.gauthierb298@example.invalid,6216276473,Gauthier,Florian,,,,"Paris, France",0891448944,,,,,,,,,Enterprise Account Executive,
EMP-58489F8DBD15,oscar.herrera5848,Óscar Herrera,,,,,,,,,,,Mexico,Customer Success,,oscar.herrera5848@example.invalid,4772309095,Herrera,Óscar,,,,"Mexico City, Mexico",6260880146,,,,,,,,,Support Engineer,
EMP-C60E007513D3,neha.waghc60e,Neha Wagh,,,,,,,,,,,India,Engineering,,neha.waghc60e@example.invalid,2027504084,Wagh,Neha,,,,"Pune, Maharashtra, India",5157274529,,,,,,,,,Principal Engineer,
EMP-1436BBBF5884,manish.nair1436,Manish Nair,,,,,,,,,,,India,Engineering,,manish.nair1436@example.invalid,9999130493,Nair,Manish,,,,"Pune, Maharashtra, India",0377561358,,,,,,,,,Senior Software Engineer,
EMP-C8C9CE9B550D,ilse.dekkerc8c9,Ilse Dekker,,,,,,,,,,,Netherlands,Product,,ilse.dekkerc8c9@example.invalid,4446600756,Dekker,Ilse,,,,"Amsterdam, Netherlands",0280006242,,,,,,,,,Principal Product Manager,
EMP-92D1C7C517C2,nolan.ellison92d1,Nolan Ellison,,,,,,,,,,,USA,Legal,,nolan.ellison92d1@example.invalid,8991090362,Ellison,Nolan,,,,"Washington, DC, USA",0400249940,,,,,,,,,Corporate Counsel,
EMP-704305B1C38C,blake.hollis7043,Blake Hollis,,,,,,,,,,,USA,Sales,,blake.hollis7043@example.invalid,6735688312,Hollis,Blake,,,,"Austin, TX, USA",0891448944,,,,,,,,,Account Executive,
EMP-36860FF9F087,lottie.waverley3686,Lottie Waverley,,,,,,,,,,,United Kingdom,Finance,,lottie.waverley3686@example.invalid,1084007260,Waverley,Lottie,,,,"London, England, United Kingdom",4316997889,,,,,,,,,Accountant,
EMP-7951C6A13F4F,tanner.pierce7951,Tanner Pierce,,,,,,,,,,,USA,Customer Success,,tanner.pierce7951@example.invalid,7557041490,Pierce,Tanner,,,,"Austin, TX, USA",3932728268,,,,,,,,,Senior Customer Success Manager,
EMP-B9927642BCBC,neha.reddyb992,Neha Reddy,,,,,,,,,,,India,Engineering,,neha.reddyb992@example.invalid,2622806097,Reddy,Neha,,,,"Pune, Maharashtra, India",7666260215,,,,,,,,,Senior Software Engineer,
EMP-A9F9279AC0B6,skyler.fostera9f9,Skyler Foster,,,,,,,,,,,USA,Product,,skyler.fostera9f9@example.invalid,7222411674,Foster,Skyler,,,,"Austin, TX, USA",0280006242,,,,,,,,,Technical Program Manager,
EMP-B997A39CA771,bruno.navab997,Bruno Nava,,,,,,,,,,,Mexico,Sales,,bruno.navab997@example.invalid,1719404698,Nava,Bruno,,,,"Mexico City, Mexico",9812394783,,,,,,,,,Senior Account Executive,
EMP-D38EB36CBE00,yuki.aizawad38e,Yuki Aizawa,,,,,,,,,,,Japan,Sales,,yuki.aizawad38e@example.invalid,8321262622,Aizawa,Yuki,,,,"Tokyo, Japan",0891448944,,,,,,,,,Sales Development Representative,
EMP-F2CD8D1E4F39,nolan.ellisonf2cd,Nolan Ellison,,,,,,,,,,,USA,Design,,nolan.ellisonf2cd@example.invalid,8721934737,Ellison,Nolan,,,,"Austin, TX, USA",2226904486,,,,,,,,,Design Manager,
EMP-9980D94A73AA,bram.meijer9980,Bram Meijer,,,,,,,,,,,Netherlands,Customer Success,,bram.meijer9980@example.invalid,8613314201,Meijer,Bram,,,,"Amsterdam, Netherlands",5486230153,,,,,,,,,Customer Success Manager,
EMP-629BEC11ABD8,george.thornbury629b,George Thornbury,,,,,,,,,,,United Kingdom,Sales,,george.thornbury629b@example.invalid,7748760027,Thornbury,George,,,,"London, England, United Kingdom",0891448944,,,,,,,,,Regional Sales Director,
EMP-0AB9BB5A3E94,skyler.marsh0ab9,Skyler Marsh,,,,,,,,,,,USA,Sales,,skyler.marsh0ab9@example.invalid,7342147818,Marsh,Skyler,,,,"Minneapolis, MN, USA",0891448944,,,,,,,,,Senior Account Executive,
EMP-021458B9E4F7,archie.rutherford0214,Archie Rutherford,,,,,,,,,,,Australia,Sales,,archie.rutherford0214@example.invalid,3043691353,Rutherford,Archie,,,,"Sydney, New South Wales, Australia",0891448944,,,,,,,,,Regional Sales Director,
EMP-6F6409F5C73A,morgan.landry6f64,Morgan Landry,,,,,,,,,,,USA,Marketing,,morgan.landry6f64@example.invalid,7095211529,Landry,Morgan,,,,"Austin, TX, USA",1059039744,,,,,,,,,Product Marketing Manager,
EMP-6C3DD1C3A1C1,sawyer.kirby6c3d,Sawyer Kirby,,,,,,,,,,,USA,Design,,sawyer.kirby6c3d@example.invalid,7838236547,Kirby,Sawyer,,,,"New York City, NY, USA",2226904486,,,,,,,,,Product Designer,
EMP-CB177350F341,camila.jimenezcb17,Camila Jiménez,,,,,,,,,,,Mexico,Sales,,camila.jimenezcb17@example.invalid,5679467473,Jiménez,Camila,,,,"Mexico City, Mexico",9812394783,,,,,,,,,Account Executive,
EMP-9C9C7E91336D,reese.ramsey9c9c,Reese Ramsey,,,,,,,,,,,USA,Sales,,reese.ramsey9c9c@example.invalid,8381793071,Ramsey,Reese,,,,"Austin, TX, USA",0891448944,,,,,,,,,Enterprise Account Executive,
EMP-10DAF44C394F,peyton.bennett10da,Peyton Bennett,,,,,,,,,,,USA,Product,,peyton.bennett10da@example.invalid,7745950004,Bennett,Peyton,,,,"Austin, TX, USA",0280006242,,,,,,,,,Product Manager,
EMP-BB42EFD27963,javier.penabb42,Javier Peña,,,,,,,,,,,Mexico,Customer Success,,javier.penabb42@example.invalid,0814151204,Peña,Javier,,,,"Mexico City, Mexico",1862102718,,,,,,,,,Senior Support Engineer,
EMP-2832B4475770,vikram.patil2832,Vikram Patil,,,,,,,,,,,India,Engineering,,vikram.patil2832@example.invalid,8855313872,Patil,Vikram,,,,"Pune, Maharashtra, India",9762329093,,,,,,,,,Software Engineer,
EMP-EB0FBA6942F3,logan.fostereb0f,Logan Foster,,,,,,,,,,,USA,Engineering,,logan.fostereb0f@example.invalid,4821311744,Foster,Logan,,,,"Austin, TX, USA",8800603512,,,,,,,,,Site Reliability Engineer,
EMP-EBD59102BFF6,lucia.bautistaebd5,Lucía Bautista,,,,,,,,,,,Mexico,Product,,lucia.bautistaebd5@example.invalid,9949032117,Bautista,Lucía,,,,"Mexico City, Mexico",0280006242,,,,,,,,,Product Manager,
EMP-4EC5940A6F58,peyton.foster4ec5,Peyton Foster,,,,,,,,,,,USA,Engineering,,peyton.foster4ec5@example.invalid,7909036291,Foster,Peyton,,,,"Austin, TX, USA",1762759458,,,,,,,,,Software Engineer,
EMP-89785F147625,ishaan.joshi8978,Ishaan Joshi,,,,,,,,,,,India,Engineering,,ishaan.joshi8978@example.invalid,1887576056,Joshi,Ishaan,,,,"Pune, Maharashtra, India",1805818302,,,,,,,,,Engineering Manager,
EMP-DF385965F0E0,oscar.ocampodf38,Óscar Ocampo,,,,,,,,,,,Mexico,Product,,oscar.ocampodf38@example.invalid,3521547839,Ocampo,Óscar,,,,"Mexico City, Mexico",0280006242,,,,,,,,,Product Manager,
EMP-DDE2AE3C27A5,kelsey.sheltondde2,Kelsey Shelton,,,,,,,,,,,USA,IT,,kelsey.sheltondde2@example.invalid,0505121417,Shelton,Kelsey,,,,"Austin, TX, USA",7376848747,,,,,,,,,Systems Administrator,
EMP-2D33BFE05E69,tanvi.shetty2d33,Tanvi Shetty,,,,,,,,,,,India,Marketing,,tanvi.shetty2d33@example.invalid,5896539078,Shetty,Tanvi,,,,"Pune, Maharashtra, India",6875275236,,,,,,,,,Product Marketing Manager,
EMP-5D61882D9930,ishaan.gokhale5d61,Ishaan Gokhale,,,,,,,,,,,India,Sales,,ishaan.gokhale5d61@example.invalid,7693206320,Gokhale,Ishaan,,,,"Pune, Maharashtra, India",0891448944,,,,,,,,,Regional Sales Director,
EMP-8B9CB9D947FB,nolan.carver8b9c,Nolan Carver,,,,,,,,,,,Thailand,Engineering,,nolan.carver8b9c@example.invalid,0505526969,Carver,Nolan,,,,"Bangkok, Thailand",0159073081,,,,,,,,,Software Engineer,
EMP-555F5B0C41FA,kavya.rao555f,Kavya Rao,,,,,,,,,,,India,Engineering,,kavya.rao555f@example.invalid,4216041610,Rao,Kavya,,,,"Pune, Maharashtra, India",6030538551,,,,,,,,,Staff Software Engineer,
EMP-C27281205CFA,ishaan.deshmukhc272,Ishaan Deshmukh,,,,,,,,,,,India,Engineering,,ishaan.deshmukhc272@example.invalid,6701875438,Deshmukh,Ishaan,,,,"Pune, Maharashtra, India",3920829373,,,,,,,,,Software Engineer,
EMP-5F5CE8DCA74F,kelsey.bennett5f5c,Kelsey Bennett,,,,,,,,,,,USA,Sales,,kelsey.bennett5f5c@example.invalid,5858008265,Bennett,Kelsey,,,,"Austin, TX, USA",0891448944,,,,,,,,,Enterprise Account Executive,
EMP-07A3A270BC69,lea.sauvage07a3,Léa Sauvage,,,,,,,,,,,France,Engineering,,lea.sauvage07a3@example.invalid,4550374318,Sauvage,Léa,,,,"Paris, France",3676826529,,,,,,,,,Software Engineer,
EMP-418CB49AB9F2,diego.quintero418c,Diego Quintero,,,,,,,,,,,Mexico,Sales,,diego.quintero418c@example.invalid,5842441988,Quintero,Diego,,,,"Santiago de Querétaro, Querétaro, Mexico",0891448944,,,,,,,,,Account Executive,
EMP-4AF7D48FCEE7,skyler.whitaker4af7,Skyler Whitaker,,,,,,,,,,,Saudi Arabia,Sales,,skyler.whitaker4af7@example.invalid,2170866088,Whitaker,Skyler,,,,"Riyadh, Riyadh Region, Saudi Arabia",0891448944,,,,,,,,,Account Executive,
EMP-CD183012719E,imogen.halliwellcd18,Imogen Halliwell,,,,,,,,,,,United Kingdom,Sales,,imogen.halliwellcd18@example.invalid,2990068149,Halliwell,Imogen,,,,"London, England, United Kingdom",7748760027,,,,,,,,,Account Executive,
EMP-A3ADE85EB520,gaelle.noireta3ad,Gaëlle Noiret,,,,,,,,,,,France,Customer Success,,gaelle.noireta3ad@example.invalid,2616593850,Noiret,Gaëlle,,,,"Paris, France",0774203541,,,,,,,,,Technical Account Manager,
EMP-40F3338ABA43,carter.pierce40f3,Carter Pierce,,,,,,,,,,,USA,Marketing,,carter.pierce40f3@example.invalid,8691546746,Pierce,Carter,,,,"Austin, TX, USA",1059039744,,,,,,,,,Product Marketing Manager,
EMP-C252FE694E1B,rodrigo.mendozac252,Rodrigo Mendoza,,,,,,,,,,,Mexico,Customer Success,,rodrigo.mendozac252@example.invalid,9683751599,Mendoza,Rodrigo,,,,"Mexico City, Mexico",1710814652,,,,,,,,,Senior Customer Success Manager,
EMP-6C93AA514A3B,kirra.duggan6c93,Kirra Duggan,,,,,,,,,,,Australia,Customer Success,,kirra.duggan6c93@example.invalid,3787198660,Duggan,Kirra,,,,"Sydney, New South Wales, Australia",0774203541,,,,,,,,,Customer Success Manager,
EMP-24D0FF9C8AAF,aarav.sharma24d0,Aarav Sharma,,,,,,,,,,,India,Engineering,,aarav.sharma24d0@example.invalid,8327928027,Sharma,Aarav,,,,"Pune, Maharashtra, India",5895814967,,,,,,,,,Quality Engineer,
EMP-1B29466EBCC4,kirra.ashby1b29,Kirra Ashby,,,,,,,,,,,Australia,Customer Success,,kirra.ashby1b29@example.invalid,4496530639,Ashby,Kirra,,,,"Sydney, New South Wales, Australia",0774203541,,,,,,,,,Technical Account Manager,
EMP-3A4416A1F04F,amit.harel3a44,Amit Harel,,,,,,,,,,,Israel,Product,,amit.harel3a44@example.invalid,7393454548,Harel,Amit,,,,"Tel Aviv, Israel",5977531353,,,,,,,,,Product Manager,
EMP-831DD2C9B630,nolan.ramsey831d,Nolan Ramsey,,,,,,,,,,,USA,Engineering,,nolan.ramsey831d@example.invalid,7080040790,Ramsey,Nolan,,,,"Austin, TX, USA",5656559865,,,,,,,,,Principal Engineer,
EMP-415E50DE738D,kelsey.carver415e,Kelsey Carver,,,,,,,,,,,USA,Design,,kelsey.carver415e@example.invalid,6627740589,Carver,Kelsey,,,,"Seattle, WA, USA",2226904486,,,,,,,,,Product Designer,
EMP-95FC721BE7C4,jordan.dawson95fc,Jordan Dawson,,,,,,,,,,,USA,Engineering,,jordan.dawson95fc@example.invalid,9960437292,Dawson,Jordan,,,,"Seattle, WA, USA",0159073081,,,,,,,,,Quality Engineer,
EMP-4DB4DC2C8CA4,quinn.norton4db4,Quinn Norton,,,,,,,,,,,USA,Sales,,quinn.norton4db4@example.invalid,0624613271,Norton,Quinn,,,,"Austin, TX, USA",0891448944,,,,,,,,,Sales Development Representative,
EMP-3E38B9CD0598,elliot.landry3e38,Elliot Landry,,,,,,,,,,,USA,People,,elliot.landry3e38@example.invalid,9260662800,Landry,Elliot,,,,"Austin, TX, USA",2473487213,,,,,,,,,Senior Recruiter,
EMP-00F9F2C8C54F,hector.nava00f9,Héctor Nava,,,,,,,,,,,Mexico,Product,,hector.nava00f9@example.invalid,3318680611,Nava,Héctor,,,,"Mexico City, Mexico",0280006242,,,,,,,,,Product Manager,
EMP-C975EE145671,rahul.bhattc975,Rahul Bhatt,,,,,,,,,,,India,Engineering,,rahul.bhattc975@example.invalid,5015727265,Bhatt,Rahul,,,,"Pune, Maharashtra, India",1136502125,,,,,,,,,Site Reliability Engineer,
EMP-C8129CEA91BF,morgan.ellisonc812,Morgan Ellison,,,,,,,,,,,Austria,Sales,,morgan.ellisonc812@example.invalid,8447920906,Ellison,Morgan,,,,"Vienna, Austria",0891448944,,,,,,,,,Senior Account Executive,
EMP-7D1AA01C3DFD,imogen.cartwright7d1a,Imogen Cartwright,,,,,,,,,,,United Kingdom,Product,,imogen.cartwright7d1a@example.invalid,7295026555,Cartwright,Imogen,,,,"London, England, United Kingdom",0280006242,,,,,,,,,Product Manager,
EMP-43926B92D910,maya.katz4392,Maya Katz,,,,,,,,,,,Israel,Marketing,,maya.katz4392@example.invalid,5592059548,Katz,Maya,,,,"Tel Aviv, Israel",1059039744,,,,,,,,,Marketing Specialist,
EMP-734B100CE5F4,ananya.sharma734b,Ananya Sharma,,,,,,,,,,,India,Product,,ananya.sharma734b@example.invalid,5198679863,Sharma,Ananya,,,,"Pune, Maharashtra, India",8877427041,,,,,,,,,Product Manager,
EMP-EBE649D98739,lea.rousseauebe6,Léa Rousseau,,,,,,,,,,,France,Finance,,lea.rousseauebe6@example.invalid,2181922929,Rousseau,Léa,,,,"Paris, France",0067001250,,,,,,,,,Financial Analyst,
EMP-FD170CBCA49B,natalia.mendozafd17,Natalia Mendoza,,,,,,,,,,,Mexico,Customer Success,,natalia.mendozafd17@example.invalid,0415166378,Mendoza,Natalia,,,,"Mexico City, Mexico",1710814652,,,,,,,,,Senior Customer Success Manager,
EMP-25F58D174D00,skyler.kirby25f5,Skyler Kirby,,,,,,,,,,,USA,Engineering,,skyler.kirby25f5@example.invalid,9913080821,Kirby,Skyler,,,,"Austin, TX, USA",1762759458,,,,,,,,,Software Engineer,
EMP-93DCAEBF86B0,imogen.dunmore93dc,Imogen Dunmore,,,,,,,,,,,United Kingdom,Legal,,imogen.dunmore93dc@example.invalid,6073427935,Dunmore,Imogen,,,,"London, England, United Kingdom",2258745084,,,,,,,,,Compliance Analyst,
EMP-0169B89266FB,gabriel.nadeau0169,Gabriel Nadeau,,,,,,,,,,,Canada,Product,,gabriel.nadeau0169@example.invalid,5525031988,Nadeau,Gabriel,,,,"Toronto, Ontario, Canada",0280006242,,,,,,,,,Senior Product Manager,
EMP-2B56A7F89140,tamar.avraham2b56,Tamar Avraham,,,,,,,,,,,Israel,Engineering,,tamar.avraham2b56@example.invalid,7658680431,Avraham,Tamar,,,,"Tel Aviv, Israel",9612623308,,,,,,,,,Software Engineer,
EMP-0455E7C4E739,sawyer.ashford0455,Sawyer Ashford,,,,,,,,,,,USA,Marketing,,sawyer.ashford0455@example.invalid,2051008917,Ashford,Sawyer,,,,"San Francisco, CA, USA",1059039744,,,,,,,,,Content Marketing Manager,
EMP-76366E384B86,devika.sharma7636,Devika Sharma,,,,,,,,,,,India,Customer Success,,devika.sharma7636@example.invalid,3282195466,Sharma,Devika,,,,"Pune, Maharashtra, India",4373359127,,,,,,,,,Support Engineer,
EMP-2AB6157EF048,sawyer.jennings2ab6,Sawyer Jennings,,,,,,,,,,,USA,Engineering,,sawyer.jennings2ab6@example.invalid,0295635594,Jennings,Sawyer,,,,"Honolulu, HI, USA",0159073081,,,,,,,,,Director of Engineering,
EMP-CD536CDD464A,emi.yoshinagacd53,Emi Yoshinaga,,,,,,,,,,,Japan,Customer Success,,emi.yoshinagacd53@example.invalid,8465086802,Yoshinaga,Emi,,,,"Tokyo, Japan",0774203541,,,,,,,,,Customer Success Manager,
EMP-98FE19A2A7C7,priya.sharma98fe,Priya Sharma,,,,,,,,,,,India,IT,,priya.sharma98fe@example.invalid,4239817688,Sharma,Priya,,,,"Pune, Maharashtra, India",6826779219,,,,,,,,,IT Operations Engineer,
EMP-98B915D7A4D2,gali.zohar98b9,Gali Zohar,,,,,,,,,,,Israel,Engineering,,gali.zohar98b9@example.invalid,0383910924,Zohar,Gali,,,,"Tel Aviv, Israel",5501515626,,,,,,,,,Principal Engineer,
EMP-415D86B2EFF1,bruno.guzman415d,Bruno Guzmán,,,,,,,,,,,Mexico,Engineering,,bruno.guzman415d@example.invalid,8387295553,Guzmán,Bruno,,,,"Mexico City, Mexico",4081765633,,,,,,,,,Software Engineer,
EMP-BAE0C1CBE65B,ananya.sharmabae0,Ananya Sharma,,,,,,,,,,,India,Engineering,,ananya.sharmabae0@example.invalid,7325052943,Sharma,Ananya,,,,"Pune, Maharashtra, India",7571433670,,,,,,,,,Senior Software Engineer,
EMP-50B8200AB912,aubrey.shelton50b8,Aubrey Shelton,,,,,,,,,,,USA,Engineering,,aubrey.shelton50b8@example.invalid,9175768018,Shelton,Aubrey,,,,"Minneapolis, MN, USA",0159073081,,,,,,,,,Senior Software Engineer,
EMP-A513E05FC94E,sawyer.kirbya513,Sawyer Kirby,,,,,,,,,,,USA,Engineering,,sawyer.kirbya513@example.invalid,2819520465,Kirby,Sawyer,,,,"Austin, TX, USA",2770923116,,,,,,,,,Engineering Manager,
EMP-E7AD7CB9576A,elena.escobare7ad,Elena Escobar,,,,,,,,,,,Mexico,IT,,elena.escobare7ad@example.invalid,9209685859,Escobar,Elena,,,,"Mexico City, Mexico",9329022060,,,,,,,,,IT Support Specialist,
EMP-B21EAC8C57A0,neha.reddyb21e,Neha Reddy,,,,,,,,,,,India,Product,,neha.reddyb21e@example.invalid,6818047031,Reddy,Neha,,,,"Pune, Maharashtra, India",8877427041,,,,,,,,,Product Manager,
EMP-EABC55C9408B,devika.gokhaleeabc,Devika Gokhale,,,,,,,,,,,India,IT,,devika.gokhaleeabc@example.invalid,3356409796,Gokhale,Devika,,,,"Pune, Maharashtra, India",2203223627,,,,,,,,,Systems Administrator,
EMP-2AD79B522B7F,cameron.tate2ad7,Cameron Tate,,,,,,,,,,,USA,Finance,,cameron.tate2ad7@example.invalid,6805151236,Tate,Cameron,,,,"Austin, TX, USA",0067001250,,,,,,,,,Financial Analyst,
EMP-EE8CBCF5F603,aarav.vermaee8c,Aarav Verma,,,,,,,,,,,India,IT,,aarav.vermaee8c@example.invalid,2346774534,Verma,Aarav,,,,"Pune, Maharashtra, India",6826779219,,,,,,,,,IT Operations Engineer,
EMP-1AEA3EE74802,sawyer.whitaker1aea,Sawyer Whitaker,,,,,,,,,,,USA,Engineering,,sawyer.whitaker1aea@example.invalid,2602878888,Whitaker,Sawyer,,,,"Austin, TX, USA",2976662870,,,,,,,,,Software Engineer,
EMP-F8916046B3C7,elliot.yatesf891,Elliot Yates,,,,,,,,,,,USA,Marketing,,elliot.yatesf891@example.invalid,9809347844,Yates,Elliot,,,,"Austin, TX, USA",1059039744,,,,,,,,,Marketing Specialist,
EMP-EECAC6FB985A,tanner.vaughneeca,Tanner Vaughn,,,,,,,,,,,USA,IT,,tanner.vaughneeca@example.invalid,0217551230,Vaughn,Tanner,,,,"Austin, TX, USA",2522773902,,,,,,,,,Identity Engineer,
EMP-354156E4995B,eitan.avraham3541,Eitan Avraham,,,,,,,,,,,Israel,Customer Success,,eitan.avraham3541@example.invalid,7321813751,Avraham,Eitan,,,,"Tel Aviv, Israel",0774203541,,,,,,,,,Customer Success Manager,
EMP-578916B5A820,farhan.rao5789,Farhan Rao,,,,,,,,,,,India,Engineering,,farhan.rao5789@example.invalid,2574715791,Rao,Farhan,,,,"Pune, Maharashtra, India",1805818302,,,,,,,,,Engineering Manager,
EMP-01BA4F1CD004,rodrigo.bautista01ba,Rodrigo Bautista,,,,,,,,,,,Mexico,Finance,,rodrigo.bautista01ba@example.invalid,4873719202,Bautista,Rodrigo,,,,"Puebla, Mexico",0067001250,,,,,,,,,Financial Analyst,
EMP-1B823464CCB7,cameron.pierce1b82,Cameron Pierce,,,,,,,,,,,USA,Sales,,cameron.pierce1b82@example.invalid,3532403836,Pierce,Cameron,,,,"Austin, TX, USA",0891448944,,,,,,,,,Solutions Engineer,
EMP-9A3DC37B739A,sawyer.foster9a3d,Sawyer Foster,,,,,,,,,,,USA,Marketing,,sawyer.foster9a3d@example.invalid,0408171718,Foster,Sawyer,,,,"Austin, TX, USA",1059039744,,,,,,,,,Product Marketing Manager,
EMP-C4FFB30EB046,tanvi.waghc4ff,Tanvi Wagh,,,,,,,,,,,India,Engineering,,tanvi.waghc4ff@example.invalid,6163396241,Wagh,Tanvi,,,,"Pune, Maharashtra, India",1805818302,,,,,,,,,Engineering Manager,
EMP-F3B66D75958C,rahul.bhattf3b6,Rahul Bhatt,,,,,,,,,,,India,Product,,rahul.bhattf3b6@example.invalid,8765414188,Bhatt,Rahul,,,,"Pune, Maharashtra, India",8877427041,,,,,,,,,Principal Product Manager,
EMP-622A8E6B3902,jasper.thornbury622a,Jasper Thornbury,,,,,,,,,,,United Kingdom,Marketing,,jasper.thornbury622a@example.invalid,5907894725,Thornbury,Jasper,,,,"London, England, United Kingdom",5576605117,,,,,,,,,Content Marketing Manager,
EMP-AC6C04AF1AC9,camille.cormierac6c,Camille Cormier,,,,,,,,,,,Canada,Sales,,camille.cormierac6c@example.invalid,2123556202,Cormier,Camille,,,,"Toronto, Ontario, Canada",0891448944,,,,,,,,,Senior Account Executive,
EMP-08D330B8BC2C,avery.dawson08d3,Avery Dawson,,,,,,,,,,,USA,Customer Success,,avery.dawson08d3@example.invalid,2378518545,Dawson,Avery,,,,"Austin, TX, USA",3932728268,,,,,,,,,Senior Customer Success Manager,
EMP-B5DBB7677E4C,sylvie.beaulieub5db,Sylvie Beaulieu,,,,,,,,,,,France,Marketing,,sylvie.beaulieub5db@example.invalid,5893071350,Beaulieu,Sylvie,,,,"Paris, France",1059039744,,,,,,,,,Demand Generation Manager,
EMP-DA0D6B0DB5CE,elliot.hollisda0d,Elliot Hollis,,,,,,,,,,,USA,Engineering,,elliot.hollisda0d@example.invalid,1594465398,Hollis,Elliot,,,,"Austin, TX, USA",8800603512,,,,,,,,,Senior Software Engineer,
EMP-EDC979A5E86D,aoi.tachibanaedc9,Aoi Tachibana,,,,,,,,,,,Japan,Sales,,aoi.tachibanaedc9@example.invalid,0783785654,Tachibana,Aoi,,,,"Tokyo, Japan",0891448944,,,,,,,,,Senior Account Executive,
EMP-4E7871F99C7E,amit.mizrahi4e78,Amit Mizrahi,,,,,,,,,,,Israel,Finance,,amit.mizrahi4e78@example.invalid,9049963892,Mizrahi,Amit,,,,"Tel Aviv, Israel",6694081308,,,,,,,,,Revenue Operations Analyst,
EMP-A007CB9614C3,sawyer.bennetta007,Sawyer Bennett,,,,,,,,,,,USA,Sales,,sawyer.bennetta007@example.invalid,6359365854,Bennett,Sawyer,,,,"Minneapolis, MN, USA",0891448944,,,,,,,,,Senior Account Executive,
EMP-394C2308A2A5,paola.pena394c,Paola Peña,,,,,,,,,,,Mexico,Design,,paola.pena394c@example.invalid,8387356558,Peña,Paola,,,,"Mexico City, Mexico",2226904486,,,,,,,,,Content Designer,
EMP-2023659747EF,skyler.vaughn2023,Skyler Vaughn,,,,,,,,,,,USA,Product,,skyler.vaughn2023@example.invalid,3819911813,Vaughn,Skyler,,,,"Austin, TX, USA",0280006242,,,,,,,,,Product Manager,
EMP-3444CEA700BE,cameron.ellison3444,Cameron Ellison,,,,,,,,,,,Italy,Marketing,,cameron.ellison3444@example.invalid,5055925781,Ellison,Cameron,,,,"Rome, Lazio, Italy",1059039744,,,,,,,,,Marketing Specialist,
EMP-F85BBDE69D01,diego.bautistaf85b,Diego Bautista,,,,,,,,,,,Mexico,Customer Success,,diego.bautistaf85b@example.invalid,2461067695,Bautista,Diego,,,,"Mexico City, Mexico",6260880146,,,,,,,,,Customer Success Manager,
EMP-EF54CDFADD24,ananya.vermaef54,Ananya Verma,,,,,,,,,,,India,Engineering,,ananya.vermaef54@example.invalid,0444119676,Verma,Ananya,,,,"Pune, Maharashtra, India",1805818302,,,,,,,,,Engineering Manager,
EMP-1E5D9FA72AAF,emile.beaudry1e5d,Émile Beaudry,,,,,,,,,,,Canada,Customer Success,,emile.beaudry1e5d@example.invalid,4296457657,Beaudry,Émile,,,,"Toronto, Ontario, Canada",1152608888,,,,,,,,,Senior Customer Success Manager,
EMP-C20436682F50,edward.merrickc204,Edward Merrick,,,,,,,,,,,United Kingdom,Sales,,edward.merrickc204@example.invalid,4363154144,Merrick,Edward,,,,"London, England, United Kingdom",7748760027,,,,,,,,,Sales Development Representative,
EMP-72C254F4B145,gabriela.mendoza72c2,Gabriela Mendoza,,,,,,,,,,,Mexico,Customer Success,,gabriela.mendoza72c2@example.invalid,5728555567,Mendoza,Gabriela,,,,"Mexico City, Mexico",1862102718,,,,,,,,,Support Engineer,
EMP-FC13008B01F7,camila.mendozafc13,Camila Mendoza,,,,,,,,,,,Mexico,Engineering,,camila.mendozafc13@example.invalid,9148819625,Mendoza,Camila,,,,"Mexico City, Mexico",3662122719,,,,,,,,,Software Engineer,
EMP-0B72C459B50E,gabriela.jimenez0b72,Gabriela Jiménez,,,,,,,,,,,Mexico,Customer Success,,gabriela.jimenez0b72@example.invalid,1330965437,Jiménez,Gabriela,,,,"Mexico City, Mexico",6260880146,,,,,,,,,Technical Account Manager,
EMP-F586F4C53839,lucia.lozanof586,Lucía Lozano,,,,,,,,,,,Mexico,Customer Success,,lucia.lozanof586@example.invalid,4060588717,Lozano,Lucía,,,,"Mexico City, Mexico",1710814652,,,,,,,,,Senior Customer Success Manager,
EMP-959F5B9BE4FA,tanvi.mehta959f,Tanvi Mehta,,,,,,,,,,,India,IT,,tanvi.mehta959f@example.invalid,8067930721,Mehta,Tanvi,,,,"Pune, Maharashtra, India",7400912674,,,,,,,,,Systems Administrator,
EMP-214C14F96F3E,katrien.boersma214c,Katrien Boersma,,,,,,,,,,,Netherlands,Marketing,,katrien.boersma214c@example.invalid,3027381490,Boersma,Katrien,,,,"Amsterdam, Netherlands",1059039744,,,,,,,,,Content Marketing Manager,
EMP-E42FEFDE14E5,lucia.ocampoe42f,Lucía Ocampo,,,,,,,,,,,Mexico,Finance,,lucia.ocampoe42f@example.invalid,1665337958,Ocampo,Lucía,,,,"Tijuana, Baja California, Mexico",3818752061,,,,,,,,,Revenue Operations Analyst,
EMP-E61986378B56,logan.carvere619,Logan Carver,,,,,,,,,,,USA,People,,logan.carvere619@example.invalid,6260192203,Carver,Logan,,,,"Austin, TX, USA",4269232348,,,,,,,,,HR Business Partner,
EMP-16AE399123ED,morgan.ramsey16ae,Morgan Ramsey,,,,,,,,,,,USA,Sales,,morgan.ramsey16ae@example.invalid,0317851120,Ramsey,Morgan,,,,"Austin, TX, USA",0891448944,,,,,,,,,Account Executive,
EMP-BE5EB14FD110,maeve.ouellettebe5e,Maeve Ouellette,,,,,,,,,,,Canada,Finance,,maeve.ouellettebe5e@example.invalid,1385141137,Ouellette,Maeve,,,,"Calgary, Alberta, Canada",0067001250,,,,,,,,,Financial Analyst,
EMP-1663C5935816,itai.regev1663,Itai Regev,,,,,,,,,,,Israel,Sales,,itai.regev1663@example.invalid,8157533865,Regev,Itai,,,,"Tel Aviv, Israel",0891448944,,,,,,,,,Account Executive,
EMP-023697131296,sawyer.yates0236,Sawyer Yates,,,,,,,,,,,Colombia,Sales,,sawyer.yates0236@example.invalid,4990289056,Yates,Sawyer,,,,"Bogotá, Bogota D.C., Colombia",0891448944,,,,,,,,,Sales Development Representative,
EMP-FA5F36C38F52,harper.fosterfa5f,Harper Foster,,,,,,,,,,,USA,Engineering,,harper.fosterfa5f@example.invalid,5820550948,Foster,Harper,,,,"Seattle, WA, USA",0159073081,,,,,,,,,Staff Software Engineer,
EMP-45DD47346BFA,rohan.iyer45dd,Rohan Iyer,,,,,,,,,,,India,Design,,rohan.iyer45dd@example.invalid,8945500686,Iyer,Rohan,,,,"Pune, Maharashtra, India",2488224667,,,,,,,,,Product Designer,
EMP-DA8B3B719671,katrien.kuipersda8b,Katrien Kuipers,,,,,,,,,,,Netherlands,Customer Success,,katrien.kuipersda8b@example.invalid,1072467622,Kuipers,Katrien,,,,"Amsterdam, Netherlands",5486230153,,,,,,,,,Customer Success Manager,
EMP-DA42EC296E37,yui.shimizuda42,Yui Shimizu,,,,,,,,,,,Japan,Customer Success,,yui.shimizuda42@example.invalid,1418130486,Shimizu,Yui,,,,"Tokyo, Japan",0774203541,,,,,,,,,Senior Customer Success Manager,
EMP-25FF8AB36976,ishaan.mehta25ff,Ishaan Mehta,,,,,,,,,,,India,IT,,ishaan.mehta25ff@example.invalid,1637698229,Mehta,Ishaan,,,,"Pune, Maharashtra, India",2203223627,,,,,,,,,Systems Administrator,
EMP-B60D262CF78A,farhan.patilb60d,Farhan Patil,,,,,,,,,,,India,Customer Success,,farhan.patilb60d@example.invalid,4173592520,Patil,Farhan,,,,"Pune, Maharashtra, India",4373359127,,,,,,,,,Customer Success Manager,
EMP-54A7CBF682B8,paola.alvarado54a7,Paola Alvarado,,,,,,,,,,,Mexico,Engineering,,paola.alvarado54a7@example.invalid,9912140610,Alvarado,Paola,,,,"Mexico City, Mexico",0505070807,,,,,,,,,Staff Software Engineer,
EMP-C7E0C1660BA8,rohan.bhattc7e0,Rohan Bhatt,,,,,,,,,,,India,Engineering,,rohan.bhattc7e0@example.invalid,2357272865,Bhatt,Rohan,,,,"Pune, Maharashtra, India",6190946371,,,,,,,,,Site Reliability Engineer,
EMP-2A226A89F6D1,ishaan.chauhan2a22,Ishaan Chauhan,,,,,,,,,,,India,Engineering,,ishaan.chauhan2a22@example.invalid,9585136950,Chauhan,Ishaan,,,,"Pune, Maharashtra, India",7571433670,,,,,,,,,Staff Software Engineer,
EMP-B3C062896010,blake.ramseyb3c0,Blake Ramsey,,,,,,,,,,,USA,Sales,,blake.ramseyb3c0@example.invalid,0479267237,Ramsey,Blake,,,,"Austin, TX, USA",0891448944,,,,,,,,,Senior Account Executive,
EMP-0B7971344BBB,skyler.bennett0b79,Skyler Bennett,,,,,,,,,,,USA,Engineering,,skyler.bennett0b79@example.invalid,6022002878,Bennett,Skyler,,,,"Houston, TX, USA",0159073081,,,,,,,,,Senior Software Engineer,
EMP-03C95EAAB707,morgan.yates03c9,Morgan Yates,,,,,,,,,,,USA,Engineering,,morgan.yates03c9@example.invalid,9740808646,Yates,Morgan,,,,"Austin, TX, USA",1733969300,,,,,,,,,Senior Software Engineer,
EMP-300505682860,gabriela.salazar3005,Gabriela Salazar,,,,,,,,,,,Mexico,Sales,,gabriela.salazar3005@example.invalid,3616222813,Salazar,Gabriela,,,,"Guadalajara, Jalisco, Mexico",9695129047,,,,,,,,,Sales Development Representative,
EMP-6E19EA210D53,adi.yaron6e19,Adi Yaron,,,,,,,,,,,Israel,Engineering,,adi.yaron6e19@example.invalid,6268230412,Yaron,Adi,,,,"Tel Aviv, Israel",4795688632,,,,,,,,,Site Reliability Engineer,
EMP-4663E142AA2B,carter.hollis4663,Carter Hollis,,,,,,,,,,,USA,Product,,carter.hollis4663@example.invalid,1788403547,Hollis,Carter,,,,"Austin, TX, USA",2913310464,,,,,,,,,Principal Product Manager,
EMP-5C9A8318BBFB,morgan.whitaker5c9a,Morgan Whitaker,,,,,,,,,,,Ecuador,Engineering,,morgan.whitaker5c9a@example.invalid,0159073081,Whitaker,Morgan,,,,"Quito, Pichincha, Ecuador",0067001250,,,,,,,,,Director of Engineering,
EMP-66ACD4A6391F,tanvi.bhatt66ac,Tanvi Bhatt,,,,,,,,,,,India,Finance,,tanvi.bhatt66ac@example.invalid,8250932026,Bhatt,Tanvi,,,,"Pune, Maharashtra, India",8806961831,,,,,,,,,Accountant,
EMP-61EF33EB2758,rosalie.fortin61ef,Rosalie Fortin,,,,,,,,,,,Canada,Customer Success,,rosalie.fortin61ef@example.invalid,6183268937,Fortin,Rosalie,,,,"Vancouver, British Columbia, Canada",0774203541,,,,,,,,,Senior Customer Success Manager,
EMP-DC97E622621E,aubrey.jenningsdc97,Aubrey Jennings,,,,,,,,,,,USA,Sales,,aubrey.jenningsdc97@example.invalid,5176883008,Jennings,Aubrey,,,,"Austin, TX, USA",0891448944,,,,,,,,,Enterprise Account Executive,
EMP-EDB5180F8449,riley.vaughnedb5,Riley Vaughn,,,,,,,,,,,USA,Engineering,,riley.vaughnedb5@example.invalid,2696544022,Vaughn,Riley,,,,"San Francisco, CA, USA",0159073081,,,,,,,,,Senior Software Engineer,
EMP-5812D3DFF8FC,quinn.marsh5812,Quinn Marsh,,,,,,,,,,,Germany,Engineering,,quinn.marsh5812@example.invalid,3826908015,Marsh,Quinn,,,,"Munich, Bavaria, Germany",0159073081,,,,,,,,,Senior Software Engineer,
EMP-227D0606A5AE,noemie.marchand227d,Noémie Marchand,,,,,,,,,,,France,Sales,,noemie.marchand227d@example.invalid,4997606570,Marchand,Noémie,,,,"Paris, France",0891448944,,,,,,,,,Solutions Engineer,
EMP-69C21D888700,ishaan.rao69c2,Ishaan Rao,,,,,,,,,,,India,Engineering,,ishaan.rao69c2@example.invalid,1681999518,Rao,Ishaan,,,,"Pune, Maharashtra, India",2574715791,,,,,,,,,Software Engineer,
EMP-F5EB0F46FEDB,gali.giladf5eb,Gali Gilad,,,,,,,,,,,Israel,Marketing,,gali.giladf5eb@example.invalid,6417299566,Gilad,Gali,,,,"Tel Aviv, Israel",1059039744,,,,,,,,,Demand Generation Manager,
EMP-7EEBD7092D00,avery.tate7eeb,Avery Tate,,,,,,,,,,,Peru,Customer Success,,avery.tate7eeb@example.invalid,2715605753,Tate,Avery,,,,"Lima, Lima Province, Peru",0774203541,,,,,,,,,Technical Account Manager,
EMP-4CC2159B0A0A,tanner.hollis4cc2,Tanner Hollis,,,,,,,,,,,Turkey,Sales,,tanner.hollis4cc2@example.invalid,7996949838,Hollis,Tanner,,,,"Istanbul, Turkey",0891448944,,,,,,,,,Account Executive,
EMP-A9E4630FF204,lucia.salazara9e4,Lucía Salazar,,,,,,,,,,,Mexico,People,,lucia.salazara9e4@example.invalid,7235917532,Salazar,Lucía,,,,"Mexico City, Mexico",2329842297,,,,,,,,,Senior Recruiter,
EMP-D6DF5F47236A,camila.penad6df,Camila Peña,,,,,,,,,,,Mexico,Engineering,,camila.penad6df@example.invalid,3064551479,Peña,Camila,,,,"Mexico City, Mexico",7104724007,,,,,,,,,Quality Engineer,
EMP-FA8F887DE701,tanvi.iyerfa8f,Tanvi Iyer,,,,,,,,,,,India,Engineering,,tanvi.iyerfa8f@example.invalid,5479526816,Iyer,Tanvi,,,,"Pune, Maharashtra, India",6163396241,,,,,,,,,Software Engineer,
EMP-B0570EEF4ED0,aubrey.ramseyb057,Aubrey Ramsey,,,,,,,,,,,USA,Engineering,,aubrey.ramseyb057@example.invalid,4631409746,Ramsey,Aubrey,,,,"Austin, TX, USA",5656559865,,,,,,,,,Software Engineer,
EMP-863D17147469,devika.mehta863d,Devika Mehta,,,,,,,,,,,India,Engineering,,devika.mehta863d@example.invalid,1281580484,Mehta,Devika,,,,"Pune, Maharashtra, India",0377561358,,,,,,,,,Software Engineer,
EMP-CD81E64CE551,yonatan.yaroncd81,Yonatan Yaron,,,,,,,,,,,Israel,IT,,yonatan.yaroncd81@example.invalid,7710110221,Yaron,Yonatan,,,,"Tel Aviv, Israel",2203223627,,,,,,,,,IT Operations Engineer,
EMP-1AC8D92A0314,indi.ashby1ac8,Indi Ashby,,,,,,,,,,,Australia,Sales,,indi.ashby1ac8@example.invalid,4791771190,Ashby,Indi,,,,"Sydney, New South Wales, Australia",3043691353,,,,,,,,,Sales Development Representative,
EMP-DA6270B38679,maya.zoharda62,Maya Zohar,,,,,,,,,,,Israel,Engineering,,maya.zoharda62@example.invalid,4343493969,Zohar,Maya,,,,"Tel Aviv, Israel",9612623308,,,,,,,,,Staff Software Engineer,
EMP-215738910560,bruno.delgado2157,Bruno Delgado,,,,,,,,,,,Mexico,Engineering,,bruno.delgado2157@example.invalid,1737099102,Delgado,Bruno,,,,"Mexico City, Mexico",0505070807,,,,,,,,,Principal Engineer,
EMP-E820B098FD0C,mateo.ocampoe820,Mateo Ocampo,,,,,,,,,,,Mexico,Engineering,,mateo.ocampoe820@example.invalid,7181015437,Ocampo,Mateo,,,,"Mexico City, Mexico",4081765633,,,,,,,,,Site Reliability Engineer,
EMP-4CACA72F0729,elliot.hollis4cac,Elliot Hollis,,,,,,,,,,,USA,People,,elliot.hollis4cac@example.invalid,3302246457,Hollis,Elliot,,,,"Denver, CO, USA",2329842297,,,,,,,,,Director of People,
EMP-7465B6642E76,elliot.jennings7465,Elliot Jennings,,,,,,,,,,,USA,Sales,,elliot.jennings7465@example.invalid,2439893264,Jennings,Elliot,,,,"Austin, TX, USA",0891448944,,,,,,,,,Sales Development Representative,
EMP-FC500B42FE3F,nell.thornburyfc50,Nell Thornbury,,,,,,,,,,,United Kingdom,Product,,nell.thornburyfc50@example.invalid,8056023616,Thornbury,Nell,,,,"London, England, United Kingdom",0280006242,,,,,,,,,Principal Product Manager,
EMP-D55B6BB1E582,harper.yatesd55b,Harper Yates,,,,,,,,,,,USA,Product,,harper.yatesd55b@example.invalid,4763241061,Yates,Harper,,,,"Austin, TX, USA",0280006242,,,,,,,,,Product Manager,
EMP-9EEB855B192E,itai.barkai9eeb,Itai Barkai,,,,,,,,,,,Israel,Engineering,,itai.barkai9eeb@example.invalid,3830619440,Barkai,Itai,,,,"Tel Aviv, Israel",9612623308,,,,,,,,,Staff Software Engineer,
EMP-8BB8E8FD874E,avery.ashford8bb8,Avery Ashford,,,,,,,,,,,USA,Customer Success,,avery.ashford8bb8@example.invalid,2581201795,Ashford,Avery,,,,"Austin, TX, USA",2668820698,,,,,,,,,Senior Customer Success Manager,
EMP-C21A436DF484,nolan.ramseyc21a,Nolan Ramsey,,,,,,,,,,,USA,IT,,nolan.ramseyc21a@example.invalid,2285349372,Ramsey,Nolan,,,,"Austin, TX, USA",7526217330,,,,,,,,,Identity Engineer,
EMP-6BEE53E83105,camila.escobar6bee,Camila Escobar,,,,,,,,,,,Mexico,Customer Success,,camila.escobar6bee@example.invalid,3235397055,Escobar,Camila,,,,"Mexico City, Mexico",1862102718,,,,,,,,,Customer Success Manager,
EMP-B235BD2AD70F,riley.nortonb235,Riley Norton,,,,,,,,,,,USA,People,,riley.nortonb235@example.invalid,4211260975,Norton,Riley,,,,"Seattle, WA, USA",2329842297,,,,,,,,,Senior Recruiter,
EMP-F72AFB8EABE5,isabela.fuentesf72a,Isabela Fuentes,,,,,,,,,,,Mexico,Sales,,isabela.fuentesf72a@example.invalid,6577906736,Fuentes,Isabela,,,,"Mexico City, Mexico",9812394783,,,,,,,,,Sales Development Representative,
EMP-F3303260BBD8,kavya.deshmukhf330,Kavya Deshmukh,,,,,,,,,,,India,Product,,kavya.deshmukhf330@example.invalid,1148360592,Deshmukh,Kavya,,,,"Pune, Maharashtra, India",0280006242,,,,,,,,,Director of Product Management,
EMP-96B864D0EB0D,lior.harel96b8,Lior Harel,,,,,,,,,,,Israel,Engineering,,lior.harel96b8@example.invalid,9863472202,Harel,Lior,,,,"Tel Aviv, Israel",2079722361,,,,,,,,,Senior Software Engineer,
EMP-F2A8037DC3D7,diego.mendozaf2a8,Diego Mendoza,,,,,,,,,,,Mexico,Customer Success,,diego.mendozaf2a8@example.invalid,1957443052,Mendoza,Diego,,,,"Mexico City, Mexico",6260880146,,,,,,,,,Technical Account Manager,
EMP-0637CEC19302,ananya.shetty0637,Ananya Shetty,,,,,,,,,,,India,Engineering,,ananya.shetty0637@example.invalid,8737075989,Shetty,Ananya,,,,"Pune, Maharashtra, India",7571433670,,,,,,,,,Software Engineer,
EMP-FCCF3633E6F5,rin.nakagawafccf,Rin Nakagawa,,,,,,,,,,,Japan,Engineering,,rin.nakagawafccf@example.invalid,4283044401,Nakagawa,Rin,,,,"Tokyo, Japan",0159073081,,,,,,,,,Senior Software Engineer,
EMP-8D10A5FEEF43,beatrice.thornbury8d10,Beatrice Thornbury,,,,,,,,,,,United Kingdom,Sales,,beatrice.thornbury8d10@example.invalid,3329665253,Thornbury,Beatrice,,,,"London, England, United Kingdom",7748760027,,,,,,,,,Account Executive,
EMP-52DFC754E5D0,lottie.northcott52df,Lottie Northcott,,,,,,,,,,,United Kingdom,People,,lottie.northcott52df@example.invalid,8363367568,Northcott,Lottie,,,,"London, England, United Kingdom",7150696066,,,,,,,,,People Operations Specialist,
EMP-2535228A17EA,camila.guzman2535,Camila Guzmán,,,,,,,,,,,Mexico,Marketing,,camila.guzman2535@example.invalid,9671045835,Guzmán,Camila,,,,"Mexico City, Mexico",9262248049,,,,,,,,,Content Marketing Manager,
EMP-E4CB118E65DB,riley.kirbye4cb,Riley Kirby,,,,,,,,,,,USA,Marketing,,riley.kirbye4cb@example.invalid,4211741087,Kirby,Riley,,,,"Portland, OR, USA",1059039744,,,,,,,,,Marketing Director,
EMP-8D94B4D8195D,emile.whitfield8d94,Émile Whitfield,,,,,,,,,,,Canada,Product,,emile.whitfield8d94@example.invalid,6132481809,Whitfield,Émile,,,,"Montréal, Quebec, Canada",0280006242,,,,,,,,,Senior Product Manager,
EMP-82D84D62BCDA,george.fairbanks82d8,George Fairbanks,,,,,,,,,,,United Kingdom,Engineering,,george.fairbanks82d8@example.invalid,6370677672,Fairbanks,George,,,,"London, England, United Kingdom",5137228435,,,,,,,,,Software Engineer,
EMP-4A3DE52C7F3C,oscar.delgado4a3d,Óscar Delgado,,,,,,,,,,,Mexico,Sales,,oscar.delgado4a3d@example.invalid,1662034337,Delgado,Óscar,,,,"Mexico City, Mexico",9530444629,,,,,,,,,Sales Development Representative,
EMP-E8841D06042C,sanya.sharmae884,Sanya Sharma,,,,,,,,,,,India,Engineering,,sanya.sharmae884@example.invalid,5402129655,Sharma,Sanya,,,,"Pune, Maharashtra, India",5895814967,,,,,,,,,Software Engineer,
EMP-A9D3715608EF,ishaan.patila9d3,Ishaan Patil,,,,,,,,,,,India,IT,,ishaan.patila9d3@example.invalid,6826779219,Patil,Ishaan,,,,"Pune, Maharashtra, India",2203223627,,,,,,,,,IT Manager,
EMP-083098FB3866,nell.sinclair0830,Nell Sinclair,,,,,,,,,,,United Kingdom,Sales,,nell.sinclair0830@example.invalid,5935996772,Sinclair,Nell,,,,"London, England, United Kingdom",7748760027,,,,,,,,,Sales Development Representative,
EMP-3DDA8694B6F9,logan.whitaker3dda,Logan Whitaker,,,,,,,,,,,USA,Customer Success,,logan.whitaker3dda@example.invalid,4519628580,Whitaker,Logan,,,,"Seattle, WA, USA",0774203541,,,,,,,,,Technical Account Manager,
EMP-CDD58449A0E2,elliot.kirbycdd5,Elliot Kirby,,,,,,,,,,,USA,Engineering,,elliot.kirbycdd5@example.invalid,9581257809,Kirby,Elliot,,,,"Miami, FL, USA",0159073081,,,,,,,,,Software Engineer,
EMP-536D10F9E8FC,miles.northcott536d,Miles Northcott,,,,,,,,,,,United Kingdom,Customer Success,,miles.northcott536d@example.invalid,3151268880,Northcott,Miles,,,,"London, England, United Kingdom",0774203541,,,,,,,,,Director of Customer Success,
EMP-8E1CB32BB758,farhan.joshi8e1c,Farhan Joshi,,,,,,,,,,,India,People,,farhan.joshi8e1c@example.invalid,3074682524,Joshi,Farhan,,,,"Pune, Maharashtra, India",4251680745,,,,,,,,,People Operations Specialist,
EMP-5BCA8AAE51F7,skyler.norton5bca,Skyler Norton,,,,,,,,,,,USA,Marketing,,skyler.norton5bca@example.invalid,4051099749,Norton,Skyler,,,,"Austin, TX, USA",1059039744,,,,,,,,,Product Marketing Manager,
EMP-3F2D58A90D51,freya.pemberton3f2d,Freya Pemberton,,,,,,,,,,,United Kingdom,Customer Success,,freya.pemberton3f2d@example.invalid,1437582878,Pemberton,Freya,,,,"London, England, United Kingdom",7096693014,,,,,,,,,Customer Success Manager,
EMP-858ED0D72CFD,avery.whitaker858e,Avery Whitaker,,,,,,,,,,,USA,Finance,,avery.whitaker858e@example.invalid,6328685678,Whitaker,Avery,,,,"Austin, TX, USA",0067001250,,,,,,,,,Revenue Operations Analyst,
EMP-71E274AECC97,farhan.kulkarni71e2,Farhan Kulkarni,,,,,,,,,,,India,Engineering,,farhan.kulkarni71e2@example.invalid,5128083473,Kulkarni,Farhan,,,,"Pune, Maharashtra, India",2620402485,,,,,,,,,Software Engineer,
EMP-A58F15FA0DD7,aoi.okabea58f,Aoi Okabe,,,,,,,,,,,Japan,Sales,,aoi.okabea58f@example.invalid,1645987725,Okabe,Aoi,,,,"Tokyo, Japan",0891448944,,,,,,,,,Account Executive,
EMP-3219C1054A3B,peyton.whitaker3219,Peyton Whitaker,,,,,,,,,,,USA,Engineering,,peyton.whitaker3219@example.invalid,4778591555,Whitaker,Peyton,,,,"Atlanta, GA, USA",0159073081,,,,,,,,,Staff Software Engineer,
EMP-06680BBBE708,vikram.joshi0668,Vikram Joshi,,,,,,,,,,,India,Design,,vikram.joshi0668@example.invalid,3468361784,Joshi,Vikram,,,,"Pune, Maharashtra, India",2488224667,,,,,,,,,Product Designer,
EMP-837575FA1CBA,oscar.carrillo8375,Óscar Carrillo,,,,,,,,,,,Mexico,Customer Success,,oscar.carrillo8375@example.invalid,8327975298,Carrillo,Óscar,,,,"Mexico City, Mexico",1710814652,,,,,,,,,Senior Customer Success Manager,
EMP-B3EE159875AA,sienna.pembertonb3ee,Sienna Pemberton,,,,,,,,,,,United Kingdom,Product,,sienna.pembertonb3ee@example.invalid,1799539212,Pemberton,Sienna,,,,"London, England, United Kingdom",0280006242,,,,,,,,,Senior Product Manager,
EMP-7DB21F43B3D3,sanya.chauhan7db2,Sanya Chauhan,,,,,,,,,,,India,Product,,sanya.chauhan7db2@example.invalid,6235743655,Chauhan,Sanya,,,,"Pune, Maharashtra, India",2676127692,,,,,,,,,Senior Product Manager,
EMP-3C1083D598A0,nikhil.reddy3c10,Nikhil Reddy,,,,,,,,,,,India,Engineering,,nikhil.reddy3c10@example.invalid,5314948642,Reddy,Nikhil,,,,"Pune, Maharashtra, India",4191161724,,,,,,,,,Quality Engineer,
EMP-86962314B298,shira.erez8696,Shira Erez,,,,,,,,,,,Israel,Customer Success,,shira.erez8696@example.invalid,9391586212,Erez,Shira,,,,"Tel Aviv, Israel",0774203541,,,,,,,,,Customer Success Manager,
EMP-BE69EF0531A6,lior.levinbe69,Lior Levin,,,,,,,,,,,Israel,Product,,lior.levinbe69@example.invalid,5347826667,Levin,Lior,,,,"Tel Aviv, Israel",5977531353,,,,,,,,,Product Manager,
EMP-7E85EB6FF587,kavya.nair7e85,Kavya Nair,,,,,,,,,,,India,Engineering,,kavya.nair7e85@example.invalid,6774600301,Nair,Kavya,,,,"Pune, Maharashtra, India",4191161724,,,,,,,,,Staff Software Engineer,
EMP-C5D6D609CD94,shira.peretzc5d6,Shira Peretz,,,,,,,,,,,Israel,Engineering,,shira.peretzc5d6@example.invalid,8080001241,Peretz,Shira,,,,"Tel Aviv, Israel",5501515626,,,,,,,,,Software Engineer,
EMP-C6CCA60A977D,hector.salazarc6cc,Héctor Salazar,,,,,,,,,,,Mexico,Product,,hector.salazarc6cc@example.invalid,9180159130,Salazar,Héctor,,,,"Santiago de Querétaro, Querétaro, Mexico",0280006242,,,,,,,,,Product Manager,
EMP-66CE41740261,carter.carver66ce,Carter Carver,,,,,,,,,,,USA,IT,,carter.carver66ce@example.invalid,3583026991,Carver,Carter,,,,"Austin, TX, USA",7376848747,,,,,,,,,IT Support Specialist,
EMP-ACE0702F99B8,nolan.graysonace0,Nolan Grayson,,,,,,,,,,,USA,Marketing,,nolan.graysonace0@example.invalid,9051546358,Grayson,Nolan,,,,"Atlanta, GA, USA",1059039744,,,,,,,,,Marketing Specialist,
EMP-C026A9822EE8,amit.mizrahic026,Amit Mizrahi,,,,,,,,,,,Israel,Engineering,,amit.mizrahic026@example.invalid,0994973571,Mizrahi,Amit,,,,"Tel Aviv, Israel",0500143343,,,,,,,,,Senior Software Engineer,
EMP-F596AFE566EF,neha.bhattf596,Neha Bhatt,,,,,,,,,,,India,Engineering,,neha.bhattf596@example.invalid,5608303929,Bhatt,Neha,,,,"Pune, Maharashtra, India",6854525371,,,,,,,,,Senior Software Engineer,
EMP-A4C3CCA332E6,camila.quinteroa4c3,Camila Quintero,,,,,,,,,,,Mexico,Engineering,,camila.quinteroa4c3@example.invalid,3984439041,Quintero,Camila,,,,"Mexico City, Mexico",0505070807,,,,,,,,,Quality Engineer,
EMP-77F4B60F1654,edward.cartwright77f4,Edward Cartwright,,,,,,,,,,,United Kingdom,Sales,,edward.cartwright77f4@example.invalid,0746208305,Cartwright,Edward,,,,"London, England, United Kingdom",7748760027,,,,,,,,,Solutions Engineer,
EMP-145FB4282661,rin.fujimoto145f,Rin Fujimoto,,,,,,,,,,,Japan,Customer Success,,rin.fujimoto145f@example.invalid,8081710560,Fujimoto,Rin,,,,"Tokyo, Japan",0774203541,,,,,,,,,Customer Success Manager,
EMP-611E01859842,bryn.lachance611e,Bryn Lachance,,,,,,,,,,,Canada,Customer Success,,bryn.lachance611e@example.invalid,4277094616,Lachance,Bryn,,,,"Calgary, Alberta, Canada",0774203541,,,,,,,,,Customer Success Manager,
EMP-ECB83C64D5D9,theo.cormierecb8,Théo Cormier,,,,,,,,,,,Canada,Engineering,,theo.cormierecb8@example.invalid,2447935868,Cormier,Théo,,,,"Montréal, Quebec, Canada",2866444592,,,,,,,,,Senior Software Engineer,
EMP-BCA63F84AD5C,reese.bennettbca6,Reese Bennett,,,,,,,,,,,USA,Customer Success,,reese.bennettbca6@example.invalid,4341200728,Bennett,Reese,,,,"Austin, TX, USA",2668820698,,,,,,,,,Support Engineer,
EMP-6FFC3079B94E,blake.tate6ffc,Blake Tate,,,,,,,,,,,USA,Marketing,,blake.tate6ffc@example.invalid,1699167702,Tate,Blake,,,,"Austin, TX, USA",1059039744,,,,,,,,,Marketing Specialist,
EMP-244922631C7D,avery.tate2449,Avery Tate,,,,,,,,,,,USA,Legal,,avery.tate2449@example.invalid,7740380250,Tate,Avery,,,,"Austin, TX, USA",0400249940,,,,,,,,,Senior Corporate Counsel,
EMP-A600F389E595,reese.vaughna600,Reese Vaughn,,,,,,,,,,,USA,Engineering,,reese.vaughna600@example.invalid,3883900257,Vaughn,Reese,,,,"Austin, TX, USA",1762759458,,,,,,,,,Senior Software Engineer,
EMP-680A4A1C63D7,gabriela.lozano680a,Gabriela Lozano,,,,,,,,,,,Mexico,Engineering,,gabriela.lozano680a@example.invalid,5506193158,Lozano,Gabriela,,,,"Mexico City, Mexico",4081765633,,,,,,,,,Quality Engineer,
EMP-3EFE86F99614,camila.ocampo3efe,Camila Ocampo,,,,,,,,,,,Mexico,Customer Success,,camila.ocampo3efe@example.invalid,0958954132,Ocampo,Camila,,,,"Mexico City, Mexico",1862102718,,,,,,,,,Support Engineer,
EMP-D81FF0B11F51,blake.jenningsd81f,Blake Jennings,,,,,,,,,,,USA,Engineering,,blake.jenningsd81f@example.invalid,9995780715,Jennings,Blake,,,,"Atlanta, GA, USA",0159073081,,,,,,,,,Software Engineer,
EMP-A46297ADF1D3,tanvi.gokhalea462,Tanvi Gokhale,,,,,,,,,,,India,Engineering,,tanvi.gokhalea462@example.invalid,3280111991,Gokhale,Tanvi,,,,"Pune, Maharashtra, India",1887576056,,,,,,,,,Software Engineer,
EMP-63F898FF8924,isabela.herrera63f8,Isabela Herrera,,,,,,,,,,,Mexico,Marketing,,isabela.herrera63f8@example.invalid,7264034393,Herrera,Isabela,,,,"Mexico City, Mexico",9262248049,,,,,,,,,Demand Generation Manager,
EMP-DCDCAC4DE8B4,cameron.landrydcdc,Cameron Landry,,,,,,,,,,,USA,IT,,cameron.landrydcdc@example.invalid,3837066384,Landry,Cameron,,,,"Austin, TX, USA",7526217330,,,,,,,,,IT Support Specialist,
EMP-93395E7DE566,eliza.kelleher9339,Eliza Kelleher,,,,,,,,,,,Australia,Sales,,eliza.kelleher9339@example.invalid,2060524865,Kelleher,Eliza,,,,"Sydney, New South Wales, Australia",5512754459,,,,,,,,,Enterprise Account Executive,
EMP-54DF11427785,mateo.delgado54df,Mateo Delgado,,,,,,,,,,,Mexico,Sales,,mateo.delgado54df@example.invalid,6163200509,Delgado,Mateo,,,,"Mexico City, Mexico",9530444629,,,,,,,,,Account Executive,
EMP-2E2BDBE80140,rahul.verma2e2b,Rahul Verma,,,,,,,,,,,India,IT,,rahul.verma2e2b@example.invalid,9243125713,Verma,Rahul,,,,"Pune, Maharashtra, India",3824545051,,,,,,,,,IT Operations Engineer,
EMP-391A1E9A39EF,tully.stanmore391a,Tully Stanmore,,,,,,,,,,,Australia,Sales,,tully.stanmore391a@example.invalid,7302193673,Stanmore,Tully,,,,"Sydney, New South Wales, Australia",3043691353,,,,,,,,,Enterprise Account Executive,
EMP-4A2507528B70,rohan.rao4a25,Rohan Rao,,,,,,,,,,,India,Design,,rohan.rao4a25@example.invalid,4053059970,Rao,Rohan,,,,"Pune, Maharashtra, India",2488224667,,,,,,,,,Product Designer,
EMP-0D2D8768F1B6,poppy.ashworth0d2d,Poppy Ashworth,,,,,,,,,,,United Kingdom,Engineering,,poppy.ashworth0d2d@example.invalid,1246642006,Ashworth,Poppy,,,,"London, England, United Kingdom",1677006097,,,,,,,,,Quality Engineer,
EMP-C45178673E51,priya.chauhanc451,Priya Chauhan,,,,,,,,,,,India,IT,,priya.chauhanc451@example.invalid,9369907359,Chauhan,Priya,,,,"Pune, Maharashtra, India",6826779219,,,,,,,,,Identity Engineer,
EMP-B6B0415E9FD6,cameron.graysonb6b0,Cameron Grayson,,,,,,,,,,,USA,IT,,cameron.graysonb6b0@example.invalid,5468324456,Grayson,Cameron,,,,"Austin, TX, USA",2522773902,,,,,,,,,Identity Engineer,
EMP-AE03BB406266,manish.chauhanae03,Manish Chauhan,,,,,,,,,,,India,Engineering,,manish.chauhanae03@example.invalid,2732785764,Chauhan,Manish,,,,"Pune, Maharashtra, India",8384827170,,,,,,,,,Software Engineer,
EMP-342FDA059F3D,kavya.shetty342f,Kavya Shetty,,,,,,,,,,,India,Sales,,kavya.shetty342f@example.invalid,1558935379,Shetty,Kavya,,,,"Pune, Maharashtra, India",7693206320,,,,,,,,,Account Executive,
EMP-A7654ABCA6B5,blake.graysona765,Blake Grayson,,,,,,,,,,,USA,Sales,,blake.graysona765@example.invalid,1092958816,Grayson,Blake,,,,"Austin, TX, USA",0891448944,,,,,,,,,Sales Development Representative,
EMP-EA2E48983B62,tanvi.joshiea2e,Tanvi Joshi,,,,,,,,,,,India,Engineering,,tanvi.joshiea2e@example.invalid,2472341632,Joshi,Tanvi,,,,"Pune, Maharashtra, India",7571433670,,,,,,,,,Site Reliability Engineer,
EMP-C06EB5A4C16D,oliver.pembertonc06e,Oliver Pemberton,,,,,,,,,,,United Kingdom,Sales,,oliver.pembertonc06e@example.invalid,1944806743,Pemberton,Oliver,,,,"London, England, United Kingdom",7748760027,,,,,,,,,Senior Account Executive,
EMP-3F11B4860DC4,daisy.kingsley3f11,Daisy Kingsley,,,,,,,,,,,United Kingdom,Marketing,,daisy.kingsley3f11@example.invalid,6843163395,Kingsley,Daisy,,,,"London, England, United Kingdom",6291279481,,,,,,,,,Demand Generation Manager,
EMP-1F84069771A3,cameron.kirby1f84,Cameron Kirby,,,,,,,,,,,USA,Product,,cameron.kirby1f84@example.invalid,9617952933,Kirby,Cameron,,,,"Austin, TX, USA",2913310464,,,,,,,,,Product Manager,
EMP-E371E0F19BE2,amit.dahane371,Amit Dahan,,,,,,,,,,,Israel,Engineering,,amit.dahane371@example.invalid,7284995031,Dahan,Amit,,,,"Tel Aviv, Israel",5501515626,,,,,,,,,Senior Software Engineer,
EMP-01A066B86C84,paola.carrillo01a0,Paola Carrillo,,,,,,,,,,,Mexico,Customer Success,,paola.carrillo01a0@example.invalid,2592272519,Carrillo,Paola,,,,"Mexico City, Mexico",1710814652,,,,,,,,,Senior Customer Success Manager,
EMP-D4E4DE505ED4,hector.mendozad4e4,Héctor Mendoza,,,,,,,,,,,Mexico,Product,,hector.mendozad4e4@example.invalid,7500475483,Mendoza,Héctor,,,,"Mexico City, Mexico",0280006242,,,,,,,,,Principal Product Manager,
EMP-F914BA74BFE3,callum.waverleyf914,Callum Waverley,,,,,,,,,,,United Kingdom,Marketing,,callum.waverleyf914@example.invalid,5576605117,Waverley,Callum,,,,"London, England, United Kingdom",1059039744,,,,,,,,,Marketing Director,
EMP-6396C32C7B57,avery.grayson6396,Avery Grayson,,,,,,,,,,,USA,Design,,avery.grayson6396@example.invalid,2076757479,Grayson,Avery,,,,"Austin, TX, USA",8721934737,,,,,,,,,UX Researcher,
EMP-45EFC613CEFF,daisy.waverley45ef,Daisy Waverley,,,,,,,,,,,United Kingdom,Marketing,,daisy.waverley45ef@example.invalid,6430394841,Waverley,Daisy,,,,"London, England, United Kingdom",7407765637,,,,,,,,,Marketing Specialist,
EMP-90494EFDFE79,sanya.mehta9049,Sanya Mehta,,,,,,,,,,,India,Engineering,,sanya.mehta9049@example.invalid,7564538153,Mehta,Sanya,,,,"Pune, Maharashtra, India",9762329093,,,,,,,,,Software Engineer,
EMP-3986A868CF88,quinn.kirby3986,Quinn Kirby,,,,,,,,,,,USA,Engineering,,quinn.kirby3986@example.invalid,5153018773,Kirby,Quinn,,,,"Austin, TX, USA",1762759458,,,,,,,,,Software Engineer,
EMP-8BE4C5B5C8FA,rin.kawaguchi8be4,Rin Kawaguchi,,,,,,,,,,,Japan,Sales,,rin.kawaguchi8be4@example.invalid,0513655070,Kawaguchi,Rin,,,,"Tokyo, Japan",0891448944,,,,,,,,,Senior Account Executive,
EMP-9DE2C2466686,amit.gilad9de2,Amit Gilad,,,,,,,,,,,Israel,People,,amit.gilad9de2@example.invalid,6314898433,Gilad,Amit,,,,"Tel Aviv, Israel",2329842297,,,,,,,,,Recruiter,
EMP-20C130DBA538,noa.erez20c1,Noa Erez,,,,,,,,,,,Israel,Engineering,,noa.erez20c1@example.invalid,9646769204,Erez,Noa,,,,"Tel Aviv, Israel",9612623308,,,,,,,,,Senior Software Engineer,
EMP-D14D3B0FF4FE,neha.patild14d,Neha Patil,,,,,,,,,,,India,Engineering,,neha.patild14d@example.invalid,6854525371,Patil,Neha,,,,"Pune, Maharashtra, India",1805818302,,,,,,,,,Engineering Manager,
EMP-5A776B80ED55,nell.cartwright5a77,Nell Cartwright,,,,,,,,,,,United Kingdom,Product,,nell.cartwright5a77@example.invalid,7123863410,Cartwright,Nell,,,,"London, England, United Kingdom",0280006242,,,,,,,,,Senior Product Manager,
EMP-1C52B54C9F8C,hector.fuentes1c52,Héctor Fuentes,,,,,,,,,,,Mexico,Product,,hector.fuentes1c52@example.invalid,1851175540,Fuentes,Héctor,,,,"Mexico City, Mexico",0280006242,,,,,,,,,Product Manager,
EMP-9AB767F9B127,tanner.shelton9ab7,Tanner Shelton,,,,,,,,,,,USA,Engineering,,tanner.shelton9ab7@example.invalid,4695619878,Shelton,Tanner,,,,"Austin, TX, USA",8579368349,,,,,,,,,Software Engineer,
EMP-9C0F6CA75C8D,gabriela.lozano9c0f,Gabriela Lozano,,,,,,,,,,,Mexico,Product,,gabriela.lozano9c0f@example.invalid,0635536740,Lozano,Gabriela,,,,"Puebla, Mexico",0280006242,,,,,,,,,Director of Product Management,
EMP-A5BF1C529E14,shira.peretza5bf,Shira Peretz,,,,,,,,,,,Israel,Sales,,shira.peretza5bf@example.invalid,7974857324,Peretz,Shira,,,,"Tel Aviv, Israel",0891448944,,,,,,,,,Sales Development Representative,
EMP-15D4C6A4EBC9,peyton.ellison15d4,Peyton Ellison,,,,,,,,,,,USA,IT,,peyton.ellison15d4@example.invalid,1491911881,Ellison,Peyton,,,,"Austin, TX, USA",2522773902,,,,,,,,,Systems Administrator,
EMP-F6BDFCB1F4FF,emile.kirklandf6bd,Émile Kirkland,,,,,,,,,,,Canada,Sales,,emile.kirklandf6bd@example.invalid,5178394406,Kirkland,Émile,,,,"Toronto, Ontario, Canada",0891448944,,,,,,,,,Sales Development Representative,
EMP-3EEF6AF2ABA9,sawyer.vaughn3eef,Sawyer Vaughn,,,,,,,,,,,USA,Product,,sawyer.vaughn3eef@example.invalid,0280006242,Vaughn,Sawyer,,,,"Austin, TX, USA",0067001250,,,,,,,,,Director of Product Management,
EMP-DCE764FB580A,cameron.nortondce7,Cameron Norton,,,,,,,,,,,USA,Customer Success,,cameron.nortondce7@example.invalid,8640985014,Norton,Cameron,,,,"Austin, TX, USA",2668820698,,,,,,,,,Customer Success Manager,
EMP-DF589D19991C,miles.northcottdf58,Miles Northcott,,,,,,,,,,,United Kingdom,Engineering,,miles.northcottdf58@example.invalid,1677006097,Northcott,Miles,,,,"London, England, United Kingdom",0159073081,,,,,,,,,Engineering Manager,
EMP-F07CA0F53567,nell.merrickf07c,Nell Merrick,,,,,,,,,,,United Kingdom,Finance,,nell.merrickf07c@example.invalid,1238215208,Merrick,Nell,,,,"London, England, United Kingdom",4316997889,,,,,,,,,Financial Analyst,
EMP-D5F88BE549EE,nolan.fosterd5f8,Nolan Foster,,,,,,,,,,,USA,Customer Success,,nolan.fosterd5f8@example.invalid,1207032270,Foster,Nolan,,,,"Los Angeles, CA, USA",0774203541,,,,,,,,,Senior Support Engineer,
EMP-1C9AC6DE4130,gali.ophir1c9a,Gali Ophir,,,,,,,,,,,Israel,Product,,gali.ophir1c9a@example.invalid,7354137972,Ophir,Gali,,,,"Tel Aviv, Israel",5977531353,,,,,,,,,Product Manager,
EMP-A293322971F3,farhan.bhatta293,Farhan Bhatt,,,,,,,,,,,India,Engineering,,farhan.bhatta293@example.invalid,9307612252,Bhatt,Farhan,,,,"Pune, Maharashtra, India",3920829373,,,,,,,,,Software Engineer,
EMP-44A36EE91A7D,quinn.ramsey44a3,Quinn Ramsey,,,,,,,,,,,USA,Customer Success,,quinn.ramsey44a3@example.invalid,3233790505,Ramsey,Quinn,,,,"Boston, MA, USA",0774203541,,,,,,,,,Support Engineer,
EMP-42570DA3C08E,imogen.radcliffe4257,Imogen Radcliffe,,,,,,,,,,,United Kingdom,Sales,,imogen.radcliffe4257@example.invalid,6438454557,Radcliffe,Imogen,,,,"London, England, United Kingdom",7748760027,,,,,,,,,Sales Development Representative,
EMP-7A1A712864DF,priya.deshmukh7a1a,Priya Deshmukh,,,,,,,,,,,India,People,,priya.deshmukh7a1a@example.invalid,0326696067,Deshmukh,Priya,,,,"Pune, Maharashtra, India",4251680745,,,,,,,,,Recruiter,
EMP-1F00FF1BC6B3,eva.groothuis1f00,Eva Groothuis,,,,,,,,,,,Netherlands,Sales,,eva.groothuis1f00@example.invalid,9938651112,Groothuis,Eva,,,,"Amsterdam, Netherlands",0891448944,,,,,,,,,Account Executive,
EMP-687F1D216BB0,cameron.ramsey687f,Cameron Ramsey,,,,,,,,,,,USA,Engineering,,cameron.ramsey687f@example.invalid,1364619595,Ramsey,Cameron,,,,"San Diego, CA, USA",3399765258,,,,,,,,,Quality Engineer,
EMP-7A134349BEEE,maya.tal7a13,Maya Tal,,,,,,,,,,,Israel,Engineering,,maya.tal7a13@example.invalid,1199699517,Tal,Maya,,,,"Tel Aviv, Israel",2079722361,,,,,,,,,Senior Software Engineer,
EMP-1B73EF8EDED3,riley.dawson1b73,Riley Dawson,,,,,,,,,,,USA,Engineering,,riley.dawson1b73@example.invalid,8248583648,Dawson,Riley,,,,"Austin, TX, USA",2770923116,,,,,,,,,Engineering Manager,
EMP-BEFC2643B1F8,rhea.waghbefc,Rhea Wagh,,,,,,,,,,,India,Engineering,,rhea.waghbefc@example.invalid,3527939587,Wagh,Rhea,,,,"Pune, Maharashtra, India",2101934803,,,,,,,,,Site Reliability Engineer,
EMP-FAD7BE43FDED,rohan.nairfad7,Rohan Nair,,,,,,,,,,,India,Customer Success,,rohan.nairfad7@example.invalid,8707082393,Nair,Rohan,,,,"Pune, Maharashtra, India",4373359127,,,,,,,,,Customer Success Manager,
EMP-7665A7A1E73E,imogen.ashworth7665,Imogen Ashworth,,,,,,,,,,,United Kingdom,Design,,imogen.ashworth7665@example.invalid,2934481463,Ashworth,Imogen,,,,"London, England, United Kingdom",2226904486,,,,,,,,,Senior Product Designer,
EMP-53048FA22A2A,jasper.waverley5304,Jasper Waverley,,,,,,,,,,,United Kingdom,Sales,,jasper.waverley5304@example.invalid,1709745499,Waverley,Jasper,,,,"London, England, United Kingdom",7748760027,,,,,,,,,Senior Account Executive,
EMP-393C191009B3,blake.ellison393c,Blake Ellison,,,,,,,,,,,USA,Engineering,,blake.ellison393c@example.invalid,5437450806,Ellison,Blake,,,,"Denver, CO, USA",0159073081,,,,,,,,,Software Engineer,
EMP-E3366A8AC60A,hadar.levine336,Hadar Levin,,,,,,,,,,,Israel,Engineering,,hadar.levine336@example.invalid,9612623308,Levin,Hadar,,,,"Tel Aviv, Israel",1744518224,,,,,,,,,Engineering Manager,
EMP-953C7ACCACBB,sawyer.norton953c,Sawyer Norton,,,,,,,,,,,USA,Finance,,sawyer.norton953c@example.invalid,9743816996,Norton,Sawyer,,,,"Denver, CO, USA",0067001250,,,,,,,,,Financial Analyst,
EMP-CEF5A818E78E,cameron.carvercef5,Cameron Carver,,,,,,,,,,,USA,Finance,,cameron.carvercef5@example.invalid,6024800277,Carver,Cameron,,,,"San Diego, CA, USA",0067001250,,,,,,,,,Financial Analyst,
EMP-6068752D1E58,isabela.pena6068,Isabela Peña,,,,,,,,,,,Mexico,Customer Success,,isabela.pena6068@example.invalid,1862102718,Peña,Isabela,,,,"Mexico City, Mexico",0774203541,,,,,,,,,Director of Customer Success,
EMP-4CDD499EED87,tully.callaghan4cdd,Tully Callaghan,,,,,,,,,,,Australia,Customer Success,,tully.callaghan4cdd@example.invalid,3674313776,Callaghan,Tully,,,,"Sydney, New South Wales, Australia",0774203541,,,,,,,,,Senior Customer Success Manager,
EMP-54BE09C3856F,gali.zohar54be,Gali Zohar,,,,,,,,,,,Israel,Engineering,,gali.zohar54be@example.invalid,0122910465,Zohar,Gali,,,,"Tel Aviv, Israel",2079722361,,,,,,,,,Staff Software Engineer,
EMP-A4A1752A97E1,ananya.mehtaa4a1,Ananya Mehta,,,,,,,,,,,India,Design,,ananya.mehtaa4a1@example.invalid,9267795531,Mehta,Ananya,,,,"Pune, Maharashtra, India",2488224667,,,,,,,,,Product Designer,
EMP-1A97875223FD,jordan.pierce1a97,Jordan Pierce,,,,,,,,,,,USA,Sales,,jordan.pierce1a97@example.invalid,3330291636,Pierce,Jordan,,,,"Austin, TX, USA",0891448944,,,,,,,,,Sales Development Representative,
EMP-BA8B2299AFAE,tamar.avrahamba8b,Tamar Avraham,,,,,,,,,,,Israel,Engineering,,tamar.avrahamba8b@example.invalid,6290198967,Avraham,Tamar,,,,"Tel Aviv, Israel",5501515626,,,,,,,,,Software Engineer,
EMP-96C4731854C5,sanya.chauhan96c4,Sanya Chauhan,,,,,,,,,,,India,People,,sanya.chauhan96c4@example.invalid,9463131913,Chauhan,Sanya,,,,"Pune, Maharashtra, India",4251680745,,,,,,,,,HR Business Partner,
EMP-D44D9D4FF5D1,aubrey.carverd44d,Aubrey Carver,,,,,,,,,,,USA,Engineering,,aubrey.carverd44d@example.invalid,5999543632,Carver,Aubrey,,,,"Denver, CO, USA",0159073081,,,,,,,,,Software Engineer,
EMP-7FB02F5C8F6E,nolan.ramsey7fb0,Nolan Ramsey,,,,,,,,,,,USA,Finance,,nolan.ramsey7fb0@example.invalid,3307789376,Ramsey,Nolan,,,,"Salt Lake City, UT, USA",0067001250,,,,,,,,,Senior Financial Analyst,
EMP-943C69962E51,harper.ellison943c,Harper Ellison,,,,,,,,,,,USA,Engineering,,harper.ellison943c@example.invalid,9959058734,Ellison,Harper,,,,"Seattle, WA, USA",0159073081,,,,,,,,,Senior Software Engineer,
EMP-D99ED0A1C693,blake.tated99e,Blake Tate,,,,,,,,,,,USA,Sales,,blake.tated99e@example.invalid,5790492122,Tate,Blake,,,,"Austin, TX, USA",0891448944,,,,,,,,,Sales Development Representative,
EMP-C4DA8B86AEC3,alejandra.salazarc4da,Alejandra Salazar,,,,,,,,,,,Mexico,Sales,,alejandra.salazarc4da@example.invalid,6930707008,Salazar,Alejandra,,,,"Monterrey, Nuevo León, Mexico",0891448944,,,,,,,,,Solutions Engineer,
EMP-11A9CA493714,blake.hollis11a9,Blake Hollis,,,,,,,,,,,USA,Engineering,,blake.hollis11a9@example.invalid,5514420063,Hollis,Blake,,,,"Seattle, WA, USA",0159073081,,,,,,,,,Staff Software Engineer,
EMP-EAC0D898B8F8,maeve.duboiseac0,Maeve Dubois,,,,,,,,,,,Canada,People,,maeve.duboiseac0@example.invalid,0853522351,Dubois,Maeve,,,,"Toronto, Ontario, Canada",2329842297,,,,,,,,,Recruiter,
EMP-87CD46F50B47,sienna.stanmore87cd,Sienna Stanmore,,,,,,,,,,,Australia,Engineering,,sienna.stanmore87cd@example.invalid,3616091387,Stanmore,Sienna,,,,"Sydney, New South Wales, Australia",0159073081,,,,,,,,,Senior Software Engineer,
EMP-424E4E87DACC,daisy.sinclair424e,Daisy Sinclair,,,,,,,,,,,United Kingdom,Customer Success,,daisy.sinclair424e@example.invalid,0085053184,Sinclair,Daisy,,,,"London, England, United Kingdom",1594822528,,,,,,,,,Customer Success Manager,
EMP-356C7516322A,logan.foster356c,Logan Foster,,,,,,,,,,,USA,Product,,logan.foster356c@example.invalid,9686321199,Foster,Logan,,,,"Atlanta, GA, USA",8160736833,,,,,,,,,Principal Product Manager,
EMP-23892198C262,daichi.maruyama2389,Daichi Maruyama,,,,,,,,,,,Japan,Sales,,daichi.maruyama2389@example.invalid,3116845413,Maruyama,Daichi,,,,"Tokyo, Japan",0891448944,,,,,,,,,Account Executive,
EMP-323952FAD122,morgan.jennings3239,Morgan Jennings,,,,,,,,,,,USA,Product,,morgan.jennings3239@example.invalid,2772906088,Jennings,Morgan,,,,"Atlanta, GA, USA",8160736833,,,,,,,,,Senior Product Manager,
EMP-C5B0BCF2DED6,roni.dahanc5b0,Roni Dahan,,,,,,,,,,,Israel,Finance,,roni.dahanc5b0@example.invalid,2679589695,Dahan,Roni,,,,"Tel Aviv, Israel",6694081308,,,,,,,,,Financial Analyst,
EMP-F82A2A340234,maya.peretzf82a,Maya Peretz,,,,,,,,,,,Israel,Engineering,,maya.peretzf82a@example.invalid,3291608386,Peretz,Maya,,,,"Tel Aviv, Israel",8991844032,,,,,,,,,Software Engineer,
EMP-B1C3FB7B224D,blake.bennettb1c3,Blake Bennett,,,,,,,,,,,USA,Legal,,blake.bennettb1c3@example.invalid,1446897130,Bennett,Blake,,,,"Atlanta, GA, USA",0400249940,,,,,,,,,Senior Corporate Counsel,
EMP-E106FCFBF3FB,neha.naire106,Neha Nair,,,,,,,,,,,India,Engineering,,neha.naire106@example.invalid,7454414251,Nair,Neha,,,,"Pune, Maharashtra, India",7666260215,,,,,,,,,Software Engineer,
EMP-30855D4BA795,nikhil.verma3085,Nikhil Verma,,,,,,,,,,,India,Engineering,,nikhil.verma3085@example.invalid,5238612060,Verma,Nikhil,,,,"Pune, Maharashtra, India",3276728611,,,,,,,,,Software Engineer,
EMP-B91B4D1746AC,yui.nakagawab91b,Yui Nakagawa,,,,,,,,,,,Japan,Sales,,yui.nakagawab91b@example.invalid,3753174501,Nakagawa,Yui,,,,"Tokyo, Japan",0891448944,,,,,,,,,Account Executive,
EMP-3B615BC00ECA,carter.grayson3b61,Carter Grayson,,,,,,,,,,,USA,Sales,,carter.grayson3b61@example.invalid,1418708373,Grayson,Carter,,,,"Austin, TX, USA",0891448944,,,,,,,,,Account Executive,
EMP-98623580ED43,roni.ophir9862,Roni Ophir,,,,,,,,,,,Israel,Product,,roni.ophir9862@example.invalid,9335410749,Ophir,Roni,,,,"Tel Aviv, Israel",5977531353,,,,,,,,,Product Manager,
EMP-70A98FB39ACB,miles.fairbanks70a9,Miles Fairbanks,,,,,,,,,,,United Kingdom,Engineering,,miles.fairbanks70a9@example.invalid,4870976988,Fairbanks,Miles,,,,"London, England, United Kingdom",5137228435,,,,,,,,,Software Engineer,
EMP-0FB1E0C948BC,carter.carver0fb1,Carter Carver,,,,,,,,,,,USA,Engineering,,carter.carver0fb1@example.invalid,6560060701,Carver,Carter,,,,"Austin, TX, USA",1733969300,,,,,,,,,Software Engineer,
EMP-2DEA01AC580F,farhan.verma2dea,Farhan Verma,,,,,,,,,,,India,Design,,farhan.verma2dea@example.invalid,5980432876,Verma,Farhan,,,,"Pune, Maharashtra, India",2488224667,,,,,,,,,Product Designer,
EMP-EB85C49AE372,diego.alvaradoeb85,Diego Alvarado,,,,,,,,,,,Mexico,Customer Success,,diego.alvaradoeb85@example.invalid,0335505818,Alvarado,Diego,,,,"Mexico City, Mexico",6260880146,,,,,,,,,Technical Account Manager,
EMP-A9E1F34535A8,avigail.ereza9e1,Avigail Erez,,,,,,,,,,,Israel,Marketing,,avigail.ereza9e1@example.invalid,0748272529,Erez,Avigail,,,,"Tel Aviv, Israel",1059039744,,,,,,,,,Product Marketing Manager,
EMP-C32AB88F598C,sylvie.thibaultc32a,Sylvie Thibault,,,,,,,,,,,France,Marketing,,sylvie.thibaultc32a@example.invalid,2239977512,Thibault,Sylvie,,,,"Paris, France",1059039744,,,,,,,,,Marketing Specialist,
EMP-7BEBD67D7F3F,jocelyn.dubois7beb,Jocelyn Dubois,,,,,,,,,,,Canada,Sales,,jocelyn.dubois7beb@example.invalid,0686281927,Dubois,Jocelyn,,,,"Toronto, Ontario, Canada",0891448944,,,,,,,,,Enterprise Account Executive,
EMP-4CE9296803FC,quinn.ramsey4ce9,Quinn Ramsey,,,,,,,,,,,USA,IT,,quinn.ramsey4ce9@example.invalid,3176348951,Ramsey,Quinn,,,,"Austin, TX, USA",2522773902,,,,,,,,,Systems Administrator,
EMP-ECB01D2587F8,isla.cormierecb0,Isla Cormier,,,,,,,,,,,Canada,Sales,,isla.cormierecb0@example.invalid,5884270687,Cormier,Isla,,,,"Toronto, Ontario, Canada",0891448944,,,,,,,,,Solutions Engineer,
EMP-71AD8462DD17,edward.ashworth71ad,Edward Ashworth,,,,,,,,,,,United Kingdom,Marketing,,edward.ashworth71ad@example.invalid,7407765637,Ashworth,Edward,,,,"London, England, United Kingdom",1059039744,,,,,,,,,Marketing Director,
EMP-A23B48F333A0,nell.blackwooda23b,Nell Blackwood,,,,,,,,,,,United Kingdom,People,,nell.blackwooda23b@example.invalid,7150696066,Blackwood,Nell,,,,"London, England, United Kingdom",2329842297,,,,,,,,,Director of People,
EMP-693C7EDE8081,oscar.lozano693c,Óscar Lozano,,,,,,,,,,,Mexico,Customer Success,,oscar.lozano693c@example.invalid,6688903177,Lozano,Óscar,,,,"Mexico City, Mexico",6260880146,,,,,,,,,Technical Account Manager,
EMP-A6E1C5856454,riley.landrya6e1,Riley Landry,,,,,,,,,,,USA,Product,,riley.landrya6e1@example.invalid,6760498232,Landry,Riley,,,,"Raleigh, NC, USA",0280006242,,,,,,,,,Senior Product Manager,
EMP-6CCD1E432618,ananya.sharma6ccd,Ananya Sharma,,,,,,,,,,,India,People,,ananya.sharma6ccd@example.invalid,0072664630,Sharma,Ananya,,,,"Pune, Maharashtra, India",4251680745,,,,,,,,,HR Business Partner,
EMP-E13207EDD1F4,aubrey.landrye132,Aubrey Landry,,,,,,,,,,,USA,Customer Success,,aubrey.landrye132@example.invalid,5380441246,Landry,Aubrey,,,,"Austin, TX, USA",2668820698,,,,,,,,,Senior Customer Success Manager,
EMP-029565878C44,morgan.ramsey0295,Morgan Ramsey,,,,,,,,,,,USA,Product,,morgan.ramsey0295@example.invalid,2454039102,Ramsey,Morgan,,,,"Austin, TX, USA",4485408201,,,,,,,,,Product Manager,
EMP-FEBA38525E58,avery.ashfordfeba,Avery Ashford,,,,,,,,,,,USA,Customer Success,,avery.ashfordfeba@example.invalid,7723233392,Ashford,Avery,,,,"Austin, TX, USA",2668820698,,,,,,,,,Support Engineer,
EMP-F6A5E52C4412,avery.graysonf6a5,Avery Grayson,,,,,,,,,,,USA,Engineering,,avery.graysonf6a5@example.invalid,2770923116,Grayson,Avery,,,,"Austin, TX, USA",0159073081,,,,,,,,,Director of Engineering,
EMP-A2E8EEAC06E6,alfie.radcliffea2e8,Alfie Radcliffe,,,,,,,,,,,United Kingdom,Marketing,,alfie.radcliffea2e8@example.invalid,1358721944,Radcliffe,Alfie,,,,"London, England, United Kingdom",7407765637,,,,,,,,,Marketing Specialist,
EMP-0B30EB3CC25A,daan.overbeek0b30,Daan Overbeek,,,,,,,,,,,Netherlands,Sales,,daan.overbeek0b30@example.invalid,9490606318,Overbeek,Daan,,,,"Amsterdam, Netherlands",0891448944,,,,,,,,,Enterprise Account Executive,
EMP-6A16D08A24E5,oscar.fuentes6a16,Óscar Fuentes,,,,,,,,,,,Mexico,Customer Success,,oscar.fuentes6a16@example.invalid,9251110974,Fuentes,Óscar,,,,"Mexico City, Mexico",1710814652,,,,,,,,,Support Engineer,
EMP-DE8F5B36BB5B,omer.giladde8f,Omer Gilad,,,,,,,,,,,Israel,Engineering,,omer.giladde8f@example.invalid,8719322808,Gilad,Omer,,,,"Tel Aviv, Israel",9346450824,,,,,,,,,Staff Software Engineer,
EMP-6CD9E5C381F1,rohan.gokhale6cd9,Rohan Gokhale,,,,,,,,,,,India,Engineering,,rohan.gokhale6cd9@example.invalid,3903915571,Gokhale,Rohan,,,,"Pune, Maharashtra, India",3920829373,,,,,,,,,Site Reliability Engineer,
EMP-C6ABF6AC84D4,fernando.quinteroc6ab,Fernando Quintero,,,,,,,,,,,Mexico,Engineering,,fernando.quinteroc6ab@example.invalid,1350612646,Quintero,Fernando,,,,"Monterrey, Nuevo León, Mexico",0159073081,,,,,,,,,Engineering Manager,
EMP-D9FD57EB6878,nolan.ramseyd9fd,Nolan Ramsey,,,,,,,,,,,Luxembourg,Sales,,nolan.ramseyd9fd@example.invalid,3919816004,Ramsey,Nolan,,,,"Luxembourg, Luxembourg",0891448944,,,,,,,,,Enterprise Account Executive,
EMP-2A7F7C246FCA,rahul.kulkarni2a7f,Rahul Kulkarni,,,,,,,,,,,India,Engineering,,rahul.kulkarni2a7f@example.invalid,7571433670,Kulkarni,Rahul,,,,"Pune, Maharashtra, India",1805818302,,,,,,,,,Engineering Manager,
EMP-989DA2B7A84D,ishaan.joshi989d,Ishaan Joshi,,,,,,,,,,,India,IT,,ishaan.joshi989d@example.invalid,4795007442,Joshi,Ishaan,,,,"Pune, Maharashtra, India",7400912674,,,,,,,,,IT Operations Engineer,
EMP-4DEC8E122B2E,daniel.mizrahi4dec,Daniel Mizrahi,,,,,,,,,,,Israel,Engineering,,daniel.mizrahi4dec@example.invalid,4109184596,Mizrahi,Daniel,,,,"Tel Aviv, Israel",2079722361,,,,,,,,,Software Engineer,
EMP-40CFEAB8E5E9,reese.ashford40cf,Reese Ashford,,,,,,,,,,,USA,Customer Success,,reese.ashford40cf@example.invalid,8458673700,Ashford,Reese,,,,"Washington, DC, USA",0774203541,,,,,,,,,Support Engineer,
EMP-AEF52648F827,roni.dahanaef5,Roni Dahan,,,,,,,,,,,Israel,Engineering,,roni.dahanaef5@example.invalid,6736443353,Dahan,Roni,,,,"Tel Aviv, Israel",0500143343,,,,,,,,,Quality Engineer,
EMP-198FF9B064C8,blake.ellison198f,Blake Ellison,,,,,,,,,,,Malaysia,Customer Success,,blake.ellison198f@example.invalid,8618273995,Ellison,Blake,,,,"Kuala Lumpur, Malaysia",0774203541,,,,,,,,,Senior Support Engineer,
EMP-9200E4A5CD03,kelsey.vaughn9200,Kelsey Vaughn,,,,,,,,,,,Belgium,Sales,,kelsey.vaughn9200@example.invalid,0297784251,Vaughn,Kelsey,,,,"Brussels, Brussels Capital, Belgium",0891448944,,,,,,,,,Senior Account Executive,
EMP-2D760B942C9A,nathalie.lachance2d76,Nathalie Lachance,,,,,,,,,,,Canada,Engineering,,nathalie.lachance2d76@example.invalid,9989995277,Lachance,Nathalie,,,,"Toronto, Ontario, Canada",0159073081,,,,,,,,,Software Engineer,
EMP-B8653118F925,harper.yatesb865,Harper Yates,,,,,,,,,,,Costa Rica,People,,harper.yatesb865@example.invalid,8955472533,Yates,Harper,,,,"San José, Costa Rica",2329842297,,,,,,,,,Senior Recruiter,
EMP-4EB536793DC7,javier.lozano4eb5,Javier Lozano,,,,,,,,,,,Mexico,Sales,,javier.lozano4eb5@example.invalid,0098426183,Lozano,Javier,,,,"Mexico City, Mexico",7518950386,,,,,,,,,Enterprise Account Executive,
EMP-352F969C7ED1,harper.marsh352f,Harper Marsh,,,,,,,,,,,USA,Engineering,,harper.marsh352f@example.invalid,6802318993,Marsh,Harper,,,,"Austin, TX, USA",2976662870,,,,,,,,,Senior Software Engineer,
EMP-5FDCA621B740,peyton.marsh5fdc,Peyton Marsh,,,,,,,,,,,USA,Customer Success,,peyton.marsh5fdc@example.invalid,2218093607,Marsh,Peyton,,,,"Austin, TX, USA",3932728268,,,,,,,,,Senior Support Engineer,
EMP-078092409216,reese.whitaker0780,Reese Whitaker,,,,,,,,,,,USA,Engineering,,reese.whitaker0780@example.invalid,1310996970,Whitaker,Reese,,,,"Denver, CO, USA",0159073081,,,,,,,,,Software Engineer,
EMP-5AB55DBE100A,devika.deshmukh5ab5,Devika Deshmukh,,,,,,,,,,,India,Engineering,,devika.deshmukh5ab5@example.invalid,5092455402,Deshmukh,Devika,,,,"Pune, Maharashtra, India",2574715791,,,,,,,,,Quality Engineer,
EMP-521D35B18C53,avery.whitaker521d,Avery Whitaker,,,,,,,,,,,Thailand,Customer Success,,avery.whitaker521d@example.invalid,2114465289,Whitaker,Avery,,,,"Bangkok, Thailand",0774203541,,,,,,,,,Senior Support Engineer,
EMP-5A85EA7BB5C8,oscar.fuentes5a85,Óscar Fuentes,,,,,,,,,,,Mexico,Customer Success,,oscar.fuentes5a85@example.invalid,2367721415,Fuentes,Óscar,,,,"Mexico City, Mexico",1862102718,,,,,,,,,Senior Support Engineer,
EMP-A7CA7488E097,aubrey.ellisona7ca,Aubrey Ellison,,,,,,,,,,,USA,Engineering,,aubrey.ellisona7ca@example.invalid,0861948462,Ellison,Aubrey,,,,"Austin, TX, USA",5656559865,,,,,,,,,Senior Software Engineer,
EMP-8914A47391FC,morgan.landry8914,Morgan Landry,,,,,,,,,,,USA,Product,,morgan.landry8914@example.invalid,9007799857,Landry,Morgan,,,,"Austin, TX, USA",0280006242,,,,,,,,,Senior Product Manager,
EMP-B2A867B43F6F,skyler.dawsonb2a8,Skyler Dawson,,,,,,,,,,,USA,Legal,,skyler.dawsonb2a8@example.invalid,8694632567,Dawson,Skyler,,,,"Austin, TX, USA",0400249940,,,,,,,,,Senior Corporate Counsel,
EMP-91EB16D31014,hector.jimenez91eb,Héctor Jiménez,,,,,,,,,,,Mexico,Engineering,,hector.jimenez91eb@example.invalid,0790243232,Jiménez,Héctor,,,,"Mexico City, Mexico",3662122719,,,,,,,,,Staff Software Engineer,
EMP-561CA4A734A8,elena.nava561c,Elena Nava,,,,,,,,,,,Mexico,People,,elena.nava561c@example.invalid,4659680898,Nava,Elena,,,,"Mexico City, Mexico",2329842297,,,,,,,,,People Operations Specialist,
EMP-5EEA6118EA1A,paola.guzman5eea,Paola Guzmán,,,,,,,,,,,Mexico,Sales,,paola.guzman5eea@example.invalid,3750240665,Guzmán,Paola,,,,"Mexico City, Mexico",9530444629,,,,,,,,,Account Executive,
EMP-613524510DD3,carter.grayson6135,Carter Grayson,,,,,,,,,,,USA,Marketing,,carter.grayson6135@example.invalid,5987610119,Grayson,Carter,,,,"Austin, TX, USA",1059039744,,,,,,,,,Demand Generation Manager,
EMP-6441657E4998,miles.ellery6441,Miles Ellery,,,,,,,,,,,United Kingdom,Marketing,,miles.ellery6441@example.invalid,0354023201,Ellery,Miles,,,,"London, England, United Kingdom",5576605117,,,,,,,,,Marketing Specialist,
EMP-106E76AE51BE,cameron.hollis106e,Cameron Hollis,,,,,,,,,,,United Arab Emirates,Marketing,,cameron.hollis106e@example.invalid,3112877158,Hollis,Cameron,,,,"Dubai, United Arab Emirates",1059039744,,,,,,,,,Demand Generation Manager,
EMP-A42C2134853D,shira.barkaia42c,Shira Barkai,,,,,,,,,,,Israel,Sales,,shira.barkaia42c@example.invalid,0652846865,Barkai,Shira,,,,"Tel Aviv, Israel",0891448944,,,,,,,,,Sales Development Representative,
EMP-8E8F762F69BF,skyler.shelton8e8f,Skyler Shelton,,,,,,,,,,,USA,IT,,skyler.shelton8e8f@example.invalid,1065094561,Shelton,Skyler,,,,"Austin, TX, USA",2522773902,,,,,,,,,IT Operations Engineer,
EMP-016105D1AF8D,baptiste.beaulieu0161,Baptiste Beaulieu,,,,,,,,,,,France,Sales,,baptiste.beaulieu0161@example.invalid,4930451433,Beaulieu,Baptiste,,,,"Paris, France",0891448944,,,,,,,,,Sales Development Representative,
EMP-05196E7906AD,avery.landry0519,Avery Landry,,,,,,,,,,,USA,Sales,,avery.landry0519@example.invalid,0689559890,Landry,Avery,,,,"Austin, TX, USA",0891448944,,,,,,,,,Solutions Engineer,
EMP-8B0735939C00,elliot.ellison8b07,Elliot Ellison,,,,,,,,,,,USA,Marketing,,elliot.ellison8b07@example.invalid,4202681553,Ellison,Elliot,,,,"San Diego, CA, USA",1059039744,,,,,,,,,Marketing Director,
EMP-1B614386044C,indi.kelleher1b61,Indi Kelleher,,,,,,,,,,,Australia,Customer Success,,indi.kelleher1b61@example.invalid,4641769690,Kelleher,Indi,,,,"Sydney, New South Wales, Australia",0774203541,,,,,,,,,Support Engineer,
EMP-26D4ED439815,tamar.dahan26d4,Tamar Dahan,,,,,,,,,,,Israel,Product,,tamar.dahan26d4@example.invalid,3074069097,Dahan,Tamar,,,,"Tel Aviv, Israel",5977531353,,,,,,,,,Principal Product Manager,
EMP-C08FB205F6D3,jarrah.wickhamc08f,Jarrah Wickham,,,,,,,,,,,Australia,Customer Success,,jarrah.wickhamc08f@example.invalid,5637422301,Wickham,Jarrah,,,,"Sydney, New South Wales, Australia",0774203541,,,,,,,,,Support Engineer,
EMP-7B6118BA39CF,elena.lozano7b61,Elena Lozano,,,,,,,,,,,Mexico,Sales,,elena.lozano7b61@example.invalid,7518950386,Lozano,Elena,,,,"Mexico City, Mexico",0891448944,,,,,,,,,Regional Sales Director,
EMP-3DB25D6ED2EA,theo.beaudry3db2,Théo Beaudry,,,,,,,,,,,Canada,Product,,theo.beaudry3db2@example.invalid,2734459789,Beaudry,Théo,,,,"Montréal, Quebec, Canada",0280006242,,,,,,,,,Product Manager,
EMP-A219C63D763A,vikram.vermaa219,Vikram Verma,,,,,,,,,,,India,Engineering,,vikram.vermaa219@example.invalid,5840964149,Verma,Vikram,,,,"Pune, Maharashtra, India",9298282727,,,,,,,,,Senior Software Engineer,
EMP-0D8D306AD37E,sawyer.foster0d8d,Sawyer Foster,,,,,,,,,,,Germany,Sales,,sawyer.foster0d8d@example.invalid,9582223659,Foster,Sawyer,,,,"Munich, Bavaria, Germany",0891448944,,,,,,,,,Regional Sales Director,
EMP-F2609E9253EE,manish.gokhalef260,Manish Gokhale,,,,,,,,,,,India,Customer Success,,manish.gokhalef260@example.invalid,6253342862,Gokhale,Manish,,,,"Pune, Maharashtra, India",4373359127,,,,,,,,,Technical Account Manager,
EMP-8112997C449D,beatrice.lockhart8112,Beatrice Lockhart,,,,,,,,,,,United Kingdom,Sales,,beatrice.lockhart8112@example.invalid,9479641918,Lockhart,Beatrice,,,,"London, England, United Kingdom",7748760027,,,,,,,,,Senior Account Executive,
EMP-633F83F8E8A6,lucia.fuentes633f,Lucía Fuentes,,,,,,,,,,,Mexico,Sales,,lucia.fuentes633f@example.invalid,8366019776,Fuentes,Lucía,,,,"Mexico City, Mexico",9530444629,,,,,,,,,Account Executive,
EMP-1264E3450CE4,jordan.whitaker1264,Jordan Whitaker,,,,,,,,,,,USA,Finance,,jordan.whitaker1264@example.invalid,6062323677,Whitaker,Jordan,,,,"Atlanta, GA, USA",0067001250,,,,,,,,,Senior Financial Analyst,
EMP-4F60E0611D7B,kelsey.carver4f60,Kelsey Carver,,,,,,,,,,,USA,Sales,,kelsey.carver4f60@example.invalid,4471634627,Carver,Kelsey,,,,"Austin, TX, USA",0891448944,,,,,,,,,Senior Account Executive,
EMP-45BB53C0F344,nell.dunmore45bb,Nell Dunmore,,,,,,,,,,,United Kingdom,Design,,nell.dunmore45bb@example.invalid,7442086114,Dunmore,Nell,,,,"London, England, United Kingdom",2226904486,,,,,,,,,Product Designer,
EMP-B6612D81A663,katrien.kuipersb661,Katrien Kuipers,,,,,,,,,,,Netherlands,Marketing,,katrien.kuipersb661@example.invalid,2509420136,Kuipers,Katrien,,,,"Amsterdam, Netherlands",1059039744,,,,,,,,,Product Marketing Manager,
EMP-876ACF23BC7B,rhea.verma876a,Rhea Verma,,,,,,,,,,,India,Engineering,,rhea.verma876a@example.invalid,5044648214,Verma,Rhea,,,,"Pune, Maharashtra, India",2101934803,,,,,,,,,Quality Engineer,
EMP-661CEB317C89,roni.tal661c,Roni Tal,,,,,,,,,,,Israel,Engineering,,roni.tal661c@example.invalid,8991844032,Tal,Roni,,,,"Tel Aviv, Israel",1744518224,,,,,,,,,Engineering Manager,
EMP-016B847B2985,rhea.shetty016b,Rhea Shetty,,,,,,,,,,,India,Customer Success,,rhea.shetty016b@example.invalid,1058416575,Shetty,Rhea,,,,"Pune, Maharashtra, India",4373359127,,,,,,,,,Senior Customer Success Manager,
EMP-2250A711BE4C,farhan.chauhan2250,Farhan Chauhan,,,,,,,,,,,India,Engineering,,farhan.chauhan2250@example.invalid,0075357631,Chauhan,Farhan,,,,"Pune, Maharashtra, India",0444119676,,,,,,,,,Software Engineer,
EMP-1854FE454DAC,nolan.grayson1854,Nolan Grayson,,,,,,,,,,,USA,Marketing,,nolan.grayson1854@example.invalid,8563325164,Grayson,Nolan,,,,"New York City, NY, USA",1059039744,,,,,,,,,Content Marketing Manager,
EMP-8A7E31C109E3,miles.fairbanks8a7e,Miles Fairbanks,,,,,,,,,,,United Kingdom,Marketing,,miles.fairbanks8a7e@example.invalid,9463952537,Fairbanks,Miles,,,,"London, England, United Kingdom",7407765637,,,,,,,,,Product Marketing Manager,
EMP-F33AF00B4BC0,imogen.radcliffef33a,Imogen Radcliffe,,,,,,,,,,,United Kingdom,Sales,,imogen.radcliffef33a@example.invalid,1171944967,Radcliffe,Imogen,,,,"London, England, United Kingdom",7748760027,,,,,,,,,Solutions Engineer,
EMP-B0335C1F4CCF,yonatan.peretzb033,Yonatan Peretz,,,,,,,,,,,Israel,Sales,,yonatan.peretzb033@example.invalid,3989993038,Peretz,Yonatan,,,,"Tel Aviv, Israel",0891448944,,,,,,,,,Enterprise Account Executive,
EMP-315E163DE6A1,farhan.gokhale315e,Farhan Gokhale,,,,,,,,,,,India,Product,,farhan.gokhale315e@example.invalid,0787462641,Gokhale,Farhan,,,,"Pune, Maharashtra, India",2676127692,,,,,,,,,Product Manager,
EMP-38D649816095,oscar.alvarado38d6,Óscar Alvarado,,,,,,,,,,,Mexico,Sales,,oscar.alvarado38d6@example.invalid,1160096312,Alvarado,Óscar,,,,"Mexico City, Mexico",7518950386,,,,,,,,,Enterprise Account Executive,
EMP-DDA59B62B85C,logan.landrydda5,Logan Landry,,,,,,,,,,,USA,Engineering,,logan.landrydda5@example.invalid,1841471549,Landry,Logan,,,,"Austin, TX, USA",8881303837,,,,,,,,,Software Engineer,
EMP-1B62B98FA517,kelsey.ramsey1b62,Kelsey Ramsey,,,,,,,,,,,USA,Sales,,kelsey.ramsey1b62@example.invalid,3342950612,Ramsey,Kelsey,,,,"Austin, TX, USA",0891448944,,,,,,,,,Senior Account Executive,
EMP-A21EB17CCAD4,bruno.quinteroa21e,Bruno Quintero,,,,,,,,,,,Mexico,Finance,,bruno.quinteroa21e@example.invalid,2982617835,Quintero,Bruno,,,,"Mexico City, Mexico",8279943807,,,,,,,,,Accountant,
EMP-9CDFF82E9EFD,tanvi.shetty9cdf,Tanvi Shetty,,,,,,,,,,,India,Engineering,,tanvi.shetty9cdf@example.invalid,8842825811,Shetty,Tanvi,,,,"Pune, Maharashtra, India",9760197091,,,,,,,,,Senior Software Engineer,
EMP-47858FF0C4A4,maya.peretz4785,Maya Peretz,,,,,,,,,,,Israel,Design,,maya.peretz4785@example.invalid,2849418332,Peretz,Maya,,,,"Tel Aviv, Israel",7257115772,,,,,,,,,Senior Product Designer,
EMP-F308DB44985C,gali.zoharf308,Gali Zohar,,,,,,,,,,,Israel,Marketing,,gali.zoharf308@example.invalid,8690632215,Zohar,Gali,,,,"Tel Aviv, Israel",1059039744,,,,,,,,,Content Marketing Manager,
EMP-7F9F71380EC5,cameron.whitaker7f9f,Cameron Whitaker,,,,,,,,,,,USA,Product,,cameron.whitaker7f9f@example.invalid,9693801713,Whitaker,Cameron,,,,"Austin, TX, USA",4485408201,,,,,,,,,Product Manager,
EMP-F59E95F69E4E,blake.carverf59e,Blake Carver,,,,,,,,,,,USA,Sales,,blake.carverf59e@example.invalid,2063060123,Carver,Blake,,,,"Raleigh, NC, USA",0891448944,,,,,,,,,Enterprise Account Executive,
EMP-8B0D1DF78975,harper.yates8b0d,Harper Yates,,,,,,,,,,,USA,Design,,harper.yates8b0d@example.invalid,4969505775,Yates,Harper,,,,"Austin, TX, USA",8721934737,,,,,,,,,Senior Product Designer,
EMP-355628002E79,rahul.shetty3556,Rahul Shetty,,,,,,,,,,,India,Finance,,rahul.shetty3556@example.invalid,3252135216,Shetty,Rahul,,,,"Pune, Maharashtra, India",8806961831,,,,,,,,,Senior Financial Analyst,
EMP-674BC1EF192D,isabela.guzman674b,Isabela Guzmán,,,,,,,,,,,Mexico,Engineering,,isabela.guzman674b@example.invalid,1823652372,Guzmán,Isabela,,,,"Mexico City, Mexico",3662122719,,,,,,,,,Senior Software Engineer,
EMP-E5551EF72CD4,elliot.tatee555,Elliot Tate,,,,,,,,,,,USA,Engineering,,elliot.tatee555@example.invalid,4663812839,Tate,Elliot,,,,"Austin, TX, USA",8248583648,,,,,,,,,Staff Software Engineer,
EMP-184C52E7621A,sawyer.landry184c,Sawyer Landry,,,,,,,,,,,USA,Engineering,,sawyer.landry184c@example.invalid,8877094083,Landry,Sawyer,,,,"Austin, TX, USA",8248583648,,,,,,,,,Senior Software Engineer,
EMP-837C772DB794,nolan.ellison837c,Nolan Ellison,,,,,,,,,,,USA,People,,nolan.ellison837c@example.invalid,4317860835,Ellison,Nolan,,,,"Austin, TX, USA",7848695280,,,,,,,,,Senior Recruiter,
EMP-24AE8182CC93,sawyer.ashford24ae,Sawyer Ashford,,,,,,,,,,,USA,Sales,,sawyer.ashford24ae@example.invalid,0090993616,Ashford,Sawyer,,,,"Austin, TX, USA",0891448944,,,,,,,,,Solutions Engineer,
EMP-90131E2215CC,avigail.regev9013,Avigail Regev,,,,,,,,,,,Israel,Sales,,avigail.regev9013@example.invalid,7762546517,Regev,Avigail,,,,"Tel Aviv, Israel",0891448944,,,,,,,,,Sales Development Representative,
EMP-4122236086C5,edward.waverley4122,Edward Waverley,,,,,,,,,,,United Kingdom,Marketing,,edward.waverley4122@example.invalid,9158403911,Waverley,Edward,,,,"London, England, United Kingdom",7407765637,,,,,,,,,Content Marketing Manager,
EMP-9377891A471D,fernando.pena9377,Fernando Peña,,,,,,,,,,,Mexico,Customer Success,,fernando.pena9377@example.invalid,1759274028,Peña,Fernando,,,,"Mexico City, Mexico",1862102718,,,,,,,,,Customer Success Manager,
EMP-F492ECBCA714,elliot.dawsonf492,Elliot Dawson,,,,,,,,,,,USA,Engineering,,elliot.dawsonf492@example.invalid,6855327790,Dawson,Elliot,,,,"Austin, TX, USA",4394152190,,,,,,,,,Senior Software Engineer,
EMP-9B5ACE4A64DA,shira.tal9b5a,Shira Tal,,,,,,,,,,,Israel,Engineering,,shira.tal9b5a@example.invalid,2697702000,Tal,Shira,,,,"Tel Aviv, Israel",5501515626,,,,,,,,,Senior Software Engineer,
EMP-F92DADF60AD4,eitan.peretzf92d,Eitan Peretz,,,,,,,,,,,Israel,Engineering,,eitan.peretzf92d@example.invalid,1651277666,Peretz,Eitan,,,,"Tel Aviv, Israel",9612623308,,,,,,,,,Software Engineer,
EMP-36FF207F07B3,riley.dawson36ff,Riley Dawson,,,,,,,,,,,USA,Customer Success,,riley.dawson36ff@example.invalid,7071467596,Dawson,Riley,,,,"Atlanta, GA, USA",0774203541,,,,,,,,,Senior Customer Success Manager,
EMP-9CEB9C264C54,ishaan.gokhale9ceb,Ishaan Gokhale,,,,,,,,,,,India,Product,,ishaan.gokhale9ceb@example.invalid,7747076855,Gokhale,Ishaan,,,,"Pune, Maharashtra, India",2676127692,,,,,,,,,Technical Program Manager,
EMP-20E1FA3DB2AB,harper.grayson20e1,Harper Grayson,,,,,,,,,,,USA,Sales,,harper.grayson20e1@example.invalid,1871095856,Grayson,Harper,,,,"Austin, TX, USA",0891448944,,,,,,,,,Senior Account Executive,
EMP-D5A463559F59,miles.radcliffed5a4,Miles Radcliffe,,,,,,,,,,,United Kingdom,Design,,miles.radcliffed5a4@example.invalid,5656038110,Radcliffe,Miles,,,,"London, England, United Kingdom",2226904486,,,,,,,,,Product Designer,
EMP-CD63FB395713,javier.bautistacd63,Javier Bautista,,,,,,,,,,,Mexico,Engineering,,javier.bautistacd63@example.invalid,4162209603,Bautista,Javier,,,,"Mexico City, Mexico",7104724007,,,,,,,,,Software Engineer,
EMP-C1DC57A80BC9,logan.whitakerc1dc,Logan Whitaker,,,,,,,,,,,USA,Finance,,logan.whitakerc1dc@example.invalid,3460310224,Whitaker,Logan,,,,"Austin, TX, USA",0067001250,,,,,,,,,Financial Analyst,
EMP-690DAF600488,alejandra.herrera690d,Alejandra Herrera,,,,,,,,,,,Mexico,Sales,,alejandra.herrera690d@example.invalid,5607432786,Herrera,Alejandra,,,,"Mexico City, Mexico",9530444629,,,,,,,,,Account Executive,
EMP-D3F1FFB778B1,rhea.shettyd3f1,Rhea Shetty,,,,,,,,,,,India,Engineering,,rhea.shettyd3f1@example.invalid,4859040170,Shetty,Rhea,,,,"Pune, Maharashtra, India",0377561358,,,,,,,,,Quality Engineer,
EMP-47994A6D1E2B,jordan.tate4799,Jordan Tate,,,,,,,,,,,USA,Sales,,jordan.tate4799@example.invalid,0647687648,Tate,Jordan,,,,"Austin, TX, USA",0891448944,,,,,,,,,Account Executive,
EMP-D2F65F108A00,amit.giladd2f6,Amit Gilad,,,,,,,,,,,Israel,Engineering,,amit.giladd2f6@example.invalid,6875108876,Gilad,Amit,,,,"Tel Aviv, Israel",2079722361,,,,,,,,,Senior Software Engineer,
EMP-14455CBB5C76,sanya.sharma1445,Sanya Sharma,,,,,,,,,,,India,Engineering,,sanya.sharma1445@example.invalid,3931491663,Sharma,Sanya,,,,"Pune, Maharashtra, India",4307339367,,,,,,,,,Senior Software Engineer,
EMP-5AD463CC083F,bryn.ouellette5ad4,Bryn Ouellette,,,,,,,,,,,Canada,Engineering,,bryn.ouellette5ad4@example.invalid,6439033366,Ouellette,Bryn,,,,"Vancouver, British Columbia, Canada",8641416372,,,,,,,,,Software Engineer,
EMP-60394F88F106,aubrey.grayson6039,Aubrey Grayson,,,,,,,,,,,Belgium,Sales,,aubrey.grayson6039@example.invalid,0891448944,Grayson,Aubrey,,,,"Brussels, Brussels Capital, Belgium",0067001250,,,,,,,,,Regional Sales Director,
EMP-C442CFC7C6FC,camila.escobarc442,Camila Escobar,,,,,,,,,,,Mexico,Marketing,,camila.escobarc442@example.invalid,6840644056,Escobar,Camila,,,,"Mexico City, Mexico",9262248049,,,,,,,,,Marketing Specialist,
EMP-8B771F71D58B,kelsey.dawson8b77,Kelsey Dawson,,,,,,,,,,,USA,Engineering,,kelsey.dawson8b77@example.invalid,7275023486,Dawson,Kelsey,,,,"San Diego, CA, USA",3399765258,,,,,,,,,Staff Software Engineer,
EMP-B2FCDB47C3F1,sanya.kulkarnib2fc,Sanya Kulkarni,,,,,,,,,,,India,Engineering,,sanya.kulkarnib2fc@example.invalid,4158799385,Kulkarni,Sanya,,,,"Pune, Maharashtra, India",5895814967,,,,,,,,,Site Reliability Engineer,
EMP-508F90129143,neha.wagh508f,Neha Wagh,,,,,,,,,,,India,Customer Success,,neha.wagh508f@example.invalid,4124811897,Wagh,Neha,,,,"Pune, Maharashtra, India",4373359127,,,,,,,,,Customer Success Manager,
EMP-A6FB1EDED798,vikram.shettya6fb,Vikram Shetty,,,,,,,,,,,India,Marketing,,vikram.shettya6fb@example.invalid,1899078610,Shetty,Vikram,,,,"Pune, Maharashtra, India",1059039744,,,,,,,,,Marketing Director,
EMP-AE01B8E1D826,nolan.ellisonae01,Nolan Ellison,,,,,,,,,,,USA,IT,,nolan.ellisonae01@example.invalid,7709746946,Ellison,Nolan,,,,"Salt Lake City, UT, USA",2203223627,,,,,,,,,Systems Administrator,
EMP-2F7E9FDA4E90,gali.shani2f7e,Gali Shani,,,,,,,,,,,Israel,Design,,gali.shani2f7e@example.invalid,6817926443,Shani,Gali,,,,"Tel Aviv, Israel",7257115772,,,,,,,,,Senior Product Designer,
EMP-3103B0C643E1,isabela.nava3103,Isabela Nava,,,,,,,,,,,Mexico,IT,,isabela.nava3103@example.invalid,8377472361,Nava,Isabela,,,,"Mexico City, Mexico",9329022060,,,,,,,,,IT Support Specialist,
EMP-55F6C108682E,roni.regev55f6,Roni Regev,,,,,,,,,,,Israel,Engineering,,roni.regev55f6@example.invalid,9346450824,Regev,Roni,,,,"Tel Aviv, Israel",1744518224,,,,,,,,,Engineering Manager,
EMP-A4EB924A667E,sawyer.sheltona4eb,Sawyer Shelton,,,,,,,,,,,USA,Product,,sawyer.sheltona4eb@example.invalid,9991971946,Shelton,Sawyer,,,,"Austin, TX, USA",0280006242,,,,,,,,,Product Manager,
EMP-578B43BFF60D,bryn.robitaille578b,Bryn Robitaille,,,,,,,,,,,Canada,Engineering,,bryn.robitaille578b@example.invalid,4808425279,Robitaille,Bryn,,,,"Calgary, Alberta, Canada",0159073081,,,,,,,,,Senior Software Engineer,
EMP-5CA5D982ABD0,sanya.wagh5ca5,Sanya Wagh,,,,,,,,,,,India,IT,,sanya.wagh5ca5@example.invalid,7898193886,Wagh,Sanya,,,,"Pune, Maharashtra, India",6826779219,,,,,,,,,Systems Administrator,
EMP-4E4D2C7B18C3,dana.bennett4e4d,Dana Bennett,,,,,,,,,,,USA,Customer Success,,dana.bennett4e4d@example.invalid,5373189699,Bennett,Dana,,,,"Austin, TX, USA",3932728268,,,,,,,,,Senior Support Engineer,
EMP-04115F33B312,lior.harel0411,Lior Harel,,,,,,,,,,,Israel,Engineering,,lior.harel0411@example.invalid,6408098076,Harel,Lior,,,,"Tel Aviv, Israel",9346450824,,,,,,,,,Software Engineer,
EMP-03F264F0C8BB,noa.gilad03f2,Noa Gilad,,,,,,,,,,,Israel,Sales,,noa.gilad03f2@example.invalid,1800404117,Gilad,Noa,,,,"Tel Aviv, Israel",0891448944,,,,,,,,,Sales Development Representative,
EMP-E7F273DA6964,freya.kingsleye7f2,Freya Kingsley,,,,,,,,,,,United Kingdom,Legal,,freya.kingsleye7f2@example.invalid,9033600675,Kingsley,Freya,,,,"London, England, United Kingdom",0604953792,,,,,,,,,Paralegal,
EMP-6D31885C66F3,skyler.landry6d31,Skyler Landry,,,,,,,,,,,USA,Legal,,skyler.landry6d31@example.invalid,4438576115,Landry,Skyler,,,,"Raleigh, NC, USA",0400249940,,,,,,,,,Paralegal,
EMP-CB9BF4E7CB54,peyton.ellisoncb9b,Peyton Ellison,,,,,,,,,,,USA,Sales,,peyton.ellisoncb9b@example.invalid,7475445221,Ellison,Peyton,,,,"Boston, MA, USA",0891448944,,,,,,,,,Account Executive,
EMP-9D335406F875,hugo.villeneuve9d33,Hugo Villeneuve,,,,,,,,,,,France,Sales,,hugo.villeneuve9d33@example.invalid,6681885441,Villeneuve,Hugo,,,,"Paris, France",0891448944,,,,,,,,,Account Executive,
EMP-F60F602BA65D,oscar.quinterof60f,Óscar Quintero,,,,,,,,,,,Mexico,People,,oscar.quinterof60f@example.invalid,8571955706,Quintero,Óscar,,,,"Mexico City, Mexico",2329842297,,,,,,,,,Senior Recruiter,
EMP-E53929891F9A,aubrey.piercee539,Aubrey Pierce,,,,,,,,,,,USA,Product,,aubrey.piercee539@example.invalid,7275494867,Pierce,Aubrey,,,,"Austin, TX, USA",2913310464,,,,,,,,,Senior Product Manager,
EMP-C2C20BE8FCB6,rohan.raoc2c2,Rohan Rao,,,,,,,,,,,India,Engineering,,rohan.raoc2c2@example.invalid,4139994118,Rao,Rohan,,,,"Pune, Maharashtra, India",5157274529,,,,,,,,,Software Engineer,
EMP-A37FD6EBF965,amit.mizrahia37f,Amit Mizrahi,,,,,,,,,,,Israel,Engineering,,amit.mizrahia37f@example.invalid,9214337429,Mizrahi,Amit,,,,"Tel Aviv, Israel",4795688632,,,,,,,,,Senior Software Engineer,
EMP-378756DD5FA9,carter.ellison3787,Carter Ellison,,,,,,,,,,,USA,Engineering,,carter.ellison3787@example.invalid,2734679348,Ellison,Carter,,,,"Austin, TX, USA",2770923116,,,,,,,,,Engineering Manager,
EMP-C9A744484287,vikram.kulkarnic9a7,Vikram Kulkarni,,,,,,,,,,,India,Engineering,,vikram.kulkarnic9a7@example.invalid,9878708615,Kulkarni,Vikram,,,,"Pune, Maharashtra, India",9762329093,,,,,,,,,Site Reliability Engineer,
EMP-2853FC545A07,devika.kulkarni2853,Devika Kulkarni,,,,,,,,,,,India,Engineering,,devika.kulkarni2853@example.invalid,3802017325,Kulkarni,Devika,,,,"Pune, Maharashtra, India",2620402485,,,,,,,,,Software Engineer,
EMP-1D6837F30F0A,maya.peretz1d68,Maya Peretz,,,,,,,,,,,Israel,Engineering,,maya.peretz1d68@example.invalid,1746756020,Peretz,Maya,,,,"Tel Aviv, Israel",2079722361,,,,,,,,,Senior Software Engineer,
EMP-1F303DCFD0DE,vikram.nair1f30,Vikram Nair,,,,,,,,,,,India,Engineering,,vikram.nair1f30@example.invalid,6829669308,Nair,Vikram,,,,"Pune, Maharashtra, India",0159073081,,,,,,,,,Director of Engineering,
EMP-580A006BEC7E,kelsey.landry580a,Kelsey Landry,,,,,,,,,,,USA,Engineering,,kelsey.landry580a@example.invalid,8633978674,Landry,Kelsey,,,,"Austin, TX, USA",4394152190,,,,,,,,,Staff Software Engineer,
EMP-06DE59E01ABB,rhea.nair06de,Rhea Nair,,,,,,,,,,,India,Design,,rhea.nair06de@example.invalid,8113363571,Nair,Rhea,,,,"Pune, Maharashtra, India",2488224667,,,,,,,,,Product Designer,
EMP-676E5A7CB036,avery.norton676e,Avery Norton,,,,,,,,,,,USA,Sales,,avery.norton676e@example.invalid,4923549511,Norton,Avery,,,,"Austin, TX, USA",0891448944,,,,,,,,,Account Executive,
EMP-6D59B6876BED,adi.barkai6d59,Adi Barkai,,,,,,,,,,,Israel,Engineering,,adi.barkai6d59@example.invalid,5808984446,Barkai,Adi,,,,"Tel Aviv, Israel",9612623308,,,,,,,,,Senior Software Engineer,
EMP-8D360471FE57,morgan.ashford8d36,Morgan Ashford,,,,,,,,,,,USA,People,,morgan.ashford8d36@example.invalid,5735193131,Ashford,Morgan,,,,"Austin, TX, USA",7848695280,,,,,,,,,People Operations Specialist,
EMP-CE5B683F7F51,sawyer.vaughnce5b,Sawyer Vaughn,,,,,,,,,,,USA,Engineering,,sawyer.vaughnce5b@example.invalid,6622086007,Vaughn,Sawyer,,,,"Austin, TX, USA",1762759458,,,,,,,,,Software Engineer,
EMP-AD0C7C3C6E78,mateo.escobarad0c,Mateo Escobar,,,,,,,,,,,Mexico,Engineering,,mateo.escobarad0c@example.invalid,7275339604,Escobar,Mateo,,,,"Mexico City, Mexico",7104724007,,,,,,,,,Principal Engineer,
EMP-27F971733DE9,shira.katz27f9,Shira Katz,,,,,,,,,,,Israel,Customer Success,,shira.katz27f9@example.invalid,6454012466,Katz,Shira,,,,"Tel Aviv, Israel",0774203541,,,,,,,,,Senior Customer Success Manager,
EMP-1F33B9C29F0B,rhea.verma1f33,Rhea Verma,,,,,,,,,,,India,Marketing,,rhea.verma1f33@example.invalid,4531109882,Verma,Rhea,,,,"Pune, Maharashtra, India",1899078610,,,,,,,,,Content Marketing Manager,
EMP-15B4E78F7AB0,bruno.escobar15b4,Bruno Escobar,,,,,,,,,,,Mexico,Sales,,bruno.escobar15b4@example.invalid,4029152667,Escobar,Bruno,,,,"Mexico City, Mexico",7518950386,,,,,,,,,Sales Development Representative,
EMP-B02F03A20C7E,callum.sinclairb02f,Callum Sinclair,,,,,,,,,,,United Kingdom,Sales,,callum.sinclairb02f@example.invalid,9109940577,Sinclair,Callum,,,,"London, England, United Kingdom",7748760027,,,,,,,,,Senior Account Executive,
EMP-DD4440B4B84F,sanya.sharmadd44,Sanya Sharma,,,,,,,,,,,India,Sales,,sanya.sharmadd44@example.invalid,5728883233,Sharma,Sanya,,,,"Pune, Maharashtra, India",7693206320,,,,,,,,,Account Executive,
EMP-A0EF24A7942A,ishaan.mehtaa0ef,Ishaan Mehta,,,,,,,,,,,India,Engineering,,ishaan.mehtaa0ef@example.invalid,7666260215,Mehta,Ishaan,,,,"Pune, Maharashtra, India",1805818302,,,,,,,,,Engineering Manager,
EMP-16299401E8EF,gabriela.salazar1629,Gabriela Salazar,,,,,,,,,,,Mexico,Engineering,,gabriela.salazar1629@example.invalid,8803412136,Salazar,Gabriela,,,,"Mexico City, Mexico",0505070807,,,,,,,,,Site Reliability Engineer,
EMP-912D7B88CD68,devika.chauhan912d,Devika Chauhan,,,,,,,,,,,India,Product,,devika.chauhan912d@example.invalid,6943490893,Chauhan,Devika,,,,"Pune, Maharashtra, India",1148360592,,,,,,,,,Technical Program Manager,
EMP-4A3DFA7ABAA2,morgan.foster4a3d,Morgan Foster,,,,,,,,,,,Colombia,Customer Success,,morgan.foster4a3d@example.invalid,7410212226,Foster,Morgan,,,,"Bogotá, Bogota D.C., Colombia",0774203541,,,,,,,,,Support Engineer,
EMP-37FF3BA90ED3,skyler.pierce37ff,Skyler Pierce,,,,,,,,,,,USA,Engineering,,skyler.pierce37ff@example.invalid,8431516284,Pierce,Skyler,,,,"Minneapolis, MN, USA",0159073081,,,,,,,,,Senior Software Engineer,
EMP-8116C8115EB3,alejandra.delgado8116,Alejandra Delgado,,,,,,,,,,,Mexico,Customer Success,,alejandra.delgado8116@example.invalid,7309187226,Delgado,Alejandra,,,,"Mexico City, Mexico",1862102718,,,,,,,,,Support Engineer,
EMP-C0462842A288,fiona.stanhopec046,Fiona Stanhope,,,,,,,,,,,Canada,Sales,,fiona.stanhopec046@example.invalid,0311699894,Stanhope,Fiona,,,,"Toronto, Ontario, Canada",0891448944,,,,,,,,,Account Executive,
EMP-32E6C1472117,freya.cartwright32e6,Freya Cartwright,,,,,,,,,,,United Kingdom,Legal,,freya.cartwright32e6@example.invalid,7781854222,Cartwright,Freya,,,,"London, England, United Kingdom",2258745084,,,,,,,,,Paralegal,
EMP-FB5C57F1C66D,ananya.kulkarnifb5c,Ananya Kulkarni,,,,,,,,,,,India,IT,,ananya.kulkarnifb5c@example.invalid,7305108021,Kulkarni,Ananya,,,,"Pune, Maharashtra, India",3824545051,,,,,,,,,IT Support Specialist,
EMP-0AA0E5A40D48,logan.shelton0aa0,Logan Shelton,,,,,,,,,,,USA,People,,logan.shelton0aa0@example.invalid,9413246366,Shelton,Logan,,,,"Austin, TX, USA",4269232348,,,,,,,,,People Operations Specialist,
EMP-135421B8E84D,nolan.jennings1354,Nolan Jennings,,,,,,,,,,,USA,IT,,nolan.jennings1354@example.invalid,2819420925,Jennings,Nolan,,,,"Austin, TX, USA",2522773902,,,,,,,,,Systems Administrator,
EMP-C18A982BC316,kelsey.bennettc18a,Kelsey Bennett,,,,,,,,,,,USA,IT,,kelsey.bennettc18a@example.invalid,9830177062,Bennett,Kelsey,,,,"Los Angeles, CA, USA",2203223627,,,,,,,,,IT Operations Engineer,
EMP-B2D81AF09D57,sanya.sharmab2d8,Sanya Sharma,,,,,,,,,,,India,Engineering,,sanya.sharmab2d8@example.invalid,4454916129,Sharma,Sanya,,,,"Pune, Maharashtra, India",6854525371,,,,,,,,,Senior Software Engineer,
EMP-A8B442AD9BA4,priya.naira8b4,Priya Nair,,,,,,,,,,,India,Customer Success,,priya.naira8b4@example.invalid,7587852265,Nair,Priya,,,,"Pune, Maharashtra, India",4373359127,,,,,,,,,Customer Success Manager,
EMP-E02AE3CA8517,riley.bennette02a,Riley Bennett,,,,,,,,,,,USA,People,,riley.bennette02a@example.invalid,2473487213,Bennett,Riley,,,,"Austin, TX, USA",2329842297,,,,,,,,,Director of People,
EMP-7B7BFCD5C2A7,rahul.nair7b7b,Rahul Nair,,,,,,,,,,,India,IT,,rahul.nair7b7b@example.invalid,3824545051,Nair,Rahul,,,,"Pune, Maharashtra, India",2203223627,,,,,,,,,IT Manager,
EMP-6DF0BA290CD0,vikram.shetty6df0,Vikram Shetty,,,,,,,,,,,India,Engineering,,vikram.shetty6df0@example.invalid,0016112392,Shetty,Vikram,,,,"Pune, Maharashtra, India",0377561358,,,,,,,,,Site Reliability Engineer,
EMP-A18276A97129,fiona.nadeaua182,Fiona Nadeau,,,,,,,,,,,Canada,Product,,fiona.nadeaua182@example.invalid,7198881397,Nadeau,Fiona,,,,"Calgary, Alberta, Canada",0280006242,,,,,,,,,Technical Program Manager,
EMP-3082AB9804F0,alejandra.alvarado3082,Alejandra Alvarado,,,,,,,,,,,Mexico,Customer Success,,alejandra.alvarado3082@example.invalid,0199170066,Alvarado,Alejandra,,,,"Mexico City, Mexico",1862102718,,,,,,,,,Customer Success Manager,
EMP-09B8EC4E16D0,adi.ophir09b8,Adi Ophir,,,,,,,,,,,Israel,Engineering,,adi.ophir09b8@example.invalid,2190492950,Ophir,Adi,,,,"Tel Aviv, Israel",5501515626,,,,,,,,,Software Engineer,
EMP-99B23C7EA961,thijs.groothuis99b2,Thijs Groothuis,,,,,,,,,,,Netherlands,Customer Success,,thijs.groothuis99b2@example.invalid,8362748452,Groothuis,Thijs,,,,"Amsterdam, Netherlands",5486230153,,,,,,,,,Customer Success Manager,
EMP-3733D54C891D,priya.patil3733,Priya Patil,,,,,,,,,,,India,Engineering,,priya.patil3733@example.invalid,0592893763,Patil,Priya,,,,"Pune, Maharashtra, India",6030538551,,,,,,,,,Quality Engineer,
EMP-B2441001E308,blake.whitakerb244,Blake Whitaker,,,,,,,,,,,USA,Finance,,blake.whitakerb244@example.invalid,7457517590,Whitaker,Blake,,,,"Austin, TX, USA",0067001250,,,,,,,,,Financial Analyst,
EMP-BA0EF26E5F7D,miles.dunmoreba0e,Miles Dunmore,,,,,,,,,,,United Kingdom,Product,,miles.dunmoreba0e@example.invalid,6590943408,Dunmore,Miles,,,,"London, England, United Kingdom",0280006242,,,,,,,,,Principal Product Manager,
EMP-3A279FFB9FC8,elliot.grayson3a27,Elliot Grayson,,,,,,,,,,,USA,Product,,elliot.grayson3a27@example.invalid,1357860282,Grayson,Elliot,,,,"Washington, DC, USA",0280006242,,,,,,,,,Senior Product Manager,
EMP-D2DC02F11CD1,sawyer.yatesd2dc,Sawyer Yates,,,,,,,,,,,USA,Sales,,sawyer.yatesd2dc@example.invalid,7435063780,Yates,Sawyer,,,,"Los Angeles, CA, USA",0891448944,,,,,,,,,Account Executive,
EMP-A896C07892A4,maartje.boersmaa896,Maartje Boersma,,,,,,,,,,,Netherlands,Sales,,maartje.boersmaa896@example.invalid,8967383544,Boersma,Maartje,,,,"Amsterdam, Netherlands",0891448944,,,,,,,,,Senior Account Executive,
EMP-F35C1AC43A53,peyton.piercef35c,Peyton Pierce,,,,,,,,,,,USA,Engineering,,peyton.piercef35c@example.invalid,9168301362,Pierce,Peyton,,,,"Raleigh, NC, USA",0159073081,,,,,,,,,Principal Engineer,
EMP-8202D99BCAAF,blake.hollis8202,Blake Hollis,,,,,,,,,,,USA,Product,,blake.hollis8202@example.invalid,8027724300,Hollis,Blake,,,,"Portland, OR, USA",0280006242,,,,,,,,,Product Manager,
EMP-A24A7CA86BFD,quinn.carvera24a,Quinn Carver,,,,,,,,,,,USA,Sales,,quinn.carvera24a@example.invalid,5229013906,Carver,Quinn,,,,"Austin, TX, USA",0891448944,,,,,,,,,Sales Development Representative,
EMP-139C7B5E719C,riley.dawson139c,Riley Dawson,,,,,,,,,,,USA,Engineering,,riley.dawson139c@example.invalid,8650693766,Dawson,Riley,,,,"San Francisco, CA, USA",0159073081,,,,,,,,,Software Engineer,
EMP-F95FA20CCB7E,cameron.dawsonf95f,Cameron Dawson,,,,,,,,,,,USA,Product,,cameron.dawsonf95f@example.invalid,4068909166,Dawson,Cameron,,,,"Austin, TX, USA",2913310464,,,,,,,,,Senior Product Manager,
EMP-0FE1C742FCA9,rodrigo.nava0fe1,Rodrigo Nava,,,,,,,,,,,Mexico,Sales,,rodrigo.nava0fe1@example.invalid,0849579816,Nava,Rodrigo,,,,"Mexico City, Mexico",7518950386,,,,,,,,,Senior Account Executive,
EMP-BDE0A3BB3B9A,poppy.dunmorebde0,Poppy Dunmore,,,,,,,,,,,United Kingdom,Customer Success,,poppy.dunmorebde0@example.invalid,2505781757,Dunmore,Poppy,,,,"London, England, United Kingdom",1594822528,,,,,,,,,Support Engineer,
EMP-84136C93FEC6,maya.tal8413,Maya Tal,,,,,,,,,,,Israel,Engineering,,maya.tal8413@example.invalid,0454397432,Tal,Maya,,,,"Tel Aviv, Israel",9346450824,,,,,,,,,Site Reliability Engineer,
EMP-454EA234B63E,morgan.marsh454e,Morgan Marsh,,,,,,,,,,,USA,Sales,,morgan.marsh454e@example.invalid,4080021402,Marsh,Morgan,,,,"Austin, TX, USA",0891448944,,,,,,,,,Account Executive,
EMP-05959BACBFD2,riley.ashford0595,Riley Ashford,,,,,,,,,,,USA,Engineering,,riley.ashford0595@example.invalid,7974426242,Ashford,Riley,,,,"Austin, TX, USA",2277742130,,,,,,,,,Senior Software Engineer,
EMP-C8FF3BF89DA9,quinn.hollisc8ff,Quinn Hollis,,,,,,,,,,,USA,IT,,quinn.hollisc8ff@example.invalid,5629893445,Hollis,Quinn,,,,"Austin, TX, USA",7376848747,,,,,,,,,IT Support Specialist,
EMP-63967F2709A3,ananya.wagh6396,Ananya Wagh,,,,,,,,,,,India,Engineering,,ananya.wagh6396@example.invalid,1903652963,Wagh,Ananya,,,,"Pune, Maharashtra, India",3920829373,,,,,,,,,Software Engineer,
EMP-FA7832C1461A,camila.mendozafa78,Camila Mendoza,,,,,,,,,,,Mexico,IT,,camila.mendozafa78@example.invalid,2373498523,Mendoza,Camila,,,,"Mexico City, Mexico",9329022060,,,,,,,,,IT Support Specialist,
EMP-03E5154C5974,daisy.kingsley03e5,Daisy Kingsley,,,,,,,,,,,United Kingdom,Marketing,,daisy.kingsley03e5@example.invalid,9443019429,Kingsley,Daisy,,,,"London, England, United Kingdom",6291279481,,,,,,,,,Marketing Specialist,
EMP-4A033C03CCA0,sora.kobayashi4a03,Sora Kobayashi,,,,,,,,,,,Japan,Marketing,,sora.kobayashi4a03@example.invalid,0752422208,Kobayashi,Sora,,,,"Tokyo, Japan",1059039744,,,,,,,,,Content Marketing Manager,
EMP-8473920E7953,ananya.gokhale8473,Ananya Gokhale,,,,,,,,,,,India,Engineering,,ananya.gokhale8473@example.invalid,6190946371,Gokhale,Ananya,,,,"Pune, Maharashtra, India",1805818302,,,,,,,,,Engineering Manager,
EMP-D19C439A7388,ned.callaghand19c,Ned Callaghan,,,,,,,,,,,Australia,Sales,,ned.callaghand19c@example.invalid,0936134440,Callaghan,Ned,,,,"Sydney, New South Wales, Australia",5512754459,,,,,,,,,Senior Account Executive,
EMP-14E7490379CD,kelsey.bennett14e7,Kelsey Bennett,,,,,,,,,,,USA,Marketing,,kelsey.bennett14e7@example.invalid,9655943704,Bennett,Kelsey,,,,"Austin, TX, USA",1059039744,,,,,,,,,Product Marketing Manager,
EMP-115AC86685BD,noa.regev115a,Noa Regev,,,,,,,,,,,Israel,Engineering,,noa.regev115a@example.invalid,9204737943,Regev,Noa,,,,"Tel Aviv, Israel",0159073081,,,,,,,,,Director of Engineering,
EMP-AECB84490AD3,fernando.herreraaecb,Fernando Herrera,,,,,,,,,,,Mexico,Marketing,,fernando.herreraaecb@example.invalid,2120831437,Herrera,Fernando,,,,"Puebla, Mexico",1059039744,,,,,,,,,Demand Generation Manager,
EMP-F5443A16E049,nathalie.stanhopef544,Nathalie Stanhope,,,,,,,,,,,Canada,Sales,,nathalie.stanhopef544@example.invalid,7635246503,Stanhope,Nathalie,,,,"Toronto, Ontario, Canada",0891448944,,,,,,,,,Sales Development Representative,
EMP-8F60DB9DDB4B,jordan.ellison8f60,Jordan Ellison,,,,,,,,,,,USA,Engineering,,jordan.ellison8f60@example.invalid,6223399804,Ellison,Jordan,,,,"New York City, NY, USA",0159073081,,,,,,,,,Director of Engineering,
EMP-335071A9D0B9,leo.pelletier3350,Léo Pelletier,,,,,,,,,,,Canada,Marketing,,leo.pelletier3350@example.invalid,8236406322,Pelletier,Léo,,,,"Toronto, Ontario, Canada",1059039744,,,,,,,,,Marketing Director,
EMP-81C7F301703B,poppy.lockhart81c7,Poppy Lockhart,,,,,,,,,,,United Kingdom,Sales,,poppy.lockhart81c7@example.invalid,8761560333,Lockhart,Poppy,,,,"London, England, United Kingdom",7748760027,,,,,,,,,Enterprise Account Executive,
EMP-1E9E6F88A24A,kavya.reddy1e9e,Kavya Reddy,,,,,,,,,,,India,Engineering,,kavya.reddy1e9e@example.invalid,0087152004,Reddy,Kavya,,,,"Pune, Maharashtra, India",1136502125,,,,,,,,,Staff Software Engineer,
EMP-F619AA305B9D,skyler.hollisf619,Skyler Hollis,,,,,,,,,,,USA,Engineering,,skyler.hollisf619@example.invalid,2420228233,Hollis,Skyler,,,,"Austin, TX, USA",2819520465,,,,,,,,,Senior Software Engineer,
EMP-3FC6E377E94A,aubrey.ashford3fc6,Aubrey Ashford,,,,,,,,,,,USA,Customer Success,,aubrey.ashford3fc6@example.invalid,3932728268,Ashford,Aubrey,,,,"Austin, TX, USA",0774203541,,,,,,,,,Director of Customer Success,
EMP-43FA9126A0DC,lucia.escobar43fa,Lucía Escobar,,,,,,,,,,,Mexico,Sales,,lucia.escobar43fa@example.invalid,9812394783,Escobar,Lucía,,,,"Mexico City, Mexico",0891448944,,,,,,,,,Regional Sales Director,
EMP-C962B44F5EF7,camila.penac962,Camila Peña,,,,,,,,,,,Mexico,People,,camila.penac962@example.invalid,2329842297,Peña,Camila,,,,"Mexico City, Mexico",0067001250,,,,,,,,,Director of People,
EMP-51251F30D730,ishaan.gokhale5125,Ishaan Gokhale,,,,,,,,,,,India,Design,,ishaan.gokhale5125@example.invalid,5839620506,Gokhale,Ishaan,,,,"Pune, Maharashtra, India",2488224667,,,,,,,,,Product Designer,
EMP-A6C0302C1F9D,peyton.ellisona6c0,Peyton Ellison,,,,,,,,,,,USA,People,,peyton.ellisona6c0@example.invalid,1891620473,Ellison,Peyton,,,,"Austin, TX, USA",7848695280,,,,,,,,,People Operations Specialist,
EMP-EBA1563184A4,ishaan.reddyeba1,Ishaan Reddy,,,,,,,,,,,India,Sales,,ishaan.reddyeba1@example.invalid,0842209905,Reddy,Ishaan,,,,"Pune, Maharashtra, India",7693206320,,,,,,,,,Account Executive,
EMP-5A78F043DDCF,nikhil.reddy5a78,Nikhil Reddy,,,,,,,,,,,India,IT,,nikhil.reddy5a78@example.invalid,4893623876,Reddy,Nikhil,,,,"Pune, Maharashtra, India",2203223627,,,,,,,,,IT Support Specialist,
EMP-0A7358E9BEC4,alejandra.bautista0a73,Alejandra Bautista,,,,,,,,,,,Mexico,Engineering,,alejandra.bautista0a73@example.invalid,3652192701,Bautista,Alejandra,,,,"Mexico City, Mexico",7104724007,,,,,,,,,Site Reliability Engineer,
EMP-AC9E5FAD91E1,rohan.vermaac9e,Rohan Verma,,,,,,,,,,,India,Engineering,,rohan.vermaac9e@example.invalid,9925314149,Verma,Rohan,,,,"Pune, Maharashtra, India",9886586667,,,,,,,,,Senior Software Engineer,
EMP-213CBB1182D2,niels.rietveld213c,Niels Rietveld,,,,,,,,,,,Netherlands,Customer Success,,niels.rietveld213c@example.invalid,5737948301,Rietveld,Niels,,,,"Amsterdam, Netherlands",5486230153,,,,,,,,,Technical Account Manager,
EMP-DD37040B7D40,elliot.fosterdd37,Elliot Foster,,,,,,,,,,,USA,Finance,,elliot.fosterdd37@example.invalid,3493704085,Foster,Elliot,,,,"Austin, TX, USA",0067001250,,,,,,,,,Senior Financial Analyst,
EMP-FFB0E5927554,fernando.herreraffb0,Fernando Herrera,,,,,,,,,,,Mexico,Customer Success,,fernando.herreraffb0@example.invalid,2769168286,Herrera,Fernando,,,,"Mexico City, Mexico",6260880146,,,,,,,,,Technical Account Manager,
EMP-6D97A60D6827,alejandra.lozano6d97,Alejandra Lozano,,,,,,,,,,,Mexico,Engineering,,alejandra.lozano6d97@example.invalid,8129662567,Lozano,Alejandra,,,,"Guadalajara, Jalisco, Mexico",1783480108,,,,,,,,,Senior Software Engineer,
EMP-00C5DC382942,kelsey.landry00c5,Kelsey Landry,,,,,,,,,,,USA,Engineering,,kelsey.landry00c5@example.invalid,4180474837,Landry,Kelsey,,,,"Austin, TX, USA",2734679348,,,,,,,,,Staff Software Engineer,
EMP-E32EB25C044E,kirra.stanmoree32e,Kirra Stanmore,,,,,,,,,,,Australia,Sales,,kirra.stanmoree32e@example.invalid,3817293002,Stanmore,Kirra,,,,"Sydney, New South Wales, Australia",3043691353,,,,,,,,,Sales Development Representative,
EMP-4994B8A116E0,aubrey.jennings4994,Aubrey Jennings,,,,,,,,,,,USA,Sales,,aubrey.jennings4994@example.invalid,3334965586,Jennings,Aubrey,,,,"Austin, TX, USA",0891448944,,,,,,,,,Account Executive,
EMP-5DE5B2927EDB,farhan.iyer5de5,Farhan Iyer,,,,,,,,,,,India,Engineering,,farhan.iyer5de5@example.invalid,7457313360,Iyer,Farhan,,,,"Pune, Maharashtra, India",8384827170,,,,,,,,,Senior Software Engineer,
EMP-CFEA3006DC7A,priya.waghcfea,Priya Wagh,,,,,,,,,,,India,Engineering,,priya.waghcfea@example.invalid,6428303799,Wagh,Priya,,,,"Pune, Maharashtra, India",2101934803,,,,,,,,,Staff Software Engineer,
EMP-D0F2AAD13064,camila.herrerad0f2,Camila Herrera,,,,,,,,,,,Mexico,Customer Success,,camila.herrerad0f2@example.invalid,9689785657,Herrera,Camila,,,,"Guadalajara, Jalisco, Mexico",0774203541,,,,,,,,,Technical Account Manager,
EMP-480762BD4768,rosalie.lachance4807,Rosalie Lachance,,,,,,,,,,,Canada,Engineering,,rosalie.lachance4807@example.invalid,0654137251,Lachance,Rosalie,,,,"Montréal, Quebec, Canada",2866444592,,,,,,,,,Staff Software Engineer,
EMP-7CE587A998CE,willem.wijnands7ce5,Willem Wijnands,,,,,,,,,,,Netherlands,Sales,,willem.wijnands7ce5@example.invalid,2852719731,Wijnands,Willem,,,,"Amsterdam, Netherlands",0891448944,,,,,,,,,Account Executive,
EMP-AA3E968735C9,elena.alvaradoaa3e,Elena Alvarado,,,,,,,,,,,Mexico,Design,,elena.alvaradoaa3e@example.invalid,2470935352,Alvarado,Elena,,,,"Mexico City, Mexico",2226904486,,,,,,,,,Product Designer,
EMP-45F931DBFDA0,gabriela.alvarado45f9,Gabriela Alvarado,,,,,,,,,,,Mexico,Engineering,,gabriela.alvarado45f9@example.invalid,8740714630,Alvarado,Gabriela,,,,"Monterrey, Nuevo León, Mexico",1350612646,,,,,,,,,Senior Software Engineer,
EMP-B68CC07AD078,lucia.salazarb68c,Lucía Salazar,,,,,,,,,,,Mexico,Customer Success,,lucia.salazarb68c@example.invalid,5358449961,Salazar,Lucía,,,,"Mexico City, Mexico",1710814652,,,,,,,,,Customer Success Manager,
EMP-633A2E810BED,george.merrick633a,George Merrick,,,,,,,,,,,United Kingdom,People,,george.merrick633a@example.invalid,0189887785,Merrick,George,,,,"London, England, United Kingdom",7150696066,,,,,,,,,Recruiter,
EMP-9531125AF646,blake.norton9531,Blake Norton,,,,,,,,,,,USA,Customer Success,,blake.norton9531@example.invalid,7398275636,Norton,Blake,,,,"Austin, TX, USA",3932728268,,,,,,,,,Customer Success Manager,
EMP-ACE444EB156F,avigail.barkaiace4,Avigail Barkai,,,,,,,,,,,Israel,Customer Success,,avigail.barkaiace4@example.invalid,5681284420,Barkai,Avigail,,,,"Tel Aviv, Israel",0774203541,,,,,,,,,Technical Account Manager,
EMP-4D00F0B9A599,hadar.erez4d00,Hadar Erez,,,,,,,,,,,Israel,Customer Success,,hadar.erez4d00@example.invalid,1058385902,Erez,Hadar,,,,"Tel Aviv, Israel",0774203541,,,,,,,,,Customer Success Manager,
EMP-FFA8045A530B,reese.landryffa8,Reese Landry,,,,,,,,,,,USA,Sales,,reese.landryffa8@example.invalid,1745839111,Landry,Reese,,,,"Austin, TX, USA",0891448944,,,,,,,,,Senior Account Executive,
EMP-C31E2A794734,roos.smitsc31e,Roos Smits,,,,,,,,,,,Netherlands,Engineering,,roos.smitsc31e@example.invalid,7071303761,Smits,Roos,,,,"Amsterdam, Netherlands",0159073081,,,,,,,,,Principal Engineer,
EMP-2E4E84C875D5,priya.patil2e4e,Priya Patil,,,,,,,,,,,India,Engineering,,priya.patil2e4e@example.invalid,0433352688,Patil,Priya,,,,"Pune, Maharashtra, India",3920829373,,,,,,,,,Principal Engineer,
EMP-ABE31518637F,elliot.sheltonabe3,Elliot Shelton,,,,,,,,,,,USA,People,,elliot.sheltonabe3@example.invalid,4691710325,Shelton,Elliot,,,,"Austin, TX, USA",4269232348,,,,,,,,,HR Business Partner,
EMP-4A5A44F5755D,rohan.verma4a5a,Rohan Verma,,,,,,,,,,,India,Engineering,,rohan.verma4a5a@example.invalid,7737374809,Verma,Rohan,,,,"Pune, Maharashtra, India",9886586667,,,,,,,,,Staff Software Engineer,
EMP-5471BDA6A6F9,alejandra.herrera5471,Alejandra Herrera,,,,,,,,,,,Mexico,People,,alejandra.herrera5471@example.invalid,5017866028,Herrera,Alejandra,,,,"Mexico City, Mexico",2329842297,,,,,,,,,HR Business Partner,
EMP-535E57C229BA,tanner.landry535e,Tanner Landry,,,,,,,,,,,USA,Engineering,,tanner.landry535e@example.invalid,4394152190,Landry,Tanner,,,,"Austin, TX, USA",2770923116,,,,,,,,,Engineering Manager,
EMP-613370912D5A,shira.barkai6133,Shira Barkai,,,,,,,,,,,Israel,Engineering,,shira.barkai6133@example.invalid,4324758651,Barkai,Shira,,,,"Tel Aviv, Israel",9346450824,,,,,,,,,Principal Engineer,
EMP-B88A793DA260,farhan.gokhaleb88a,Farhan Gokhale,,,,,,,,,,,India,Engineering,,farhan.gokhaleb88a@example.invalid,5388983478,Gokhale,Farhan,,,,"Pune, Maharashtra, India",4307339367,,,,,,,,,Software Engineer,
EMP-F390D57E42D8,tanvi.nairf390,Tanvi Nair,,,,,,,,,,,India,Engineering,,tanvi.nairf390@example.invalid,6126905255,Nair,Tanvi,,,,"Pune, Maharashtra, India",9886586667,,,,,,,,,Staff Software Engineer,
EMP-214067506455,jordan.bennett2140,Jordan Bennett,,,,,,,,,,,USA,Marketing,,jordan.bennett2140@example.invalid,6739501928,Bennett,Jordan,,,,"Denver, CO, USA",1059039744,,,,,,,,,Product Marketing Manager,
EMP-0FFA77CB28C2,elliot.whitaker0ffa,Elliot Whitaker,,,,,,,,,,,USA,Sales,,elliot.whitaker0ffa@example.invalid,9192504968,Whitaker,Elliot,,,,"Austin, TX, USA",0891448944,,,,,,,,,Account Executive,
EMP-2FF072C3B5CA,ishaan.reddy2ff0,Ishaan Reddy,,,,,,,,,,,India,Finance,,ishaan.reddy2ff0@example.invalid,9087333326,Reddy,Ishaan,,,,"Pune, Maharashtra, India",8806961831,,,,,,,,,Financial Analyst,
EMP-4394A664C095,sienna.lockhart4394,Sienna Lockhart,,,,,,,,,,,United Kingdom,Engineering,,sienna.lockhart4394@example.invalid,8752306959,Lockhart,Sienna,,,,"London, England, United Kingdom",5137228435,,,,,,,,,Staff Software Engineer,
EMP-14B9D30B01ED,vikram.wagh14b9,Vikram Wagh,,,,,,,,,,,India,IT,,vikram.wagh14b9@example.invalid,5680477693,Wagh,Vikram,,,,"Pune, Maharashtra, India",2203223627,,,,,,,,,IT Support Specialist,
EMP-D1BEA5C77A02,kelsey.jenningsd1be,Kelsey Jennings,,,,,,,,,,,USA,Engineering,,kelsey.jenningsd1be@example.invalid,5666026396,Jennings,Kelsey,,,,"Austin, TX, USA",8248583648,,,,,,,,,Software Engineer,
EMP-4A4D2A609C4D,kelsey.shelton4a4d,Kelsey Shelton,,,,,,,,,,,USA,Sales,,kelsey.shelton4a4d@example.invalid,6440967493,Shelton,Kelsey,,,,"Raleigh, NC, USA",0891448944,,,,,,,,,Account Executive,
EMP-5C16D6C22961,kelsey.foster5c16,Kelsey Foster,,,,,,,,,,,Germany,Customer Success,,kelsey.foster5c16@example.invalid,0383239760,Foster,Kelsey,,,,"Bonn, North Rhine-Westphalia, Germany",0774203541,,,,,,,,,Customer Success Manager,
EMP-DB76749B4C88,javier.ocampodb76,Javier Ocampo,,,,,,,,,,,Mexico,Customer Success,,javier.ocampodb76@example.invalid,1910852550,Ocampo,Javier,,,,"Guadalajara, Jalisco, Mexico",0774203541,,,,,,,,,Senior Support Engineer,
EMP-15C192B5BD12,maartje.kuipers15c1,Maartje Kuipers,,,,,,,,,,,Netherlands,Marketing,,maartje.kuipers15c1@example.invalid,4560460722,Kuipers,Maartje,,,,"Amsterdam, Netherlands",1059039744,,,,,,,,,Marketing Specialist,
EMP-1B0D7381F851,sawyer.norton1b0d,Sawyer Norton,,,,,,,,,,,USA,IT,,sawyer.norton1b0d@example.invalid,5775329606,Norton,Sawyer,,,,"Phoenix, AZ, USA",2203223627,,,,,,,,,Identity Engineer,
EMP-9E1CF115508A,aubrey.ramsey9e1c,Aubrey Ramsey,,,,,,,,,,,USA,Finance,,aubrey.ramsey9e1c@example.invalid,1188380153,Ramsey,Aubrey,,,,"Austin, TX, USA",0067001250,,,,,,,,,Revenue Operations Analyst,
EMP-EF773ED08077,tanner.sheltonef77,Tanner Shelton,,,,,,,,,,,USA,IT,,tanner.sheltonef77@example.invalid,2522773902,Shelton,Tanner,,,,"Austin, TX, USA",2203223627,,,,,,,,,IT Manager,
EMP-C0F0E56F6BC4,morgan.sheltonc0f0,Morgan Shelton,,,,,,,,,,,USA,IT,,morgan.sheltonc0f0@example.invalid,6404914898,Shelton,Morgan,,,,"Austin, TX, USA",7376848747,,,,,,,,,IT Operations Engineer,
EMP-C00DB6CD728A,elena.bautistac00d,Elena Bautista,,,,,,,,,,,Mexico,Engineering,,elena.bautistac00d@example.invalid,3485630214,Bautista,Elena,,,,"Mexico City, Mexico",3662122719,,,,,,,,,Site Reliability Engineer,
EMP-1C3DD7AD333C,theo.robitaille1c3d,Théo Robitaille,,,,,,,,,,,Canada,Customer Success,,theo.robitaille1c3d@example.invalid,5530237532,Robitaille,Théo,,,,"Toronto, Ontario, Canada",1152608888,,,,,,,,,Senior Customer Success Manager,
EMP-2E56E8F56D31,carter.ramsey2e56,Carter Ramsey,,,,,,,,,,,USA,Engineering,,carter.ramsey2e56@example.invalid,4538361599,Ramsey,Carter,,,,"Austin, TX, USA",2819520465,,,,,,,,,Site Reliability Engineer,
EMP-8A167AB2FCE1,avery.shelton8a16,Avery Shelton,,,,,,,,,,,USA,Marketing,,avery.shelton8a16@example.invalid,5887065130,Shelton,Avery,,,,"Austin, TX, USA",1059039744,,,,,,,,,Product Marketing Manager,
EMP-BED8C2FCEE71,hadar.peretzbed8,Hadar Peretz,,,,,,,,,,,Israel,Design,,hadar.peretzbed8@example.invalid,3763748781,Peretz,Hadar,,,,"Tel Aviv, Israel",8974586732,,,,,,,,,Senior Product Designer,
EMP-D5AC8EE6B972,avery.fosterd5ac,Avery Foster,,,,,,,,,,,USA,Sales,,avery.fosterd5ac@example.invalid,7677825597,Foster,Avery,,,,"Austin, TX, USA",0891448944,,,,,,,,,Sales Development Representative,
EMP-DCCD5460D333,camila.mendozadccd,Camila Mendoza,,,,,,,,,,,Mexico,Product,,camila.mendozadccd@example.invalid,3406786427,Mendoza,Camila,,,,"Mexico City, Mexico",0280006242,,,,,,,,,Product Manager,
EMP-D36217008C41,simone.pelletierd362,Simone Pelletier,,,,,,,,,,,Canada,Sales,,simone.pelletierd362@example.invalid,0840969841,Pelletier,Simone,,,,"Toronto, Ontario, Canada",0891448944,,,,,,,,,Solutions Engineer,
EMP-8ED57C8327D0,neha.deshmukh8ed5,Neha Deshmukh,,,,,,,,,,,India,Customer Success,,neha.deshmukh8ed5@example.invalid,6175683154,Deshmukh,Neha,,,,"Pune, Maharashtra, India",4373359127,,,,,,,,,Senior Customer Success Manager,
EMP-7A3F2E56F263,nolan.vaughn7a3f,Nolan Vaughn,,,,,,,,,,,USA,Marketing,,nolan.vaughn7a3f@example.invalid,7128654928,Vaughn,Nolan,,,,"Austin, TX, USA",1059039744,,,,,,,,,Demand Generation Manager,
EMP-4525E50E4BB0,lior.levin4525,Lior Levin,,,,,,,,,,,Israel,Engineering,,lior.levin4525@example.invalid,2317492229,Levin,Lior,,,,"Tel Aviv, Israel",9346450824,,,,,,,,,Senior Software Engineer,
EMP-8F4AB17C5441,isabela.escobar8f4a,Isabela Escobar,,,,,,,,,,,Mexico,Sales,,isabela.escobar8f4a@example.invalid,3247927119,Escobar,Isabela,,,,"Mexico City, Mexico",7518950386,,,,,,,,,Sales Development Representative,
EMP-769E5C871294,bonnie.callaghan769e,Bonnie Callaghan,,,,,,,,,,,Australia,Finance,,bonnie.callaghan769e@example.invalid,7997813575,Callaghan,Bonnie,,,,"Sydney, New South Wales, Australia",0067001250,,,,,,,,,Senior Financial Analyst,
EMP-1AFCFB9A5205,neha.patil1afc,Neha Patil,,,,,,,,,,,India,Engineering,,neha.patil1afc@example.invalid,9336835335,Patil,Neha,,,,"Pune, Maharashtra, India",5157274529,,,,,,,,,Staff Software Engineer,
EMP-428749499B97,hadar.tal4287,Hadar Tal,,,,,,,,,,,Israel,Product,,hadar.tal4287@example.invalid,8851016810,Tal,Hadar,,,,"Tel Aviv, Israel",5977531353,,,,,,,,,Technical Program Manager,
EMP-18C9194CD414,gali.tal18c9,Gali Tal,,,,,,,,,,,Israel,Product,,gali.tal18c9@example.invalid,4995463756,Tal,Gali,,,,"Tel Aviv, Israel",5977531353,,,,,,,,,Product Manager,
EMP-A10D0032B78A,diego.bautistaa10d,Diego Bautista,,,,,,,,,,,Mexico,Marketing,,diego.bautistaa10d@example.invalid,2631305854,Bautista,Diego,,,,"Mexico City, Mexico",9262248049,,,,,,,,,Demand Generation Manager,
EMP-DE7DB34EACCB,rodrigo.lozanode7d,Rodrigo Lozano,,,,,,,,,,,Mexico,Sales,,rodrigo.lozanode7d@example.invalid,8996696302,Lozano,Rodrigo,,,,"Puebla, Mexico",0891448944,,,,,,,,,Account Executive,
EMP-E455D458EDCB,carter.marshe455,Carter Marsh,,,,,,,,,,,Sweden,Sales,,carter.marshe455@example.invalid,2079717342,Marsh,Carter,,,,"Stockholm, Sweden",0891448944,,,,,,,,,Solutions Engineer,
EMP-52B35C3618C5,sanya.iyer52b3,Sanya Iyer,,,,,,,,,,,India,Engineering,,sanya.iyer52b3@example.invalid,9354868826,Iyer,Sanya,,,,"Pune, Maharashtra, India",6030538551,,,,,,,,,Senior Software Engineer,
EMP-CBDDC1DEF87A,natalia.guzmancbdd,Natalia Guzmán,,,,,,,,,,,Mexico,Sales,,natalia.guzmancbdd@example.invalid,2948117351,Guzmán,Natalia,,,,"Mexico City, Mexico",9812394783,,,,,,,,,Senior Account Executive,
EMP-180CEA30B713,rhea.mehta180c,Rhea Mehta,,,,,,,,,,,India,People,,rhea.mehta180c@example.invalid,1581610230,Mehta,Rhea,,,,"Pune, Maharashtra, India",4251680745,,,,,,,,,HR Business Partner,
EMP-B553B28085AB,roni.talb553,Roni Tal,,,,,,,,,,,Israel,Engineering,,roni.talb553@example.invalid,9000113103,Tal,Roni,,,,"Tel Aviv, Israel",9612623308,,,,,,,,,Senior Software Engineer,
EMP-80F57E81B94E,georgia.stanmore80f5,Georgia Stanmore,,,,,,,,,,,Australia,Finance,,georgia.stanmore80f5@example.invalid,1773681282,Stanmore,Georgia,,,,"Sydney, New South Wales, Australia",0067001250,,,,,,,,,Financial Analyst,
EMP-297DB4E5392B,paola.delgado297d,Paola Delgado,,,,,,,,,,,Mexico,Engineering,,paola.delgado297d@example.invalid,4243511147,Delgado,Paola,,,,"Mexico City, Mexico",3662122719,,,,,,,,,Staff Software Engineer,
EMP-84DB3981D9C6,rahul.wagh84db,Rahul Wagh,,,,,,,,,,,India,Engineering,,rahul.wagh84db@example.invalid,2773320746,Wagh,Rahul,,,,"Pune, Maharashtra, India",9760197091,,,,,,,,,Senior Software Engineer,
EMP-BD059289F32C,gabriela.guzmanbd05,Gabriela Guzmán,,,,,,,,,,,Mexico,Finance,,gabriela.guzmanbd05@example.invalid,9239905732,Guzmán,Gabriela,,,,"Mexico City, Mexico",7952165368,,,,,,,,,Senior Financial Analyst,
EMP-F7BFD432E27B,logan.landryf7bf,Logan Landry,,,,,,,,,,,USA,Product,,logan.landryf7bf@example.invalid,2933141941,Landry,Logan,,,,"Austin, TX, USA",4485408201,,,,,,,,,Technical Program Manager,
EMP-71CB3E500FD7,carter.ellison71cb,Carter Ellison,,,,,,,,,,,USA,Engineering,,carter.ellison71cb@example.invalid,0142177713,Ellison,Carter,,,,"Chicago, IL, USA",0159073081,,,,,,,,,Engineering Manager,
EMP-631C69602BA8,kelsey.yates631c,Kelsey Yates,,,,,,,,,,,USA,Product,,kelsey.yates631c@example.invalid,0872988768,Yates,Kelsey,,,,"Seattle, WA, USA",0280006242,,,,,,,,,Director of Product Management,
EMP-0AF37F8B2E58,kavya.shetty0af3,Kavya Shetty,,,,,,,,,,,India,Product,,kavya.shetty0af3@example.invalid,5474730490,Shetty,Kavya,,,,"Pune, Maharashtra, India",1148360592,,,,,,,,,Senior Product Manager,
EMP-7E383E985A83,rahul.wagh7e38,Rahul Wagh,,,,,,,,,,,India,Engineering,,rahul.wagh7e38@example.invalid,1549253463,Wagh,Rahul,,,,"Pune, Maharashtra, India",2101934803,,,,,,,,,Senior Software Engineer,
EMP-7C556D47331F,imogen.thornbury7c55,Imogen Thornbury,,,,,,,,,,,United Kingdom,Marketing,,imogen.thornbury7c55@example.invalid,6291279481,Thornbury,Imogen,,,,"London, England, United Kingdom",1059039744,,,,,,,,,Marketing Director,
EMP-5024FA3ADDC1,gabriel.whitfield5024,Gabriel Whitfield,,,,,,,,,,,Canada,Product,,gabriel.whitfield5024@example.invalid,2931323081,Whitfield,Gabriel,,,,"Calgary, Alberta, Canada",0280006242,,,,,,,,,Senior Product Manager,
EMP-81584602D5B1,remi.quesnel8158,Rémi Quesnel,,,,,,,,,,,France,Sales,,remi.quesnel8158@example.invalid,6832274506,Quesnel,Rémi,,,,"Paris, France",0891448944,,,,,,,,,Sales Development Representative,
EMP-422ACD64AFD8,javier.pena422a,Javier Peña,,,,,,,,,,,Mexico,IT,,javier.pena422a@example.invalid,7855685320,Peña,Javier,,,,"Guadalajara, Jalisco, Mexico",2203223627,,,,,,,,,IT Support Specialist,
EMP-C39089A4332C,amit.shanic390,Amit Shani,,,,,,,,,,,Israel,Product,,amit.shanic390@example.invalid,2368466649,Shani,Amit,,,,"Tel Aviv, Israel",5977531353,,,,,,,,,Technical Program Manager,
EMP-E0E010FB5CD0,harper.kirbye0e0,Harper Kirby,,,,,,,,,,,USA,Marketing,,harper.kirbye0e0@example.invalid,1059039744,Kirby,Harper,,,,"Boston, MA, USA",0067001250,,,,,,,,,Marketing Director,
EMP-1BB1E4999AA9,tanner.norton1bb1,Tanner Norton,,,,,,,,,,,USA,Sales,,tanner.norton1bb1@example.invalid,8277758029,Norton,Tanner,,,,"Austin, TX, USA",0891448944,,,,,,,,,Sales Development Representative,
EMP-2A72BC0A0501,adi.harel2a72,Adi Harel,,,,,,,,,,,Israel,IT,,adi.harel2a72@example.invalid,8157665109,Harel,Adi,,,,"Tel Aviv, Israel",2203223627,,,,,,,,,IT Operations Engineer,
EMP-BA856B46D72D,cameron.marshba85,Cameron Marsh,,,,,,,,,,,USA,Customer Success,,cameron.marshba85@example.invalid,4959105103,Marsh,Cameron,,,,"Austin, TX, USA",2668820698,,,,,,,,,Technical Account Manager,
EMP-10441320D341,rhea.gokhale1044,Rhea Gokhale,,,,,,,,,,,India,Design,,rhea.gokhale1044@example.invalid,4727316964,Gokhale,Rhea,,,,"Pune, Maharashtra, India",2488224667,,,,,,,,,Senior Product Designer,
EMP-7DE1B87D7C40,morgan.bennett7de1,Morgan Bennett,,,,,,,,,,,USA,Sales,,morgan.bennett7de1@example.invalid,3595943538,Bennett,Morgan,,,,"Austin, TX, USA",0891448944,,,,,,,,,Sales Development Representative,
EMP-7DC57844AC69,noa.ophir7dc5,Noa Ophir,,,,,,,,,,,Israel,Engineering,,noa.ophir7dc5@example.invalid,1498725587,Ophir,Noa,,,,"Tel Aviv, Israel",5501515626,,,,,,,,,Senior Software Engineer,
EMP-E40C1DC1B468,tanner.dawsone40c,Tanner Dawson,,,,,,,,,,,USA,Product,,tanner.dawsone40c@example.invalid,8160736833,Dawson,Tanner,,,,"Atlanta, GA, USA",0280006242,,,,,,,,,Director of Product Management,
EMP-B5FA7DFF2ADB,eitan.zoharb5fa,Eitan Zohar,,,,,,,,,,,Israel,Engineering,,eitan.zoharb5fa@example.invalid,9931758320,Zohar,Eitan,,,,"Tel Aviv, Israel",5501515626,,,,,,,,,Principal Engineer,
EMP-6CA6DFAB0121,jordan.ramsey6ca6,Jordan Ramsey,,,,,,,,,,,USA,Finance,,jordan.ramsey6ca6@example.invalid,7781543822,Ramsey,Jordan,,,,"Atlanta, GA, USA",0067001250,,,,,,,,,Accountant,
EMP-0299F084FBCF,aubrey.grayson0299,Aubrey Grayson,,,,,,,,,,,Finland,Customer Success,,aubrey.grayson0299@example.invalid,3463595436,Grayson,Aubrey,,,,"Helsinki, Uusimaa, Finland",0774203541,,,,,,,,,Customer Success Manager,
EMP-DDA3A91E1D3B,kavya.patildda3,Kavya Patil,,,,,,,,,,,India,Engineering,,kavya.patildda3@example.invalid,0390458844,Patil,Kavya,,,,"Pune, Maharashtra, India",3276728611,,,,,,,,,Senior Software Engineer,
EMP-DA57339DB150,ishaan.raoda57,Ishaan Rao,,,,,,,,,,,India,People,,ishaan.raoda57@example.invalid,5619841365,Rao,Ishaan,,,,"Pune, Maharashtra, India",4251680745,,,,,,,,,People Operations Specialist,
EMP-DABEC2083E96,lottie.merrickdabe,Lottie Merrick,,,,,,,,,,,United Kingdom,Sales,,lottie.merrickdabe@example.invalid,6508902807,Merrick,Lottie,,,,"London, England, United Kingdom",7748760027,,,,,,,,,Senior Account Executive,
EMP-F02AAD05EF9C,maartje.nieuwenhuisf02a,Maartje Nieuwenhuis,,,,,,,,,,,Netherlands,Sales,,maartje.nieuwenhuisf02a@example.invalid,9130992812,Nieuwenhuis,Maartje,,,,"Amsterdam, Netherlands",0891448944,,,,,,,,,Sales Development Representative,
EMP-BBA9220EA809,dana.marshbba9,Dana Marsh,,,,,,,,,,,USA,Legal,,dana.marshbba9@example.invalid,2500724713,Marsh,Dana,,,,"Austin, TX, USA",7740380250,,,,,,,,,Corporate Counsel,
EMP-78D4256D64D6,alfie.waverley78d4,Alfie Waverley,,,,,,,,,,,United Kingdom,Customer Success,,alfie.waverley78d4@example.invalid,1387446229,Waverley,Alfie,,,,"London, England, United Kingdom",3151268880,,,,,,,,,Customer Success Manager,
EMP-3A82CCE240DC,bram.prins3a82,Bram Prins,,,,,,,,,,,Netherlands,People,,bram.prins3a82@example.invalid,3295070446,Prins,Bram,,,,"Amsterdam, Netherlands",2329842297,,,,,,,,,People Operations Specialist,
EMP-BCD69EEB109A,oscar.escobarbcd6,Óscar Escobar,,,,,,,,,,,Mexico,Customer Success,,oscar.escobarbcd6@example.invalid,6579596506,Escobar,Óscar,,,,"Mexico City, Mexico",1710814652,,,,,,,,,Support Engineer,
EMP-9C8C6C93B28A,poppy.lockhart9c8c,Poppy Lockhart,,,,,,,,,,,United Kingdom,Sales,,poppy.lockhart9c8c@example.invalid,8267681076,Lockhart,Poppy,,,,"London, England, United Kingdom",7748760027,,,,,,,,,Enterprise Account Executive,
EMP-FE77D264C0F8,maya.mizrahife77,Maya Mizrahi,,,,,,,,,,,Israel,Product,,maya.mizrahife77@example.invalid,8038367693,Mizrahi,Maya,,,,"Tel Aviv, Israel",5977531353,,,,,,,,,Senior Product Manager,
EMP-3B23296A0E5D,tanner.landry3b23,Tanner Landry,,,,,,,,,,,USA,Customer Success,,tanner.landry3b23@example.invalid,7906927693,Landry,Tanner,,,,"Austin, TX, USA",3932728268,,,,,,,,,Support Engineer,
EMP-0A02987A45A8,cameron.yates0a02,Cameron Yates,,,,,,,,,,,USA,Customer Success,,cameron.yates0a02@example.invalid,1254822117,Yates,Cameron,,,,"Austin, TX, USA",3932728268,,,,,,,,,Support Engineer,
EMP-6C1E404CD68A,tanner.dawson6c1e,Tanner Dawson,,,,,,,,,,,Brazil,Sales,,tanner.dawson6c1e@example.invalid,4158599473,Dawson,Tanner,,,,"Brasília, Federal District, Brazil",0891448944,,,,,,,,,Sales Development Representative,
EMP-79FCC33F3E16,kavya.rao79fc,Kavya Rao,,,,,,,,,,,India,Engineering,,kavya.rao79fc@example.invalid,9112370472,Rao,Kavya,,,,"Pune, Maharashtra, India",2574715791,,,,,,,,,Site Reliability Engineer,
EMP-6A9592D36F9E,freya.kingsley6a95,Freya Kingsley,,,,,,,,,,,United Kingdom,Marketing,,freya.kingsley6a95@example.invalid,6358652718,Kingsley,Freya,,,,"London, England, United Kingdom",6291279481,,,,,,,,,Product Marketing Manager,
EMP-7932E5B4F0B8,fernando.fuentes7932,Fernando Fuentes,,,,,,,,,,,Mexico,Engineering,,fernando.fuentes7932@example.invalid,2720278689,Fuentes,Fernando,,,,"Monterrey, Nuevo León, Mexico",1350612646,,,,,,,,,Software Engineer,
EMP-835F79D31E4E,rhea.gokhale835f,Rhea Gokhale,,,,,,,,,,,India,Product,,rhea.gokhale835f@example.invalid,9409578514,Gokhale,Rhea,,,,"Pune, Maharashtra, India",2676127692,,,,,,,,,Senior Product Manager,
EMP-FB7B0156B59B,alejandra.navafb7b,Alejandra Nava,,,,,,,,,,,Mexico,IT,,alejandra.navafb7b@example.invalid,7580978180,Nava,Alejandra,,,,"Mexico City, Mexico",9329022060,,,,,,,,,IT Support Specialist,
EMP-23B9CD478DD0,nolan.hollis23b9,Nolan Hollis,,,,,,,,,,,Czechia,Customer Success,,nolan.hollis23b9@example.invalid,9224594510,Hollis,Nolan,,,,"Prague, Czechia",0774203541,,,,,,,,,Customer Success Manager,
EMP-1FFDC1AFA373,kelsey.vaughn1ffd,Kelsey Vaughn,,,,,,,,,,,USA,Sales,,kelsey.vaughn1ffd@example.invalid,4389248387,Vaughn,Kelsey,,,,"Los Angeles, CA, USA",0891448944,,,,,,,,,Sales Development Representative,
EMP-E5E84F5446F7,morgan.tatee5e8,Morgan Tate,,,,,,,,,,,USA,Customer Success,,morgan.tatee5e8@example.invalid,2668820698,Tate,Morgan,,,,"Austin, TX, USA",0774203541,,,,,,,,,Director of Customer Success,
EMP-6154FFBCA8DB,maartje.hoeksema6154,Maartje Hoeksema,,,,,,,,,,,Netherlands,Customer Success,,maartje.hoeksema6154@example.invalid,5474581185,Hoeksema,Maartje,,,,"Amsterdam, Netherlands",5486230153,,,,,,,,,Technical Account Manager,
EMP-0CE2516ACF0D,ines.noiret0ce2,Inès Noiret,,,,,,,,,,,France,Customer Success,,ines.noiret0ce2@example.invalid,2373865775,Noiret,Inès,,,,"Paris, France",0774203541,,,,,,,,,Technical Account Manager,
EMP-E9F79F69F6AC,reese.jenningse9f7,Reese Jennings,,,,,,,,,,,USA,IT,,reese.jenningse9f7@example.invalid,7543609428,Jennings,Reese,,,,"Austin, TX, USA",7376848747,,,,,,,,,IT Operations Engineer,
EMP-6AC7F3F36A97,isabela.escobar6ac7,Isabela Escobar,,,,,,,,,,,Mexico,Customer Success,,isabela.escobar6ac7@example.invalid,5176702695,Escobar,Isabela,,,,"Mexico City, Mexico",1862102718,,,,,,,,,Technical Account Manager,
EMP-6D904B5BC6AE,oscar.carrillo6d90,Óscar Carrillo,,,,,,,,,,,Mexico,Customer Success,,oscar.carrillo6d90@example.invalid,4327944151,Carrillo,Óscar,,,,"Mexico City, Mexico",1710814652,,,,,,,,,Customer Success Manager,
EMP-9D4DFE148860,edward.lockhart9d4d,Edward Lockhart,,,,,,,,,,,United Kingdom,Product,,edward.lockhart9d4d@example.invalid,1302218632,Lockhart,Edward,,,,"London, England, United Kingdom",0280006242,,,,,,,,,Senior Product Manager,
EMP-CFFFF8539722,kavya.raocfff,Kavya Rao,,,,,,,,,,,India,Engineering,,kavya.raocfff@example.invalid,2813926098,Rao,Kavya,,,,"Pune, Maharashtra, India",9762329093,,,,,,,,,Staff Software Engineer,
EMP-D6A13343B354,cameron.landryd6a1,Cameron Landry,,,,,,,,,,,USA,IT,,cameron.landryd6a1@example.invalid,1231455014,Landry,Cameron,,,,"Austin, TX, USA",7526217330,,,,,,,,,Systems Administrator,
EMP-612B9EBFFDD9,nolan.marsh612b,Nolan Marsh,,,,,,,,,,,USA,Customer Success,,nolan.marsh612b@example.invalid,3112370335,Marsh,Nolan,,,,"Los Angeles, CA, USA",0774203541,,,,,,,,,Technical Account Manager,
EMP-700AAE922B01,isabela.alvarado700a,Isabela Alvarado,,,,,,,,,,,Mexico,Customer Success,,isabela.alvarado700a@example.invalid,4825025950,Alvarado,Isabela,,,,"Monterrey, Nuevo León, Mexico",0774203541,,,,,,,,,Director of Customer Success,
EMP-BF3505688A16,rohan.joshibf35,Rohan Joshi,,,,,,,,,,,India,Product,,rohan.joshibf35@example.invalid,1561337976,Joshi,Rohan,,,,"Pune, Maharashtra, India",0280006242,,,,,,,,,Director of Product Management,
EMP-C8DF8023BD93,sanya.sharmac8df,Sanya Sharma,,,,,,,,,,,India,Engineering,,sanya.sharmac8df@example.invalid,8384827170,Sharma,Sanya,,,,"Pune, Maharashtra, India",1805818302,,,,,,,,,Engineering Manager,
EMP-F5C4EE0180AD,elena.herreraf5c4,Elena Herrera,,,,,,,,,,,Mexico,Engineering,,elena.herreraf5c4@example.invalid,4948878784,Herrera,Elena,,,,"Mexico City, Mexico",3662122719,,,,,,,,,Software Engineer,
EMP-7D4FE1D69C47,priya.sharma7d4f,Priya Sharma,,,,,,,,,,,India,Engineering,,priya.sharma7d4f@example.invalid,9762329093,Sharma,Priya,,,,"Pune, Maharashtra, India",1805818302,,,,,,,,,Engineering Manager,
EMP-41AFEF887DA2,tanner.bennett41af,Tanner Bennett,,,,,,,,,,,USA,Finance,,tanner.bennett41af@example.invalid,2892070063,Bennett,Tanner,,,,"Austin, TX, USA",0067001250,,,,,,,,,Financial Analyst,
EMP-E14FEC14AFFC,avery.jenningse14f,Avery Jennings,,,,,,,,,,,USA,Marketing,,avery.jenningse14f@example.invalid,5289974323,Jennings,Avery,,,,"Salt Lake City, UT, USA",1059039744,,,,,,,,,Marketing Specialist,
EMP-2861F781B5FB,rodrigo.mendoza2861,Rodrigo Mendoza,,,,,,,,,,,Mexico,Sales,,rodrigo.mendoza2861@example.invalid,0734036579,Mendoza,Rodrigo,,,,"Mexico City, Mexico",9530444629,,,,,,,,,Senior Account Executive,
EMP-D517854BD19B,isla.ouelletted517,Isla Ouellette,,,,,,,,,,,Canada,Engineering,,isla.ouelletted517@example.invalid,5228665452,Ouellette,Isla,,,,"Montréal, Quebec, Canada",0159073081,,,,,,,,,Director of Engineering,
EMP-4E6EE05760AB,dana.grayson4e6e,Dana Grayson,,,,,,,,,,,USA,IT,,dana.grayson4e6e@example.invalid,8285173919,Grayson,Dana,,,,"Seattle, WA, USA",2203223627,,,,,,,,,IT Support Specialist,
EMP-53ACD686B0EB,daisy.blackwood53ac,Daisy Blackwood,,,,,,,,,,,United Kingdom,Customer Success,,daisy.blackwood53ac@example.invalid,5124434071,Blackwood,Daisy,,,,"London, England, United Kingdom",7096693014,,,,,,,,,Senior Support Engineer,
EMP-8848EEDEF7D6,devika.reddy8848,Devika Reddy,,,,,,,,,,,India,IT,,devika.reddy8848@example.invalid,8889515783,Reddy,Devika,,,,"Pune, Maharashtra, India",2203223627,,,,,,,,,Systems Administrator,
EMP-88EA9725418B,nikhil.sharma88ea,Nikhil Sharma,,,,,,,,,,,India,Design,,nikhil.sharma88ea@example.invalid,9977752781,Sharma,Nikhil,,,,"Pune, Maharashtra, India",2488224667,,,,,,,,,Senior Product Designer,
EMP-4862C2A3428F,nathalie.pelletier4862,Nathalie Pelletier,,,,,,,,,,,Canada,Engineering,,nathalie.pelletier4862@example.invalid,4900625614,Pelletier,Nathalie,,,,"Toronto, Ontario, Canada",0159073081,,,,,,,,,Senior Software Engineer,
EMP-B88C63DC18F2,priya.raob88c,Priya Rao,,,,,,,,,,,India,Engineering,,priya.raob88c@example.invalid,6680760329,Rao,Priya,,,,"Pune, Maharashtra, India",3276728611,,,,,,,,,Quality Engineer,
EMP-10032E820B56,nikhil.mehta1003,Nikhil Mehta,,,,,,,,,,,India,Engineering,,nikhil.mehta1003@example.invalid,5607852993,Mehta,Nikhil,,,,"Pune, Maharashtra, India",6400519124,,,,,,,,,Senior Software Engineer,
EMP-6637656F88A9,hadar.zohar6637,Hadar Zohar,,,,,,,,,,,Israel,Engineering,,hadar.zohar6637@example.invalid,5296302579,Zohar,Hadar,,,,"Tel Aviv, Israel",5501515626,,,,,,,,,Principal Engineer,
EMP-99C8AD03210A,desmond.fortin99c8,Desmond Fortin,,,,,,,,,,,Canada,Marketing,,desmond.fortin99c8@example.invalid,2095948030,Fortin,Desmond,,,,"Montréal, Quebec, Canada",1059039744,,,,,,,,,Marketing Director,
EMP-FBA851324C7B,manish.bhattfba8,Manish Bhatt,,,,,,,,,,,India,Engineering,,manish.bhattfba8@example.invalid,6080703027,Bhatt,Manish,,,,"Pune, Maharashtra, India",9762329093,,,,,,,,,Software Engineer,
EMP-64032407C503,avery.carver6403,Avery Carver,,,,,,,,,,,USA,Product,,avery.carver6403@example.invalid,4511647181,Carver,Avery,,,,"Austin, TX, USA",2913310464,,,,,,,,,Senior Product Manager,
EMP-2994C85AD588,aarav.nair2994,Aarav Nair,,,,,,,,,,,India,Engineering,,aarav.nair2994@example.invalid,4563343247,Nair,Aarav,,,,"Pune, Maharashtra, India",8384827170,,,,,,,,,Staff Software Engineer,
EMP-A958B1506F77,riley.ashforda958,Riley Ashford,,,,,,,,,,,USA,Marketing,,riley.ashforda958@example.invalid,9385937450,Ashford,Riley,,,,"Seattle, WA, USA",9122046884,,,,,,,,,Marketing Specialist,
EMP-EE502CA9D9CC,skyler.tateee50,Skyler Tate,,,,,,,,,,,USA,Marketing,,skyler.tateee50@example.invalid,7178837190,Tate,Skyler,,,,"Portland, OR, USA",4211741087,,,,,,,,,Content Marketing Manager,
EMP-5A208553C5FB,logan.ellison5a20,Logan Ellison,,,,,,,,,,,Portugal,Customer Success,,logan.ellison5a20@example.invalid,7518602679,Ellison,Logan,,,,"Lisbon, Portugal",0774203541,,,,,,,,,Technical Account Manager,
EMP-BE360B39AC96,roos.boersmabe36,Roos Boersma,,,,,,,,,,,Netherlands,Engineering,,roos.boersmabe36@example.invalid,8285277906,Boersma,Roos,,,,"Amsterdam, Netherlands",0159073081,,,,,,,,,Staff Software Engineer,
EMP-75623DB62C27,morgan.norton7562,Morgan Norton,,,,,,,,,,,USA,Engineering,,morgan.norton7562@example.invalid,2789335308,Norton,Morgan,,,,"Atlanta, GA, USA",0159073081,,,,,,,,,Staff Software Engineer,
EMP-A790C368528B,fiona.heberta790,Fiona Hébert,,,,,,,,,,,Canada,Customer Success,,fiona.heberta790@example.invalid,3809158307,Hébert,Fiona,,,,"Toronto, Ontario, Canada",0774203541,,,,,,,,,Director of Customer Success,
EMP-7BC03FC2A9F6,tanvi.gokhale7bc0,Tanvi Gokhale,,,,,,,,,,,India,Engineering,,tanvi.gokhale7bc0@example.invalid,7501323587,Gokhale,Tanvi,,,,"Pune, Maharashtra, India",9760197091,,,,,,,,,Software Engineer,
EMP-6166FB5776DA,aubrey.ellison6166,Aubrey Ellison,,,,,,,,,,,USA,Engineering,,aubrey.ellison6166@example.invalid,2378238066,Ellison,Aubrey,,,,"Raleigh, NC, USA",0159073081,,,,,,,,,Senior Software Engineer,
EMP-99287D5EB9EF,dana.whitaker9928,Dana Whitaker,,,,,,,,,,,USA,Finance,,dana.whitaker9928@example.invalid,2671303143,Whitaker,Dana,,,,"Austin, TX, USA",0067001250,,,,,,,,,Financial Analyst,
EMP-E9F35759A389,maya.zohare9f3,Maya Zohar,,,,,,,,,,,Israel,Engineering,,maya.zohare9f3@example.invalid,2685283681,Zohar,Maya,,,,"Tel Aviv, Israel",4795688632,,,,,,,,,Site Reliability Engineer,
EMP-39ED9636A8D8,rohan.verma39ed,Rohan Verma,,,,,,,,,,,India,Engineering,,rohan.verma39ed@example.invalid,1147488316,Verma,Rohan,,,,"Pune, Maharashtra, India",9762329093,,,,,,,,,Staff Software Engineer,
EMP-25A20F051DFD,cameron.tate25a2,Cameron Tate,,,,,,,,,,,USA,Product,,cameron.tate25a2@example.invalid,0282898298,Tate,Cameron,,,,"Raleigh, NC, USA",0280006242,,,,,,,,,Technical Program Manager,
EMP-B396A81B6716,lior.giladb396,Lior Gilad,,,,,,,,,,,Israel,IT,,lior.giladb396@example.invalid,4942791750,Gilad,Lior,,,,"Tel Aviv, Israel",2203223627,,,,,,,,,Systems Administrator,
EMP-464ED215A9E9,logan.ashford464e,Logan Ashford,,,,,,,,,,,USA,Product,,logan.ashford464e@example.invalid,1325156383,Ashford,Logan,,,,"Austin, TX, USA",0280006242,,,,,,,,,Product Manager,
EMP-BE8A078312AE,aubrey.tatebe8a,Aubrey Tate,,,,,,,,,,,USA,Sales,,aubrey.tatebe8a@example.invalid,3527932682,Tate,Aubrey,,,,"Austin, TX, USA",0891448944,,,,,,,,,Sales Development Representative,
EMP-DC8A29AEEAD5,gali.zohardc8a,Gali Zohar,,,,,,,,,,,Israel,Product,,gali.zohardc8a@example.invalid,6371095546,Zohar,Gali,,,,"Tel Aviv, Israel",5977531353,,,,,,,,,Product Manager,
EMP-9AD6838B5504,javier.alvarado9ad6,Javier Alvarado,,,,,,,,,,,Mexico,Product,,javier.alvarado9ad6@example.invalid,1307031583,Alvarado,Javier,,,,"Santiago de Querétaro, Querétaro, Mexico",0280006242,,,,,,,,,Senior Product Manager,
EMP-B0864D635FA7,cameron.ashfordb086,Cameron Ashford,,,,,,,,,,,USA,Sales,,cameron.ashfordb086@example.invalid,6756429851,Ashford,Cameron,,,,"Austin, TX, USA",0891448944,,,,,,,,,Enterprise Account Executive,
EMP-F6EDC483E7D9,tanner.vaughnf6ed,Tanner Vaughn,,,,,,,,,,,USA,Sales,,tanner.vaughnf6ed@example.invalid,3620248497,Vaughn,Tanner,,,,"Austin, TX, USA",0891448944,,,,,,,,,Enterprise Account Executive,
EMP-2DD7D398B759,tanner.norton2dd7,Tanner Norton,,,,,,,,,,,USA,Engineering,,tanner.norton2dd7@example.invalid,4564150006,Norton,Tanner,,,,"Portland, OR, USA",0159073081,,,,,,,,,Site Reliability Engineer,
EMP-AAC03078B70E,daisy.lockhartaac0,Daisy Lockhart,,,,,,,,,,,United Kingdom,Design,,daisy.lockhartaac0@example.invalid,7001588948,Lockhart,Daisy,,,,"London, England, United Kingdom",2226904486,,,,,,,,,Product Designer,
EMP-18E81387C77D,oliver.northcott18e8,Oliver Northcott,,,,,,,,,,,United Kingdom,People,,oliver.northcott18e8@example.invalid,5395574362,Northcott,Oliver,,,,"London, England, United Kingdom",7150696066,,,,,,,,,Senior Recruiter,
EMP-DA21CFAD8CF0,skyler.marshda21,Skyler Marsh,,,,,,,,,,,USA,Engineering,,skyler.marshda21@example.invalid,8800603512,Marsh,Skyler,,,,"Austin, TX, USA",2770923116,,,,,,,,,Engineering Manager,
EMP-D5804C3CE961,edward.blackwoodd580,Edward Blackwood,,,,,,,,,,,United Kingdom,Customer Success,,edward.blackwoodd580@example.invalid,1594822528,Blackwood,Edward,,,,"London, England, United Kingdom",0774203541,,,,,,,,,Director of Customer Success,
EMP-B9E25F709F22,farhan.reddyb9e2,Farhan Reddy,,,,,,,,,,,India,Engineering,,farhan.reddyb9e2@example.invalid,9064081317,Reddy,Farhan,,,,"Pune, Maharashtra, India",2101934803,,,,,,,,,Site Reliability Engineer,
EMP-77CE85C461E6,natalia.alvarado77ce,Natalia Alvarado,,,,,,,,,,,Mexico,Customer Success,,natalia.alvarado77ce@example.invalid,4218367303,Alvarado,Natalia,,,,"Guadalajara, Jalisco, Mexico",0774203541,,,,,,,,,Customer Success Manager,
EMP-C34744E9C67A,kelsey.hollisc347,Kelsey Hollis,,,,,,,,,,,USA,Design,,kelsey.hollisc347@example.invalid,1590412045,Hollis,Kelsey,,,,"Seattle, WA, USA",2226904486,,,,,,,,,Product Designer,
EMP-5AD8FE7AA7BA,manish.patil5ad8,Manish Patil,,,,,,,,,,,India,Engineering,,manish.patil5ad8@example.invalid,1136502125,Patil,Manish,,,,"Pune, Maharashtra, India",1805818302,,,,,,,,,Engineering Manager,
EMP-4F1E309DF5CA,peyton.dawson4f1e,Peyton Dawson,,,,,,,,,,,USA,Engineering,,peyton.dawson4f1e@example.invalid,3289292395,Dawson,Peyton,,,,"Jacksonville, FL, USA",0159073081,,,,,,,,,Principal Engineer,
EMP-EBEA88C4AD1E,reese.ellisonebea,Reese Ellison,,,,,,,,,,,USA,Engineering,,reese.ellisonebea@example.invalid,1762759458,Ellison,Reese,,,,"Austin, TX, USA",2770923116,,,,,,,,,Engineering Manager,
EMP-64481C80937A,farhan.mehta6448,Farhan Mehta,,,,,,,,,,,India,Engineering,,farhan.mehta6448@example.invalid,0671628927,Mehta,Farhan,,,,"Pune, Maharashtra, India",6163396241,,,,,,,,,Software Engineer,
EMP-6D3A7FEB8997,logan.pierce6d3a,Logan Pierce,,,,,,,,,,,USA,Sales,,logan.pierce6d3a@example.invalid,8385790109,Pierce,Logan,,,,"Miami, FL, USA",0891448944,,,,,,,,,Account Executive,
EMP-605DD0A509E5,rhea.iyer605d,Rhea Iyer,,,,,,,,,,,India,Customer Success,,rhea.iyer605d@example.invalid,7729371196,Iyer,Rhea,,,,"Pune, Maharashtra, India",4373359127,,,,,,,,,Customer Success Manager,
EMP-692CBE884EA5,peyton.jennings692c,Peyton Jennings,,,,,,,,,,,Belarus,Customer Success,,peyton.jennings692c@example.invalid,5602024208,Jennings,Peyton,,,,"Minsk, Minsk City, Belarus",0774203541,,,,,,,,,Senior Customer Success Manager,
EMP-52970BE35C7F,cameron.norton5297,Cameron Norton,,,,,,,,,,,USA,Product,,cameron.norton5297@example.invalid,3730740616,Norton,Cameron,,,,"Austin, TX, USA",4485408201,,,,,,,,,Senior Product Manager,
EMP-9A94CCEACE91,farhan.wagh9a94,Farhan Wagh,,,,,,,,,,,India,Finance,,farhan.wagh9a94@example.invalid,7254152166,Wagh,Farhan,,,,"Pune, Maharashtra, India",8806961831,,,,,,,,,Financial Analyst,
EMP-68B055511ACF,neha.wagh68b0,Neha Wagh,,,,,,,,,,,India,Product,,neha.wagh68b0@example.invalid,2676127692,Wagh,Neha,,,,"Pune, Maharashtra, India",0280006242,,,,,,,,,Director of Product Management,
EMP-9AC97C3EAC17,nolan.bennett9ac9,Nolan Bennett,,,,,,,,,,,USA,People,,nolan.bennett9ac9@example.invalid,0776775751,Bennett,Nolan,,,,"Baton Rouge, LA, USA",2329842297,,,,,,,,,HR Business Partner,
EMP-95582B7A1389,sawyer.bennett9558,Sawyer Bennett,,,,,,,,,,,USA,Sales,,sawyer.bennett9558@example.invalid,2915567662,Bennett,Sawyer,,,,"Austin, TX, USA",0891448944,,,,,,,,,Senior Account Executive,
EMP-D80A9DD4807B,jordan.hollisd80a,Jordan Hollis,,,,,,,,,,,USA,IT,,jordan.hollisd80a@example.invalid,7973736289,Hollis,Jordan,,,,"Austin, TX, USA",7526217330,,,,,,,,,Systems Administrator,
EMP-B8C5DC71FED1,kelsey.bennettb8c5,Kelsey Bennett,,,,,,,,,,,USA,IT,,kelsey.bennettb8c5@example.invalid,5555320028,Bennett,Kelsey,,,,"Dallas, TX, USA",2203223627,,,,,,,,,IT Operations Engineer,
EMP-D5E7E17304EA,camila.salazard5e7,Camila Salazar,,,,,,,,,,,Mexico,Finance,,camila.salazard5e7@example.invalid,3818752061,Salazar,Camila,,,,"Tijuana, Baja California, Mexico",0067001250,,,,,,,,,Controller,
EMP-D20996CD203C,javier.carrillod209,Javier Carrillo,,,,,,,,,,,Mexico,People,,javier.carrillod209@example.invalid,0508574784,Carrillo,Javier,,,,"Mexico City, Mexico",2329842297,,,,,,,,,HR Business Partner,
EMP-221942627F75,quinn.shelton2219,Quinn Shelton,,,,,,,,,,,USA,Engineering,,quinn.shelton2219@example.invalid,2519971959,Shelton,Quinn,,,,"Chicago, IL, USA",0142177713,,,,,,,,,Quality Engineer,
EMP-EB07F250AB17,mateo.fuenteseb07,Mateo Fuentes,,,,,,,,,,,Mexico,People,,mateo.fuenteseb07@example.invalid,2031770777,Fuentes,Mateo,,,,"Mexico City, Mexico",2329842297,,,,,,,,,Recruiter,
EMP-BBB29861D78B,owen.hebertbbb2,Owen Hébert,,,,,,,,,,,Canada,Customer Success,,owen.hebertbbb2@example.invalid,6942498032,Hébert,Owen,,,,"Toronto, Ontario, Canada",3809158307,,,,,,,,,Technical Account Manager,
EMP-3BB7D503EB51,jordan.ellison3bb7,Jordan Ellison,,,,,,,,,,,USA,Sales,,jordan.ellison3bb7@example.invalid,1785434163,Ellison,Jordan,,,,"Austin, TX, USA",0891448944,,,,,,,,,Account Executive,
EMP-4099B1C1E90D,fernando.pena4099,Fernando Peña,,,,,,,,,,,Mexico,Customer Success,,fernando.pena4099@example.invalid,6260880146,Peña,Fernando,,,,"Mexico City, Mexico",0774203541,,,,,,,,,Director of Customer Success,
EMP-639449A0C7AB,aubrey.hollis6394,Aubrey Hollis,,,,,,,,,,,USA,Product,,aubrey.hollis6394@example.invalid,1201512538,Hollis,Aubrey,,,,"Raleigh, NC, USA",0280006242,,,,,,,,,Product Manager,
EMP-0C8F57457707,miles.blackwood0c8f,Miles Blackwood,,,,,,,,,,,United Kingdom,Customer Success,,miles.blackwood0c8f@example.invalid,5986125202,Blackwood,Miles,,,,"London, England, United Kingdom",1594822528,,,,,,,,,Customer Success Manager,
EMP-7F97E3D377E4,natalia.carrillo7f97,Natalia Carrillo,,,,,,,,,,,Mexico,Customer Success,,natalia.carrillo7f97@example.invalid,1689235934,Carrillo,Natalia,,,,"Monterrey, Nuevo León, Mexico",4825025950,,,,,,,,,Customer Success Manager,
EMP-894018626305,vikram.bhatt8940,Vikram Bhatt,,,,,,,,,,,India,Engineering,,vikram.bhatt8940@example.invalid,2552767769,Bhatt,Vikram,,,,"Pune, Maharashtra, India",1805818302,,,,,,,,,Engineering Manager,
EMP-8F31ACC09779,neha.chauhan8f31,Neha Chauhan,,,,,,,,,,,India,Engineering,,neha.chauhan8f31@example.invalid,4457530194,Chauhan,Neha,,,,"Pune, Maharashtra, India",7571433670,,,,,,,,,Staff Software Engineer,
EMP-25E62D78A737,natalia.bautista25e6,Natalia Bautista,,,,,,,,,,,Mexico,Marketing,,natalia.bautista25e6@example.invalid,0271511787,Bautista,Natalia,,,,"Mexico City, Mexico",9262248049,,,,,,,,,Content Marketing Manager,
EMP-97F12FE09534,cameron.jennings97f1,Cameron Jennings,,,,,,,,,,,USA,People,,cameron.jennings97f1@example.invalid,0736836111,Jennings,Cameron,,,,"Salt Lake City, UT, USA",4190693873,,,,,,,,,HR Business Partner,
EMP-CDE27CA60E3F,nikhil.mehtacde2,Nikhil Mehta,,,,,,,,,,,India,Engineering,,nikhil.mehtacde2@example.invalid,5157274529,Mehta,Nikhil,,,,"Pune, Maharashtra, India",1805818302,,,,,,,,,Engineering Manager,
EMP-F09E39EE5500,itai.katzf09e,Itai Katz,,,,,,,,,,,Israel,Engineering,,itai.katzf09e@example.invalid,1214061277,Katz,Itai,,,,"Tel Aviv, Israel",4795688632,,,,,,,,,Senior Software Engineer,
EMP-D12261D03527,morgan.kirbyd122,Morgan Kirby,,,,,,,,,,,USA,Sales,,morgan.kirbyd122@example.invalid,0007971795,Kirby,Morgan,,,,"Austin, TX, USA",0891448944,,,,,,,,,Sales Development Representative,
EMP-4BA3919C500C,nolan.grayson4ba3,Nolan Grayson,,,,,,,,,,,USA,Engineering,,nolan.grayson4ba3@example.invalid,4592371517,Grayson,Nolan,,,,"Austin, TX, USA",2976662870,,,,,,,,,Principal Engineer,
EMP-653E2EB18D99,neha.kulkarni653e,Neha Kulkarni,,,,,,,,,,,India,Engineering,,neha.kulkarni653e@example.invalid,6506525684,Kulkarni,Neha,,,,"Pune, Maharashtra, India",2574715791,,,,,,,,,Senior Software Engineer,
EMP-6FD469D17832,kavya.deshmukh6fd4,Kavya Deshmukh,,,,,,,,,,,India,Engineering,,kavya.deshmukh6fd4@example.invalid,1658331236,Deshmukh,Kavya,,,,"Pune, Maharashtra, India",2552767769,,,,,,,,,Site Reliability Engineer,
EMP-2986535C15BA,nikhil.shetty2986,Nikhil Shetty,,,,,,,,,,,India,IT,,nikhil.shetty2986@example.invalid,7400912674,Shetty,Nikhil,,,,"Pune, Maharashtra, India",2203223627,,,,,,,,,IT Manager,
EMP-B9DC38AC96E6,skyler.vaughnb9dc,Skyler Vaughn,,,,,,,,,,,USA,IT,,skyler.vaughnb9dc@example.invalid,5810208225,Vaughn,Skyler,,,,"Austin, TX, USA",2522773902,,,,,,,,,IT Support Specialist,
EMP-C73D007A1F29,maeve.fortinc73d,Maeve Fortin,,,,,,,,,,,Canada,Customer Success,,maeve.fortinc73d@example.invalid,1635850944,Fortin,Maeve,,,,"Calgary, Alberta, Canada",0774203541,,,,,,,,,Technical Account Manager,
EMP-2BF11941C50C,bruno.delgado2bf1,Bruno Delgado,,,,,,,,,,,Mexico,Engineering,,bruno.delgado2bf1@example.invalid,3287684375,Delgado,Bruno,,,,"Mexico City, Mexico",4081765633,,,,,,,,,Software Engineer,
EMP-C9BAA6E800A6,maya.giladc9ba,Maya Gilad,,,,,,,,,,,Israel,Engineering,,maya.giladc9ba@example.invalid,2665229077,Gilad,Maya,,,,"Tel Aviv, Israel",2079722361,,,,,,,,,Quality Engineer,
EMP-E060EF2AADA9,tanner.bennette060,Tanner Bennett,,,,,,,,,,,USA,People,,tanner.bennette060@example.invalid,8841305523,Bennett,Tanner,,,,"Austin, TX, USA",4269232348,,,,,,,,,HR Business Partner,
EMP-4766192D3DAB,cameron.landry4766,Cameron Landry,,,,,,,,,,,USA,Product,,cameron.landry4766@example.invalid,6416244095,Landry,Cameron,,,,"Austin, TX, USA",0280006242,,,,,,,,,Senior Product Manager,
EMP-E272B20BA87F,carter.ashforde272,Carter Ashford,,,,,,,,,,,Norway,Customer Success,,carter.ashforde272@example.invalid,3058009590,Ashford,Carter,,,,"Oslo, Norway",0774203541,,,,,,,,,Customer Success Manager,
EMP-DD520F4D46D2,ishaan.joshidd52,Ishaan Joshi,,,,,,,,,,,India,Finance,,ishaan.joshidd52@example.invalid,5047469687,Joshi,Ishaan,,,,"Pune, Maharashtra, India",8806961831,,,,,,,,,Senior Financial Analyst,
EMP-905609DE5CC3,aubrey.shelton9056,Aubrey Shelton,,,,,,,,,,,USA,Finance,,aubrey.shelton9056@example.invalid,0102443200,Shelton,Aubrey,,,,"Austin, TX, USA",0067001250,,,,,,,,,Financial Analyst,
EMP-CCA13FD1B904,reese.landrycca1,Reese Landry,,,,,,,,,,,USA,Engineering,,reese.landrycca1@example.invalid,4972494857,Landry,Reese,,,,"Austin, TX, USA",9750141879,,,,,,,,,Software Engineer,
EMP-2A54F941E72C,kelsey.jennings2a54,Kelsey Jennings,,,,,,,,,,,USA,Engineering,,kelsey.jennings2a54@example.invalid,9083329985,Jennings,Kelsey,,,,"Atlanta, GA, USA",0159073081,,,,,,,,,Software Engineer,
EMP-BF453BF62163,priya.patilbf45,Priya Patil,,,,,,,,,,,India,Engineering,,priya.patilbf45@example.invalid,2945465850,Patil,Priya,,,,"Pune, Maharashtra, India",9886586667,,,,,,,,,Senior Software Engineer,
EMP-AFD596A85031,aubrey.jenningsafd5,Aubrey Jennings,,,,,,,,,,,Finland,Sales,,aubrey.jenningsafd5@example.invalid,6320865797,Jennings,Aubrey,,,,"Helsinki, Uusimaa, Finland",0891448944,,,,,,,,,Account Executive,
EMP-860D795C9BF4,javier.fuentes860d,Javier Fuentes,,,,,,,,,,,Mexico,Customer Success,,javier.fuentes860d@example.invalid,4440011061,Fuentes,Javier,,,,"Mexico City, Mexico",6260880146,,,,,,,,,Technical Account Manager,
EMP-87FB8B58D22F,yui.uchida87fb,Yui Uchida,,,,,,,,,,,Japan,Engineering,,yui.uchida87fb@example.invalid,7874383682,Uchida,Yui,,,,"Tokyo, Japan",0159073081,,,,,,,,,Staff Software Engineer,
EMP-50FD304CB13F,kelsey.dawson50fd,Kelsey Dawson,,,,,,,,,,,USA,Product,,kelsey.dawson50fd@example.invalid,8091411274,Dawson,Kelsey,,,,"Austin, TX, USA",4485408201,,,,,,,,,Product Manager,
EMP-BC52479C59F7,nolan.yatesbc52,Nolan Yates,,,,,,,,,,,USA,Marketing,,nolan.yatesbc52@example.invalid,4070583773,Yates,Nolan,,,,"Austin, TX, USA",1059039744,,,,,,,,,Product Marketing Manager,
EMP-A047A8E5BEEE,bruno.carrilloa047,Bruno Carrillo,,,,,,,,,,,Mexico,Customer Success,,bruno.carrilloa047@example.invalid,4119178492,Carrillo,Bruno,,,,"Mexico City, Mexico",1862102718,,,,,,,,,Customer Success Manager,
EMP-FDFADEAD9E88,sanya.kulkarnifdfa,Sanya Kulkarni,,,,,,,,,,,India,Engineering,,sanya.kulkarnifdfa@example.invalid,3043904526,Kulkarni,Sanya,,,,"Pune, Maharashtra, India",0444119676,,,,,,,,,Site Reliability Engineer,
EMP-8C14D9DCBF31,lottie.pemberton8c14,Lottie Pemberton,,,,,,,,,,,United Kingdom,Sales,,lottie.pemberton8c14@example.invalid,6967872624,Pemberton,Lottie,,,,"London, England, United Kingdom",7748760027,,,,,,,,,Solutions Engineer,
EMP-3C6EE929C857,logan.hollis3c6e,Logan Hollis,,,,,,,,,,,Guatemala,Marketing,,logan.hollis3c6e@example.invalid,5377926672,Hollis,Logan,,,,"Guatemala City, Guatemala, Guatemala",1059039744,,,,,,,,,Demand Generation Manager,
EMP-4FAE8CC4DA45,aubrey.landry4fae,Aubrey Landry,,,,,,,,,,,USA,Engineering,,aubrey.landry4fae@example.invalid,2047422598,Landry,Aubrey,,,,"Austin, TX, USA",1733969300,,,,,,,,,Staff Software Engineer,
EMP-5CDE7447E211,isabela.pena5cde,Isabela Peña,,,,,,,,,,,Mexico,Product,,isabela.pena5cde@example.invalid,8403436801,Peña,Isabela,,,,"Mexico City, Mexico",0280006242,,,,,,,,,Product Manager,
EMP-DA377F840893,sienna.waverleyda37,Sienna Waverley,,,,,,,,,,,United Kingdom,Product,,sienna.waverleyda37@example.invalid,9043692224,Waverley,Sienna,,,,"London, England, United Kingdom",0280006242,,,,,,,,,Product Manager,
EMP-83CC4FCB3858,desmond.mercier83cc,Desmond Mercier,,,,,,,,,,,Canada,People,,desmond.mercier83cc@example.invalid,8459830788,Mercier,Desmond,,,,"Toronto, Ontario, Canada",2329842297,,,,,,,,,Recruiter,
EMP-A4D6F6A39968,morgan.ellisona4d6,Morgan Ellison,,,,,,,,,,,USA,Engineering,,morgan.ellisona4d6@example.invalid,9750141879,Ellison,Morgan,,,,"Austin, TX, USA",2770923116,,,,,,,,,Engineering Manager,
EMP-CBA959F0D8D3,noa.levincba9,Noa Levin,,,,,,,,,,,Israel,Product,,noa.levincba9@example.invalid,1728259668,Levin,Noa,,,,"Tel Aviv, Israel",5977531353,,,,,,,,,Product Manager,
EMP-3A53E18912E9,gabriela.guzman3a53,Gabriela Guzmán,,,,,,,,,,,Mexico,Finance,,gabriela.guzman3a53@example.invalid,6110884012,Guzmán,Gabriela,,,,"Mexico City, Mexico",8279943807,,,,,,,,,Senior Financial Analyst,
EMP-28A477F8B2F3,rupert.fairbanks28a4,Rupert Fairbanks,,,,,,,,,,,United Kingdom,Engineering,,rupert.fairbanks28a4@example.invalid,7735548839,Fairbanks,Rupert,,,,"London, England, United Kingdom",1677006097,,,,,,,,,Senior Software Engineer,
EMP-5B8408F44589,bonnie.nugent5b84,Bonnie Nugent,,,,,,,,,,,Australia,Sales,,bonnie.nugent5b84@example.invalid,9608930240,Nugent,Bonnie,,,,"Sydney, New South Wales, Australia",3043691353,,,,,,,,,Sales Development Representative,
EMP-7905F55F788A,elliot.jennings7905,Elliot Jennings,,,,,,,,,,,USA,IT,,elliot.jennings7905@example.invalid,3865841974,Jennings,Elliot,,,,"Austin, TX, USA",2522773902,,,,,,,,,Identity Engineer,
EMP-DD4F528C19EE,camila.navadd4f,Camila Nava,,,,,,,,,,,Mexico,Finance,,camila.navadd4f@example.invalid,7226174795,Nava,Camila,,,,"Mexico City, Mexico",8279943807,,,,,,,,,Revenue Operations Analyst,
EMP-83DEC07C7A7E,ilse.boersma83de,Ilse Boersma,,,,,,,,,,,Netherlands,Sales,,ilse.boersma83de@example.invalid,4661928364,Boersma,Ilse,,,,"Amsterdam, Netherlands",0891448944,,,,,,,,,Sales Development Representative,
EMP-3CA4CAFC059C,logan.grayson3ca4,Logan Grayson,,,,,,,,,,,USA,Engineering,,logan.grayson3ca4@example.invalid,2230964440,Grayson,Logan,,,,"San Francisco, CA, USA",0159073081,,,,,,,,,Senior Software Engineer,
EMP-AFE11852AD75,aarav.chauhanafe1,Aarav Chauhan,,,,,,,,,,,India,Design,,aarav.chauhanafe1@example.invalid,9773818387,Chauhan,Aarav,,,,"Pune, Maharashtra, India",2488224667,,,,,,,,,Senior Product Designer,
EMP-6A6EA3AA7C5A,callum.pemberton6a6e,Callum Pemberton,,,,,,,,,,,United Kingdom,Customer Success,,callum.pemberton6a6e@example.invalid,8084606613,Pemberton,Callum,,,,"London, England, United Kingdom",1594822528,,,,,,,,,Senior Customer Success Manager,
EMP-DC724B16C170,dana.bennettdc72,Dana Bennett,,,,,,,,,,,USA,Engineering,,dana.bennettdc72@example.invalid,6795920861,Bennett,Dana,,,,"Austin, TX, USA",2819520465,,,,,,,,,Staff Software Engineer,
EMP-BC04F1119647,rhea.mehtabc04,Rhea Mehta,,,,,,,,,,,India,Marketing,,rhea.mehtabc04@example.invalid,6875275236,Mehta,Rhea,,,,"Pune, Maharashtra, India",1059039744,,,,,,,,,Marketing Director,
EMP-4B238BDD0986,sawyer.bennett4b23,Sawyer Bennett,,,,,,,,,,,USA,IT,,sawyer.bennett4b23@example.invalid,8493293085,Bennett,Sawyer,,,,"Austin, TX, USA",2522773902,,,,,,,,,IT Support Specialist,
EMP-2E3619DBBFEF,kirra.stanmore2e36,Kirra Stanmore,,,,,,,,,,,Australia,Sales,,kirra.stanmore2e36@example.invalid,6095727422,Stanmore,Kirra,,,,"Sydney, New South Wales, Australia",5512754459,,,,,,,,,Account Executive,
EMP-BB67B2DBD31A,carter.jenningsbb67,Carter Jennings,,,,,,,,,,,Thailand,Customer Success,,carter.jenningsbb67@example.invalid,4903048940,Jennings,Carter,,,,"Bangkok, Thailand",0774203541,,,,,,,,,Senior Customer Success Manager,
EMP-616BB1D2F7BB,archie.rutherford616b,Archie Rutherford,,,,,,,,,,,Australia,Customer Success,,archie.rutherford616b@example.invalid,3844557391,Rutherford,Archie,,,,"Sydney, New South Wales, Australia",0774203541,,,,,,,,,Senior Customer Success Manager,
EMP-013E4DC38C49,oscar.quintero013e,Óscar Quintero,,,,,,,,,,,Mexico,Customer Success,,oscar.quintero013e@example.invalid,4861569971,Quintero,Óscar,,,,"Mexico City, Mexico",6260880146,,,,,,,,,Senior Customer Success Manager,
EMP-83BAC8F16AD5,reese.vaughn83ba,Reese Vaughn,,,,,,,,,,,USA,Engineering,,reese.vaughn83ba@example.invalid,3841786488,Vaughn,Reese,,,,"Seattle, WA, USA",0159073081,,,,,,,,,Site Reliability Engineer,
EMP-CBAFA628FE9C,sawyer.sheltoncbaf,Sawyer Shelton,,,,,,,,,,,USA,Sales,,sawyer.sheltoncbaf@example.invalid,5624298836,Shelton,Sawyer,,,,"Austin, TX, USA",0891448944,,,,,,,,,Enterprise Account Executive,
EMP-1F37CE87C5D3,ananya.deshmukh1f37,Ananya Deshmukh,,,,,,,,,,,India,Engineering,,ananya.deshmukh1f37@example.invalid,1429735661,Deshmukh,Ananya,,,,"Pune, Maharashtra, India",1136502125,,,,,,,,,Staff Software Engineer,
EMP-E09DAF05E1B7,neha.kulkarnie09d,Neha Kulkarni,,,,,,,,,,,India,Engineering,,neha.kulkarnie09d@example.invalid,5636039920,Kulkarni,Neha,,,,"Pune, Maharashtra, India",7571433670,,,,,,,,,Software Engineer,
EMP-CEEAAEFDDCB5,rhea.bhattceea,Rhea Bhatt,,,,,,,,,,,India,IT,,rhea.bhattceea@example.invalid,1716289410,Bhatt,Rhea,,,,"Pune, Maharashtra, India",3824545051,,,,,,,,,Systems Administrator,
EMP-4B69AB3692E2,avery.shelton4b69,Avery Shelton,,,,,,,,,,,USA,Sales,,avery.shelton4b69@example.invalid,6280107821,Shelton,Avery,,,,"Austin, TX, USA",0891448944,,,,,,,,,Senior Account Executive,
EMP-75DD9117EEEA,nolan.kirby75dd,Nolan Kirby,,,,,,,,,,,USA,People,,nolan.kirby75dd@example.invalid,4269232348,Kirby,Nolan,,,,"Austin, TX, USA",2329842297,,,,,,,,,Director of People,
EMP-44FF93A01290,oscar.bautista44ff,Óscar Bautista,,,,,,,,,,,Mexico,Engineering,,oscar.bautista44ff@example.invalid,9355801297,Bautista,Óscar,,,,"Monterrey, Nuevo León, Mexico",1350612646,,,,,,,,,Software Engineer,
EMP-8E5582993188,cameron.dawson8e55,Cameron Dawson,,,,,,,,,,,Germany,Sales,,cameron.dawson8e55@example.invalid,0878783182,Dawson,Cameron,,,,"Frankfurt am Main, Hesse, Germany",0891448944,,,,,,,,,Account Executive,
EMP-A642E2B47706,farhan.patila642,Farhan Patil,,,,,,,,,,,India,People,,farhan.patila642@example.invalid,3477876451,Patil,Farhan,,,,"Pune, Maharashtra, India",4251680745,,,,,,,,,Recruiter,
EMP-D655C6A4B831,rohan.raod655,Rohan Rao,,,,,,,,,,,India,Engineering,,rohan.raod655@example.invalid,7904181013,Rao,Rohan,,,,"Pune, Maharashtra, India",2552767769,,,,,,,,,Senior Software Engineer,
EMP-DCB9607B9FB7,devika.reddydcb9,Devika Reddy,,,,,,,,,,,India,Engineering,,devika.reddydcb9@example.invalid,3112495949,Reddy,Devika,,,,"Pune, Maharashtra, India",1136502125,,,,,,,,,Software Engineer,
EMP-2BD28497CA75,devika.sharma2bd2,Devika Sharma,,,,,,,,,,,India,Engineering,,devika.sharma2bd2@example.invalid,6211768179,Sharma,Devika,,,,"Pune, Maharashtra, India",0444119676,,,,,,,,,Site Reliability Engineer,
EMP-7E3B33F79D58,tamar.regev7e3b,Tamar Regev,,,,,,,,,,,Israel,Product,,tamar.regev7e3b@example.invalid,0994617587,Regev,Tamar,,,,"Tel Aviv, Israel",5977531353,,,,,,,,,Product Manager,
EMP-FC57F4AFA34E,noa.yaronfc57,Noa Yaron,,,,,,,,,,,Israel,IT,,noa.yaronfc57@example.invalid,5727935851,Yaron,Noa,,,,"Tel Aviv, Israel",2203223627,,,,,,,,,IT Support Specialist,
EMP-F0662C72C918,mateo.quinterof066,Mateo Quintero,,,,,,,,,,,Mexico,Sales,,mateo.quinterof066@example.invalid,8238935109,Quintero,Mateo,,,,"Mexico City, Mexico",7518950386,,,,,,,,,Enterprise Account Executive,
EMP-CB4BCCF0C24F,kelsey.bennettcb4b,Kelsey Bennett,,,,,,,,,,,USA,IT,,kelsey.bennettcb4b@example.invalid,7376848747,Bennett,Kelsey,,,,"Austin, TX, USA",2203223627,,,,,,,,,IT Manager,
EMP-8C45335202D1,aarav.chauhan8c45,Aarav Chauhan,,,,,,,,,,,India,Engineering,,aarav.chauhan8c45@example.invalid,6030538551,Chauhan,Aarav,,,,"Pune, Maharashtra, India",1805818302,,,,,,,,,Engineering Manager,
EMP-73FB83FA7AE8,avery.ellison73fb,Avery Ellison,,,,,,,,,,,USA,Finance,,avery.ellison73fb@example.invalid,5343189020,Ellison,Avery,,,,"Austin, TX, USA",0067001250,,,,,,,,,Accountant,
EMP-3C7BCF0D09F8,devika.rao3c7b,Devika Rao,,,,,,,,,,,India,Engineering,,devika.rao3c7b@example.invalid,9319876158,Rao,Devika,,,,"Pune, Maharashtra, India",4307339367,,,,,,,,,Senior Software Engineer,
EMP-D878ECEC414D,elliot.fosterd878,Elliot Foster,,,,,,,,,,,USA,Product,,elliot.fosterd878@example.invalid,8849732806,Foster,Elliot,,,,"Austin, TX, USA",4485408201,,,,,,,,,Senior Product Manager,
EMP-99224323738C,riley.bennett9922,Riley Bennett,,,,,,,,,,,USA,Product,,riley.bennett9922@example.invalid,6552651538,Bennett,Riley,,,,"Austin, TX, USA",2913310464,,,,,,,,,Product Manager,
EMP-C62576F3CA15,elliot.ashfordc625,Elliot Ashford,,,,,,,,,,,USA,IT,,elliot.ashfordc625@example.invalid,3087589654,Ashford,Elliot,,,,"Austin, TX, USA",7526217330,,,,,,,,,IT Operations Engineer,
EMP-A1C04C40965B,poppy.northcotta1c0,Poppy Northcott,,,,,,,,,,,United Kingdom,Sales,,poppy.northcotta1c0@example.invalid,5919045323,Northcott,Poppy,,,,"London, England, United Kingdom",7748760027,,,,,,,,,Account Executive,
EMP-F5AF24DBC460,mathis.villeneuvef5af,Mathis Villeneuve,,,,,,,,,,,France,Sales,,mathis.villeneuvef5af@example.invalid,6527835203,Villeneuve,Mathis,,,,"Paris, France",0891448944,,,,,,,,,Solutions Engineer,
EMP-57B8166BD97F,morgan.yates57b8,Morgan Yates,,,,,,,,,,,USA,Engineering,,morgan.yates57b8@example.invalid,9480821975,Yates,Morgan,,,,"Salt Lake City, UT, USA",6026568383,,,,,,,,,Quality Engineer,
EMP-63DF3160064B,lucia.alvarado63df,Lucía Alvarado,,,,,,,,,,,Mexico,Customer Success,,lucia.alvarado63df@example.invalid,8053551440,Alvarado,Lucía,,,,"Mexico City, Mexico",1862102718,,,,,,,,,Support Engineer,
EMP-2609D5CE15A2,blake.kirby2609,Blake Kirby,,,,,,,,,,,USA,Engineering,,blake.kirby2609@example.invalid,9334621065,Kirby,Blake,,,,"Austin, TX, USA",8881303837,,,,,,,,,Senior Software Engineer,
EMP-4260ABF0E6EC,aubrey.yates4260,Aubrey Yates,,,,,,,,,,,USA,Finance,,aubrey.yates4260@example.invalid,5422225188,Yates,Aubrey,,,,"Austin, TX, USA",0067001250,,,,,,,,,Accountant,
EMP-2AE1E233B49C,avigail.tal2ae1,Avigail Tal,,,,,,,,,,,Israel,Sales,,avigail.tal2ae1@example.invalid,1054228465,Tal,Avigail,,,,"Tel Aviv, Israel",0891448944,,,,,,,,,Solutions Engineer,
EMP-79C0B97513E1,hector.nava79c0,Héctor Nava,,,,,,,,,,,Mexico,Finance,,hector.nava79c0@example.invalid,6613605889,Nava,Héctor,,,,"Mexico City, Mexico",7952165368,,,,,,,,,Senior Financial Analyst,
EMP-23EEDB61E54F,owen.tremblay23ee,Owen Tremblay,,,,,,,,,,,Canada,Customer Success,,owen.tremblay23ee@example.invalid,9290117971,Tremblay,Owen,,,,"Toronto, Ontario, Canada",3809158307,,,,,,,,,Support Engineer,
EMP-C1557B7487F4,kelsey.carverc155,Kelsey Carver,,,,,,,,,,,USA,Marketing,,kelsey.carverc155@example.invalid,2767867168,Carver,Kelsey,,,,"Austin, TX, USA",1059039744,,,,,,,,,Product Marketing Manager,
EMP-F67756514500,jordan.ellisonf677,Jordan Ellison,,,,,,,,,,,USA,Engineering,,jordan.ellisonf677@example.invalid,2608871829,Ellison,Jordan,,,,"Austin, TX, USA",4394152190,,,,,,,,,Software Engineer,
EMP-5070A45635E6,damien.thibault5070,Damien Thibault,,,,,,,,,,,France,Marketing,,damien.thibault5070@example.invalid,0604297008,Thibault,Damien,,,,"Paris, France",1059039744,,,,,,,,,Demand Generation Manager,
EMP-777B2F50C1A2,rin.shimizu777b,Rin Shimizu,,,,,,,,,,,Japan,Sales,,rin.shimizu777b@example.invalid,6541391850,Shimizu,Rin,,,,"Tokyo, Japan",0891448944,,,,,,,,,Senior Account Executive,
EMP-0690CFFBEBCA,tanner.ramsey0690,Tanner Ramsey,,,,,,,,,,,USA,Engineering,,tanner.ramsey0690@example.invalid,1773548666,Ramsey,Tanner,,,,"Minneapolis, MN, USA",0159073081,,,,,,,,,Senior Software Engineer,
EMP-927F055DA0E6,peyton.foster927f,Peyton Foster,,,,,,,,,,,USA,Engineering,,peyton.foster927f@example.invalid,1269276029,Foster,Peyton,,,,"Denver, CO, USA",0159073081,,,,,,,,,Software Engineer,
EMP-D406850AF532,eva.dekkerd406,Eva Dekker,,,,,,,,,,,Netherlands,Sales,,eva.dekkerd406@example.invalid,8010888264,Dekker,Eva,,,,"Amsterdam, Netherlands",0891448944,,,,,,,,,Account Executive,
EMP-9B30C1792F44,avery.vaughn9b30,Avery Vaughn,,,,,,,,,,,USA,Sales,,avery.vaughn9b30@example.invalid,0989191950,Vaughn,Avery,,,,"Austin, TX, USA",0891448944,,,,,,,,,Senior Account Executive,
EMP-AEEE1A0C476A,oliver.merrickaeee,Oliver Merrick,,,,,,,,,,,United Kingdom,Customer Success,,oliver.merrickaeee@example.invalid,7096693014,Merrick,Oliver,,,,"London, England, United Kingdom",0774203541,,,,,,,,,Director of Customer Success,
EMP-2704D2ECE6C1,aubrey.foster2704,Aubrey Foster,,,,,,,,,,,USA,Engineering,,aubrey.foster2704@example.invalid,2311615037,Foster,Aubrey,,,,"Austin, TX, USA",1762759458,,,,,,,,,Software Engineer,
EMP-B47FB502A1FA,aoi.kawaguchib47f,Aoi Kawaguchi,,,,,,,,,,,Japan,Customer Success,,aoi.kawaguchib47f@example.invalid,1781372682,Kawaguchi,Aoi,,,,"Tokyo, Japan",0774203541,,,,,,,,,Senior Customer Success Manager,
EMP-3C54B71DDA72,rhea.kulkarni3c54,Rhea Kulkarni,,,,,,,,,,,India,Engineering,,rhea.kulkarni3c54@example.invalid,9166225446,Kulkarni,Rhea,,,,"Pune, Maharashtra, India",3276728611,,,,,,,,,Software Engineer,
EMP-AB30F676EA46,adi.katzab30,Adi Katz,,,,,,,,,,,Israel,Engineering,,adi.katzab30@example.invalid,9964864695,Katz,Adi,,,,"Tel Aviv, Israel",8991844032,,,,,,,,,Site Reliability Engineer,
EMP-B7FD37238798,nolan.carverb7fd,Nolan Carver,,,,,,,,,,,USA,Sales,,nolan.carverb7fd@example.invalid,3786924875,Carver,Nolan,,,,"Raleigh, NC, USA",0891448944,,,,,,,,,Senior Account Executive,
EMP-D3CC06FA4B70,camila.mendozad3cc,Camila Mendoza,,,,,,,,,,,Mexico,IT,,camila.mendozad3cc@example.invalid,9329022060,Mendoza,Camila,,,,"Mexico City, Mexico",2203223627,,,,,,,,,IT Manager,
EMP-713B9A7C98D7,skyler.shelton713b,Skyler Shelton,,,,,,,,,,,USA,Sales,,skyler.shelton713b@example.invalid,9842687552,Shelton,Skyler,,,,"Austin, TX, USA",0891448944,,,,,,,,,Senior Account Executive,
EMP-DF5B9981338A,nolan.piercedf5b,Nolan Pierce,,,,,,,,,,,USA,Engineering,,nolan.piercedf5b@example.invalid,3533165680,Pierce,Nolan,,,,"Austin, TX, USA",9750141879,,,,,,,,,Software Engineer,
EMP-3A216E368441,quinn.grayson3a21,Quinn Grayson,,,,,,,,,,,USA,Customer Success,,quinn.grayson3a21@example.invalid,8857416038,Grayson,Quinn,,,,"Austin, TX, USA",3932728268,,,,,,,,,Customer Success Manager,
EMP-B77B09C632B4,sawyer.nortonb77b,Sawyer Norton,,,,,,,,,,,USA,Sales,,sawyer.nortonb77b@example.invalid,7935078598,Norton,Sawyer,,,,"Austin, TX, USA",0891448944,,,,,,,,,Enterprise Account Executive,
EMP-86C38F6F930A,daisy.radcliffe86c3,Daisy Radcliffe,,,,,,,,,,,United Kingdom,Finance,,daisy.radcliffe86c3@example.invalid,0912019108,Radcliffe,Daisy,,,,"London, England, United Kingdom",4316997889,,,,,,,,,Senior Financial Analyst,
EMP-004FAEFFBB19,emile.beaudry004f,Émile Beaudry,,,,,,,,,,,Canada,Design,,emile.beaudry004f@example.invalid,6539029999,Beaudry,Émile,,,,"Calgary, Alberta, Canada",2226904486,,,,,,,,,UX Researcher,
EMP-5CD921A187A0,natalia.bautista5cd9,Natalia Bautista,,,,,,,,,,,Mexico,Customer Success,,natalia.bautista5cd9@example.invalid,9084489900,Bautista,Natalia,,,,"Mexico City, Mexico",6260880146,,,,,,,,,Customer Success Manager,
EMP-2D07BB706E50,kelsey.bennett2d07,Kelsey Bennett,,,,,,,,,,,USA,Finance,,kelsey.bennett2d07@example.invalid,8105210799,Bennett,Kelsey,,,,"Austin, TX, USA",0067001250,,,,,,,,,Revenue Operations Analyst,
EMP-16662CA8A3BB,harper.marsh1666,Harper Marsh,,,,,,,,,,,USA,Finance,,harper.marsh1666@example.invalid,9272018530,Marsh,Harper,,,,"Seattle, WA, USA",0067001250,,,,,,,,,Revenue Operations Analyst,
EMP-4AE089CC0C57,nikhil.gokhale4ae0,Nikhil Gokhale,,,,,,,,,,,India,Finance,,nikhil.gokhale4ae0@example.invalid,3063258882,Gokhale,Nikhil,,,,"Pune, Maharashtra, India",8806961831,,,,,,,,,Accountant,
EMP-98F49E67F83A,carter.grayson98f4,Carter Grayson,,,,,,,,,,,USA,People,,carter.grayson98f4@example.invalid,7465868871,Grayson,Carter,,,,"Austin, TX, USA",4269232348,,,,,,,,,People Operations Specialist,
EMP-1552F8796AEC,elena.bautista1552,Elena Bautista,,,,,,,,,,,Mexico,Customer Success,,elena.bautista1552@example.invalid,3255407873,Bautista,Elena,,,,"Mexico City, Mexico",6260880146,,,,,,,,,Support Engineer,
EMP-3988821D84D6,blake.kirby3988,Blake Kirby,,,,,,,,,,,USA,Product,,blake.kirby3988@example.invalid,0288835875,Kirby,Blake,,,,"Austin, TX, USA",4485408201,,,,,,,,,Senior Product Manager,
EMP-2D06EEA86D48,hina.nakagawa2d06,Hina Nakagawa,,,,,,,,,,,Japan,Customer Success,,hina.nakagawa2d06@example.invalid,8722425585,Nakagawa,Hina,,,,"Tokyo, Japan",0774203541,,,,,,,,,Senior Customer Success Manager,
EMP-9584FA0BE3BA,diego.carrillo9584,Diego Carrillo,,,,,,,,,,,Mexico,Product,,diego.carrillo9584@example.invalid,7549323939,Carrillo,Diego,,,,"Mexico City, Mexico",0280006242,,,,,,,,,Senior Product Manager,
EMP-BBB096CBA9D6,kelsey.ellisonbbb0,Kelsey Ellison,,,,,,,,,,,Luxembourg,Sales,,kelsey.ellisonbbb0@example.invalid,2465561751,Ellison,Kelsey,,,,"Luxembourg, Luxembourg",0891448944,,,,,,,,,Account Executive,
EMP-56CCE3D7B431,elena.jimenez56cc,Elena Jiménez,,,,,,,,,,,Mexico,Finance,,elena.jimenez56cc@example.invalid,8091390562,Jiménez,Elena,,,,"Mexico City, Mexico",8279943807,,,,,,,,,Senior Financial Analyst,
EMP-4BE1B3C1A064,fernando.fuentes4be1,Fernando Fuentes,,,,,,,,,,,Mexico,Sales,,fernando.fuentes4be1@example.invalid,6805524379,Fuentes,Fernando,,,,"Mexico City, Mexico",9530444629,,,,,,,,,Senior Account Executive,
EMP-80B155A0B617,tanner.yates80b1,Tanner Yates,,,,,,,,,,,USA,Customer Success,,tanner.yates80b1@example.invalid,6470671176,Yates,Tanner,,,,"Austin, TX, USA",2668820698,,,,,,,,,Technical Account Manager,
EMP-59E8AFE1AE1A,sienna.cartwright59e8,Sienna Cartwright,,,,,,,,,,,United Kingdom,Customer Success,,sienna.cartwright59e8@example.invalid,7795920934,Cartwright,Sienna,,,,"London, England, United Kingdom",3151268880,,,,,,,,,Customer Success Manager,
EMP-D29F8596F268,ishaan.shettyd29f,Ishaan Shetty,,,,,,,,,,,India,Engineering,,ishaan.shettyd29f@example.invalid,2620402485,Shetty,Ishaan,,,,"Pune, Maharashtra, India",1805818302,,,,,,,,,Engineering Manager,
EMP-75EB48CAF3B2,paola.fuentes75eb,Paola Fuentes,,,,,,,,,,,Mexico,Engineering,,paola.fuentes75eb@example.invalid,8473700052,Fuentes,Paola,,,,"Mexico City, Mexico",7104724007,,,,,,,,,Software Engineer,
EMP-2B00CB52DBA6,mateo.bautista2b00,Mateo Bautista,,,,,,,,,,,Mexico,Sales,,mateo.bautista2b00@example.invalid,0363768335,Bautista,Mateo,,,,"Mexico City, Mexico",7518950386,,,,,,,,,Account Executive,
EMP-1F076C286AFB,quinn.vaughn1f07,Quinn Vaughn,,,,,,,,,,,USA,Engineering,,quinn.vaughn1f07@example.invalid,0862105060,Vaughn,Quinn,,,,"Austin, TX, USA",8248583648,,,,,,,,,Senior Software Engineer,
EMP-2977C3ED5AE4,rodrigo.escobar2977,Rodrigo Escobar,,,,,,,,,,,Mexico,Finance,,rodrigo.escobar2977@example.invalid,1983188501,Escobar,Rodrigo,,,,"Mexico City, Mexico",7952165368,,,,,,,,,Accountant,
EMP-97EF2EC7129B,indi.lawson97ef,Indi Lawson,,,,,,,,,,,Australia,Sales,,indi.lawson97ef@example.invalid,1706544283,Lawson,Indi,,,,"Sydney, New South Wales, Australia",3043691353,,,,,,,,,Senior Account Executive,
EMP-D1C6B16EBE0D,fernando.fuentesd1c6,Fernando Fuentes,,,,,,,,,,,Mexico,People,,fernando.fuentesd1c6@example.invalid,8508755781,Fuentes,Fernando,,,,"Mexico City, Mexico",2329842297,,,,,,,,,Senior Recruiter,
EMP-123164832641,shira.dahan1231,Shira Dahan,,,,,,,,,,,Israel,Sales,,shira.dahan1231@example.invalid,0986873494,Dahan,Shira,,,,"Tel Aviv, Israel",0891448944,,,,,,,,,Account Executive,
EMP-A12705338503,avigail.avrahama127,Avigail Avraham,,,,,,,,,,,Israel,Sales,,avigail.avrahama127@example.invalid,3031156201,Avraham,Avigail,,,,"Tel Aviv, Israel",0891448944,,,,,,,,,Senior Account Executive,
EMP-E0FA9BF69706,sawyer.piercee0fa,Sawyer Pierce,,,,,,,,,,,USA,Sales,,sawyer.piercee0fa@example.invalid,2071600109,Pierce,Sawyer,,,,"San Francisco, CA, USA",0891448944,,,,,,,,,Senior Account Executive,
EMP-1BC5252365A9,aubrey.shelton1bc5,Aubrey Shelton,,,,,,,,,,,USA,Marketing,,aubrey.shelton1bc5@example.invalid,3395764903,Shelton,Aubrey,,,,"Austin, TX, USA",1059039744,,,,,,,,,Content Marketing Manager,
EMP-008BD5EF86AC,isabela.jimenez008b,Isabela Jiménez,,,,,,,,,,,Mexico,Customer Success,,isabela.jimenez008b@example.invalid,6496118641,Jiménez,Isabela,,,,"Mexico City, Mexico",6260880146,,,,,,,,,Customer Success Manager,
EMP-C5A7B5A253FE,priya.gokhalec5a7,Priya Gokhale,,,,,,,,,,,India,Customer Success,,priya.gokhalec5a7@example.invalid,5380984722,Gokhale,Priya,,,,"Pune, Maharashtra, India",4373359127,,,,,,,,,Customer Success Manager,
EMP-C8292249787F,daniel.regevc829,Daniel Regev,,,,,,,,,,,Israel,Engineering,,daniel.regevc829@example.invalid,0580277528,Regev,Daniel,,,,"Tel Aviv, Israel",9612623308,,,,,,,,,Staff Software Engineer,
EMP-0FFAF3187215,skyler.whitaker0ffa,Skyler Whitaker,,,,,,,,,,,USA,Engineering,,skyler.whitaker0ffa@example.invalid,1065332533,Whitaker,Skyler,,,,"Austin, TX, USA",8579368349,,,,,,,,,Quality Engineer,
EMP-90F9A07F5177,rohan.verma90f9,Rohan Verma,,,,,,,,,,,India,Engineering,,rohan.verma90f9@example.invalid,9350648816,Verma,Rohan,,,,"Pune, Maharashtra, India",5895814967,,,,,,,,,Software Engineer,
EMP-D0FE6E714312,mateo.mendozad0fe,Mateo Mendoza,,,,,,,,,,,Mexico,Sales,,mateo.mendozad0fe@example.invalid,6709184647,Mendoza,Mateo,,,,"Mexico City, Mexico",7518950386,,,,,,,,,Account Executive,
EMP-B2F025CF1C00,daisy.northcottb2f0,Daisy Northcott,,,,,,,,,,,United Kingdom,People,,daisy.northcottb2f0@example.invalid,4619995689,Northcott,Daisy,,,,"London, England, United Kingdom",7150696066,,,,,,,,,Recruiter,
EMP-1A2BD556730B,roni.katz1a2b,Roni Katz,,,,,,,,,,,Israel,Engineering,,roni.katz1a2b@example.invalid,6258697929,Katz,Roni,,,,"Tel Aviv, Israel",2079722361,,,,,,,,,Software Engineer,
EMP-B369A8F080A2,manish.shettyb369,Manish Shetty,,,,,,,,,,,India,Sales,,manish.shettyb369@example.invalid,6247449561,Shetty,Manish,,,,"Pune, Maharashtra, India",7693206320,,,,,,,,,Sales Development Representative,
EMP-F0C55700D3C2,eva.smitsf0c5,Eva Smits,,,,,,,,,,,Netherlands,Customer Success,,eva.smitsf0c5@example.invalid,0579079084,Smits,Eva,,,,"Amsterdam, Netherlands",5486230153,,,,,,,,,Technical Account Manager,
EMP-3A60AD2C5814,lucia.lozano3a60,Lucía Lozano,,,,,,,,,,,Mexico,Marketing,,lucia.lozano3a60@example.invalid,7931947294,Lozano,Lucía,,,,"Tijuana, Baja California, Mexico",1059039744,,,,,,,,,Product Marketing Manager,
EMP-BB18973E3092,nell.blackwoodbb18,Nell Blackwood,,,,,,,,,,,United Kingdom,Sales,,nell.blackwoodbb18@example.invalid,7892278926,Blackwood,Nell,,,,"London, England, United Kingdom",7748760027,,,,,,,,,Sales Development Representative,
EMP-27E5A9818219,hector.fuentes27e5,Héctor Fuentes,,,,,,,,,,,Mexico,Sales,,hector.fuentes27e5@example.invalid,0844541890,Fuentes,Héctor,,,,"Mexico City, Mexico",9812394783,,,,,,,,,Account Executive,
EMP-17AE015AC313,jordan.whitaker17ae,Jordan Whitaker,,,,,,,,,,,USA,Design,,jordan.whitaker17ae@example.invalid,8151509125,Whitaker,Jordan,,,,"Austin, TX, USA",8721934737,,,,,,,,,UX Researcher,
EMP-FD8FFCE0AE2F,isla.nadeaufd8f,Isla Nadeau,,,,,,,,,,,Canada,Engineering,,isla.nadeaufd8f@example.invalid,5190613313,Nadeau,Isla,,,,"Calgary, Alberta, Canada",0159073081,,,,,,,,,Quality Engineer,
EMP-49AC518F47D4,lior.barkai49ac,Lior Barkai,,,,,,,,,,,Israel,Design,,lior.barkai49ac@example.invalid,6590266012,Barkai,Lior,,,,"Tel Aviv, Israel",2226904486,,,,,,,,,Senior Product Designer,
EMP-2587F224606C,nikhil.gokhale2587,Nikhil Gokhale,,,,,,,,,,,India,Engineering,,nikhil.gokhale2587@example.invalid,9309744476,Gokhale,Nikhil,,,,"Pune, Maharashtra, India",4191161724,,,,,,,,,Site Reliability Engineer,
EMP-F0941A5B4E96,peyton.ashfordf094,Peyton Ashford,,,,,,,,,,,USA,Engineering,,peyton.ashfordf094@example.invalid,5118707653,Ashford,Peyton,,,,"Austin, TX, USA",1733969300,,,,,,,,,Senior Software Engineer,
EMP-8D6F1A38BF01,dana.jennings8d6f,Dana Jennings,,,,,,,,,,,USA,Customer Success,,dana.jennings8d6f@example.invalid,2787730422,Jennings,Dana,,,,"Austin, TX, USA",3932728268,,,,,,,,,Support Engineer,
EMP-662081884402,quinn.carver6620,Quinn Carver,,,,,,,,,,,USA,Finance,,quinn.carver6620@example.invalid,3379951865,Carver,Quinn,,,,"Washington, DC, USA",0067001250,,,,,,,,,Controller,
EMP-B31EC165BAFF,peyton.ramseyb31e,Peyton Ramsey,,,,,,,,,,,USA,Product,,peyton.ramseyb31e@example.invalid,4763597217,Ramsey,Peyton,,,,"Austin, TX, USA",2913310464,,,,,,,,,Product Manager,
EMP-C7C8414C534B,george.merrickc7c8,George Merrick,,,,,,,,,,,United Kingdom,Sales,,george.merrickc7c8@example.invalid,4960541703,Merrick,George,,,,"London, England, United Kingdom",7748760027,,,,,,,,,Solutions Engineer,
EMP-C3E492C1E62E,sienna.quinlanc3e4,Sienna Quinlan,,,,,,,,,,,Australia,Marketing,,sienna.quinlanc3e4@example.invalid,3574120591,Quinlan,Sienna,,,,"Sydney, New South Wales, Australia",1059039744,,,,,,,,,Marketing Specialist,
EMP-1A7BD1ED43EE,lucia.guzman1a7b,Lucía Guzmán,,,,,,,,,,,Mexico,Sales,,lucia.guzman1a7b@example.invalid,4098674903,Guzmán,Lucía,,,,"Monterrey, Nuevo León, Mexico",0891448944,,,,,,,,,Solutions Engineer,
EMP-A2854C09A05A,oliver.thornburya285,Oliver Thornbury,,,,,,,,,,,United Kingdom,Finance,,oliver.thornburya285@example.invalid,0275533882,Thornbury,Oliver,,,,"London, England, United Kingdom",4316997889,,,,,,,,,Accountant,
EMP-872265D0EC94,kavya.patil8722,Kavya Patil,,,,,,,,,,,India,Engineering,,kavya.patil8722@example.invalid,2325172955,Patil,Kavya,,,,"Pune, Maharashtra, India",6163396241,,,,,,,,,Senior Software Engineer,
EMP-65AAE0D5452E,priya.reddy65aa,Priya Reddy,,,,,,,,,,,India,Engineering,,priya.reddy65aa@example.invalid,0464887685,Reddy,Priya,,,,"Pune, Maharashtra, India",4191161724,,,,,,,,,Senior Software Engineer,
EMP-2BB8061C1A07,priya.patil2bb8,Priya Patil,,,,,,,,,,,India,Engineering,,priya.patil2bb8@example.invalid,7111228505,Patil,Priya,,,,"Pune, Maharashtra, India",6163396241,,,,,,,,,Software Engineer,
EMP-46DBC3B4CEFA,riley.ashford46db,Riley Ashford,,,,,,,,,,,USA,Legal,,riley.ashford46db@example.invalid,3888621176,Ashford,Riley,,,,"Seattle, WA, USA",0400249940,,,,,,,,,Corporate Counsel,
EMP-9F9E753B6351,rahul.deshmukh9f9e,Rahul Deshmukh,,,,,,,,,,,India,Engineering,,rahul.deshmukh9f9e@example.invalid,6280658629,Deshmukh,Rahul,,,,"Pune, Maharashtra, India",1060967885,,,,,,,,,Senior Software Engineer,
EMP-AF8B5454FE09,kelsey.sheltonaf8b,Kelsey Shelton,,,,,,,,,,,Germany,Customer Success,,kelsey.sheltonaf8b@example.invalid,2416190652,Shelton,Kelsey,,,,"Berlin, State of Berlin, Germany",0774203541,,,,,,,,,Technical Account Manager,
EMP-9B335559F3BF,riley.tate9b33,Riley Tate,,,,,,,,,,,USA,Product,,riley.tate9b33@example.invalid,4520967625,Tate,Riley,,,,"Austin, TX, USA",0280006242,,,,,,,,,Product Manager,
EMP-966D1ED6FEB5,blake.tate966d,Blake Tate,,,,,,,,,,,USA,Engineering,,blake.tate966d@example.invalid,6895802538,Tate,Blake,,,,"Austin, TX, USA",0159073081,,,,,,,,,Director of Engineering,
EMP-258EFA462842,imogen.waverley258e,Imogen Waverley,,,,,,,,,,,United Kingdom,People,,imogen.waverley258e@example.invalid,5326322254,Waverley,Imogen,,,,"London, England, United Kingdom",7150696066,,,,,,,,,Senior Recruiter,
EMP-FD82867444EB,freya.merrickfd82,Freya Merrick,,,,,,,,,,,United Kingdom,Engineering,,freya.merrickfd82@example.invalid,2498754262,Merrick,Freya,,,,"London, England, United Kingdom",1677006097,,,,,,,,,Software Engineer,
EMP-88B8C9815F17,cameron.ashford88b8,Cameron Ashford,,,,,,,,,,,USA,Engineering,,cameron.ashford88b8@example.invalid,2356281084,Ashford,Cameron,,,,"Austin, TX, USA",2277742130,,,,,,,,,Staff Software Engineer,
EMP-63EF6A526E57,morgan.pierce63ef,Morgan Pierce,,,,,,,,,,,USA,Engineering,,morgan.pierce63ef@example.invalid,1459829325,Pierce,Morgan,,,,"Minneapolis, MN, USA",0159073081,,,,,,,,,Software Engineer,
EMP-4E93BEDBF45A,mathis.gauthier4e93,Mathis Gauthier,,,,,,,,,,,France,Engineering,,mathis.gauthier4e93@example.invalid,8441526377,Gauthier,Mathis,,,,"Paris, France",3676826529,,,,,,,,,Senior Software Engineer,
EMP-D84227A29675,tanner.ellisond842,Tanner Ellison,,,,,,,,,,,USA,Engineering,,tanner.ellisond842@example.invalid,9917793258,Ellison,Tanner,,,,"Honolulu, HI, USA",0295635594,,,,,,,,,Engineering Manager,
EMP-FF11E5B2B205,amit.giladff11,Amit Gilad,,,,,,,,,,,Israel,Customer Success,,amit.giladff11@example.invalid,9929366715,Gilad,Amit,,,,"Tel Aviv, Israel",0774203541,,,,,,,,,Senior Customer Success Manager,
EMP-4829E1FBA731,peyton.carver4829,Peyton Carver,,,,,,,,,,,USA,Sales,,peyton.carver4829@example.invalid,5734022684,Carver,Peyton,,,,"Austin, TX, USA",0891448944,,,,,,,,,Solutions Engineer,
EMP-6B11E56A3358,quinn.dawson6b11,Quinn Dawson,,,,,,,,,,,USA,Finance,,quinn.dawson6b11@example.invalid,0953074819,Dawson,Quinn,,,,"Austin, TX, USA",0067001250,,,,,,,,,Revenue Operations Analyst,
EMP-68426B944153,diego.mendoza6842,Diego Mendoza,,,,,,,,,,,Mexico,Engineering,,diego.mendoza6842@example.invalid,2902751011,Mendoza,Diego,,,,"Guadalajara, Jalisco, Mexico",1783480108,,,,,,,,,Staff Software Engineer,
EMP-7FDACA61DEA1,sawyer.kirby7fda,Sawyer Kirby,,,,,,,,,,,USA,Marketing,,sawyer.kirby7fda@example.invalid,9435537522,Kirby,Sawyer,,,,"Austin, TX, USA",1059039744,,,,,,,,,Product Marketing Manager,
EMP-59AB1BDD5D31,ishaan.joshi59ab,Ishaan Joshi,,,,,,,,,,,India,Engineering,,ishaan.joshi59ab@example.invalid,7958328295,Joshi,Ishaan,,,,"Pune, Maharashtra, India",2574715791,,,,,,,,,Principal Engineer,
EMP-307C2A9FB0A3,harper.marsh307c,Harper Marsh,,,,,,,,,,,USA,Sales,,harper.marsh307c@example.invalid,6284348870,Marsh,Harper,,,,"Austin, TX, USA",0891448944,,,,,,,,,Enterprise Account Executive,
EMP-A14D1AB1CB40,devika.kulkarnia14d,Devika Kulkarni,,,,,,,,,,,India,Engineering,,devika.kulkarnia14d@example.invalid,4234686089,Kulkarni,Devika,,,,"Pune, Maharashtra, India",6163396241,,,,,,,,,Senior Software Engineer,
EMP-2963E63F4A14,freya.ashworth2963,Freya Ashworth,,,,,,,,,,,United Kingdom,Design,,freya.ashworth2963@example.invalid,7749603965,Ashworth,Freya,,,,"London, England, United Kingdom",2226904486,,,,,,,,,Senior Product Designer,
EMP-CF7384C7E252,ishaan.naircf73,Ishaan Nair,,,,,,,,,,,India,IT,,ishaan.naircf73@example.invalid,2203223627,Nair,Ishaan,,,,"Pune, Maharashtra, India",0067001250,,,,,,,,,IT Manager,
EMP-F13B386076B5,hector.alvaradof13b,Héctor Alvarado,,,,,,,,,,,Mexico,Customer Success,,hector.alvaradof13b@example.invalid,3726205083,Alvarado,Héctor,,,,"Mexico City, Mexico",6260880146,,,,,,,,,Customer Success Manager,
EMP-C496A6D9B56B,cameron.dawsonc496,Cameron Dawson,,,,,,,,,,,USA,Engineering,,cameron.dawsonc496@example.invalid,1922334318,Dawson,Cameron,,,,"San Diego, CA, USA",9569062306,,,,,,,,,Site Reliability Engineer,
EMP-42130D27B52B,bryn.cormier4213,Bryn Cormier,,,,,,,,,,,Canada,People,,bryn.cormier4213@example.invalid,5255180132,Cormier,Bryn,,,,"Vancouver, British Columbia, Canada",2329842297,,,,,,,,,Senior Recruiter,
EMP-778EAF9130AB,blake.ramsey778e,Blake Ramsey,,,,,,,,,,,USA,Customer Success,,blake.ramsey778e@example.invalid,5328030828,Ramsey,Blake,,,,"Chicago, IL, USA",0774203541,,,,,,,,,Customer Success Manager,
EMP-E15EA26E8F99,oliver.lockharte15e,Oliver Lockhart,,,,,,,,,,,United Kingdom,Sales,,oliver.lockharte15e@example.invalid,2083889412,Lockhart,Oliver,,,,"London, England, United Kingdom",7748760027,,,,,,,,,Sales Development Representative,
EMP-1D50D6358C28,skyler.bennett1d50,Skyler Bennett,,,,,,,,,,,USA,Engineering,,skyler.bennett1d50@example.invalid,0709840652,Bennett,Skyler,,,,"Austin, TX, USA",2976662870,,,,,,,,,Software Engineer,
EMP-C69155273270,javier.jimenezc691,Javier Jiménez,,,,,,,,,,,Mexico,Customer Success,,javier.jimenezc691@example.invalid,7971122107,Jiménez,Javier,,,,"Mexico City, Mexico",1710814652,,,,,,,,,Customer Success Manager,
EMP-65C159DE9374,nolan.tate65c1,Nolan Tate,,,,,,,,,,,USA,Customer Success,,nolan.tate65c1@example.invalid,0827396581,Tate,Nolan,,,,"Austin, TX, USA",3932728268,,,,,,,,,Customer Success Manager,
EMP-CCEF8A230B8C,reese.landryccef,Reese Landry,,,,,,,,,,,USA,Finance,,reese.landryccef@example.invalid,6293409597,Landry,Reese,,,,"Denver, CO, USA",0067001250,,,,,,,,,Financial Analyst,
EMP-45D7D67593E0,fiona.kirkland45d7,Fiona Kirkland,,,,,,,,,,,Canada,Sales,,fiona.kirkland45d7@example.invalid,9090297217,Kirkland,Fiona,,,,"Toronto, Ontario, Canada",0891448944,,,,,,,,,Enterprise Account Executive,
EMP-97FB4EA27148,tanner.bennett97fb,Tanner Bennett,,,,,,,,,,,USA,Finance,,tanner.bennett97fb@example.invalid,8473768914,Bennett,Tanner,,,,"Portland, OR, USA",0067001250,,,,,,,,,Controller,
EMP-30E63DB07069,sanya.wagh30e6,Sanya Wagh,,,,,,,,,,,India,Engineering,,sanya.wagh30e6@example.invalid,6473470871,Wagh,Sanya,,,,"Pune, Maharashtra, India",2552767769,,,,,,,,,Senior Software Engineer,
EMP-D1064E22B747,gabriela.navad106,Gabriela Nava,,,,,,,,,,,Mexico,Engineering,,gabriela.navad106@example.invalid,4798003172,Nava,Gabriela,,,,"Mexico City, Mexico",0505070807,,,,,,,,,Software Engineer,
EMP-A022C24BCE68,rupert.ellerya022,Rupert Ellery,,,,,,,,,,,United Kingdom,Sales,,rupert.ellerya022@example.invalid,6117917453,Ellery,Rupert,,,,"London, England, United Kingdom",7748760027,,,,,,,,,Senior Account Executive,
EMP-3125410AA0F0,rupert.merrick3125,Rupert Merrick,,,,,,,,,,,United Kingdom,Sales,,rupert.merrick3125@example.invalid,5902337642,Merrick,Rupert,,,,"London, England, United Kingdom",7748760027,,,,,,,,,Senior Account Executive,
EMP-23F473DC465C,nolan.tate23f4,Nolan Tate,,,,,,,,,,,USA,Product,,nolan.tate23f4@example.invalid,5555368237,Tate,Nolan,,,,"Austin, TX, USA",0280006242,,,,,,,,,Product Manager,
EMP-42B38675007F,paola.salazar42b3,Paola Salazar,,,,,,,,,,,Mexico,IT,,paola.salazar42b3@example.invalid,4412080996,Salazar,Paola,,,,"Mexico City, Mexico",9329022060,,,,,,,,,IT Support Specialist,
EMP-C58476812F73,rodrigo.fuentesc584,Rodrigo Fuentes,,,,,,,,,,,Mexico,Sales,,rodrigo.fuentesc584@example.invalid,9616583585,Fuentes,Rodrigo,,,,"Guadalajara, Jalisco, Mexico",9695129047,,,,,,,,,Solutions Engineer,
EMP-65E060372E09,owen.nadeau65e0,Owen Nadeau,,,,,,,,,,,Canada,Sales,,owen.nadeau65e0@example.invalid,2725735020,Nadeau,Owen,,,,"Toronto, Ontario, Canada",0891448944,,,,,,,,,Enterprise Account Executive,
EMP-5731ABD23C87,avery.shelton5731,Avery Shelton,,,,,,,,,,,USA,Engineering,,avery.shelton5731@example.invalid,4605579019,Shelton,Avery,,,,"Austin, TX, USA",4394152190,,,,,,,,,Senior Software Engineer,
EMP-12520DDFA260,tully.hargreaves1252,Tully Hargreaves,,,,,,,,,,,Australia,Sales,,tully.hargreaves1252@example.invalid,4926073519,Hargreaves,Tully,,,,"Melbourne, Victoria, Australia",0891448944,,,,,,,,,Enterprise Account Executive,
EMP-36AF1D4A95EA,gabriela.mendoza36af,Gabriela Mendoza,,,,,,,,,,,Mexico,Finance,,gabriela.mendoza36af@example.invalid,5152455861,Mendoza,Gabriela,,,,"Mexico City, Mexico",8279943807,,,,,,,,,Accountant,
EMP-4B396C5F6A24,rahul.nair4b39,Rahul Nair,,,,,,,,,,,India,Engineering,,rahul.nair4b39@example.invalid,3575598255,Nair,Rahul,,,,"Pune, Maharashtra, India",2552767769,,,,,,,,,Site Reliability Engineer,
EMP-73E09855E171,quinn.carver73e0,Quinn Carver,,,,,,,,,,,USA,Customer Success,,quinn.carver73e0@example.invalid,3766829798,Carver,Quinn,,,,"San Diego, CA, USA",0774203541,,,,,,,,,Senior Customer Success Manager,
EMP-9CD699383C48,sawyer.dawson9cd6,Sawyer Dawson,,,,,,,,,,,USA,Legal,,sawyer.dawson9cd6@example.invalid,1741441943,Dawson,Sawyer,,,,"Chicago, IL, USA",0400249940,,,,,,,,,Compliance Analyst,
EMP-68DCAFC8246C,ishaan.verma68dc,Ishaan Verma,,,,,,,,,,,India,Engineering,,ishaan.verma68dc@example.invalid,8960249914,Verma,Ishaan,,,,"Pune, Maharashtra, India",0377561358,,,,,,,,,Senior Software Engineer,
EMP-112224D956B3,beatrice.halliwell1122,Beatrice Halliwell,,,,,,,,,,,United Kingdom,People,,beatrice.halliwell1122@example.invalid,3734013617,Halliwell,Beatrice,,,,"London, England, United Kingdom",7150696066,,,,,,,,,Recruiter,
EMP-0DD76A08E559,sienna.ashworth0dd7,Sienna Ashworth,,,,,,,,,,,United Kingdom,Customer Success,,sienna.ashworth0dd7@example.invalid,8926008520,Ashworth,Sienna,,,,"London, England, United Kingdom",3151268880,,,,,,,,,Senior Customer Success Manager,
EMP-8D780B519F71,skyler.norton8d78,Skyler Norton,,,,,,,,,,,USA,Customer Success,,skyler.norton8d78@example.invalid,1748417979,Norton,Skyler,,,,"Raleigh, NC, USA",0774203541,,,,,,,,,Customer Success Manager,
EMP-DE3E858DDF3F,hector.fuentesde3e,Héctor Fuentes,,,,,,,,,,,Mexico,Engineering,,hector.fuentesde3e@example.invalid,9358456802,Fuentes,Héctor,,,,"Mexico City, Mexico",7104724007,,,,,,,,,Software Engineer,
EMP-CE91A6322D1F,isabela.alvaradoce91,Isabela Alvarado,,,,,,,,,,,Mexico,IT,,isabela.alvaradoce91@example.invalid,7871794189,Alvarado,Isabela,,,,"Mexico City, Mexico",9329022060,,,,,,,,,IT Support Specialist,
EMP-8832E848A419,rohan.nair8832,Rohan Nair,,,,,,,,,,,India,Design,,rohan.nair8832@example.invalid,6682164593,Nair,Rohan,,,,"Pune, Maharashtra, India",2488224667,,,,,,,,,Product Designer,
EMP-5B7C695321E8,hadar.erez5b7c,Hadar Erez,,,,,,,,,,,Israel,Engineering,,hadar.erez5b7c@example.invalid,0335677551,Erez,Hadar,,,,"Tel Aviv, Israel",4795688632,,,,,,,,,Senior Software Engineer,
EMP-B8D9B52D819A,hanna.rietveldb8d9,Hanna Rietveld,,,,,,,,,,,Netherlands,Sales,,hanna.rietveldb8d9@example.invalid,9977494534,Rietveld,Hanna,,,,"Amsterdam, Netherlands",0891448944,,,,,,,,,Account Executive,
EMP-0CFEC6444CBC,jasper.fairbanks0cfe,Jasper Fairbanks,,,,,,,,,,,United Kingdom,People,,jasper.fairbanks0cfe@example.invalid,9187116025,Fairbanks,Jasper,,,,"London, England, United Kingdom",7150696066,,,,,,,,,People Operations Specialist,
EMP-09B3361090ED,elena.carrillo09b3,Elena Carrillo,,,,,,,,,,,Mexico,Design,,elena.carrillo09b3@example.invalid,1951426461,Carrillo,Elena,,,,"Mexico City, Mexico",2226904486,,,,,,,,,UX Researcher,
EMP-9094F46637B2,ishaan.bhatt9094,Ishaan Bhatt,,,,,,,,,,,India,Engineering,,ishaan.bhatt9094@example.invalid,7873060710,Bhatt,Ishaan,,,,"Pune, Maharashtra, India",1887576056,,,,,,,,,Staff Software Engineer,
EMP-E1BE961F7BBD,gali.ophire1be,Gali Ophir,,,,,,,,,,,Israel,Engineering,,gali.ophire1be@example.invalid,6072956339,Ophir,Gali,,,,"Tel Aviv, Israel",0500143343,,,,,,,,,Software Engineer,
EMP-CEFE245CFAA2,theo.ouellettecefe,Théo Ouellette,,,,,,,,,,,Canada,Engineering,,theo.ouellettecefe@example.invalid,7658206388,Ouellette,Théo,,,,"Calgary, Alberta, Canada",0159073081,,,,,,,,,Staff Software Engineer,
EMP-BF71733958D2,shira.ophirbf71,Shira Ophir,,,,,,,,,,,Israel,Marketing,,shira.ophirbf71@example.invalid,3753087331,Ophir,Shira,,,,"Tel Aviv, Israel",1059039744,,,,,,,,,Demand Generation Manager,
EMP-C59E3CBBBE0F,paola.jimenezc59e,Paola Jiménez,,,,,,,,,,,Mexico,Engineering,,paola.jimenezc59e@example.invalid,8837351630,Jiménez,Paola,,,,"Monterrey, Nuevo León, Mexico",1350612646,,,,,,,,,Senior Software Engineer,
EMP-679CFA809E03,ned.quinlan679c,Ned Quinlan,,,,,,,,,,,Australia,Finance,,ned.quinlan679c@example.invalid,2587227458,Quinlan,Ned,,,,"Sydney, New South Wales, Australia",0067001250,,,,,,,,,Financial Analyst,
EMP-99E2FCADF4DB,ishaan.nair99e2,Ishaan Nair,,,,,,,,,,,India,Product,,ishaan.nair99e2@example.invalid,6607141395,Nair,Ishaan,,,,"Pune, Maharashtra, India",2676127692,,,,,,,,,Technical Program Manager,
EMP-48D3AE65A71F,roni.peretz48d3,Roni Peretz,,,,,,,,,,,Israel,Sales,,roni.peretz48d3@example.invalid,2435532570,Peretz,Roni,,,,"Tel Aviv, Israel",0891448944,,,,,,,,,Enterprise Account Executive,
EMP-AEDD716947A9,eitan.barkaiaedd,Eitan Barkai,,,,,,,,,,,Israel,Customer Success,,eitan.barkaiaedd@example.invalid,9440335484,Barkai,Eitan,,,,"Tel Aviv, Israel",0774203541,,,,,,,,,Senior Customer Success Manager,
EMP-5DBF71D81BA4,logan.ramsey5dbf,Logan Ramsey,,,,,,,,,,,USA,Customer Success,,logan.ramsey5dbf@example.invalid,9069705662,Ramsey,Logan,,,,"Austin, TX, USA",3932728268,,,,,,,,,Customer Success Manager,
EMP-0D7FE970A7A3,sawyer.kirby0d7f,Sawyer Kirby,,,,,,,,,,,USA,IT,,sawyer.kirby0d7f@example.invalid,4593415950,Kirby,Sawyer,,,,"Austin, TX, USA",7526217330,,,,,,,,,IT Operations Engineer,
EMP-7B2095F32C43,yuki.maruyama7b20,Yuki Maruyama,,,,,,,,,,,Japan,Customer Success,,yuki.maruyama7b20@example.invalid,7572119421,Maruyama,Yuki,,,,"Tokyo, Japan",0774203541,,,,,,,,,Technical Account Manager,
EMP-2A8F8280E49F,aubrey.dawson2a8f,Aubrey Dawson,,,,,,,,,,,Czechia,Engineering,,aubrey.dawson2a8f@example.invalid,1365691683,Dawson,Aubrey,,,,"Prague, Czechia",0159073081,,,,,,,,,Software Engineer,
EMP-01C16569552C,dana.marsh01c1,Dana Marsh,,,,,,,,,,,Malaysia,Engineering,,dana.marsh01c1@example.invalid,7618048723,Marsh,Dana,,,,"Kuala Lumpur, Malaysia",0159073081,,,,,,,,,Site Reliability Engineer,
EMP-9E840760AC24,shira.peretz9e84,Shira Peretz,,,,,,,,,,,Israel,Sales,,shira.peretz9e84@example.invalid,6704760235,Peretz,Shira,,,,"Tel Aviv, Israel",0891448944,,,,,,,,,Sales Development Representative,
EMP-56BF77C9A3AC,kelsey.carver56bf,Kelsey Carver,,,,,,,,,,,USA,Marketing,,kelsey.carver56bf@example.invalid,5731657864,Carver,Kelsey,,,,"Austin, TX, USA",1059039744,,,,,,,,,Product Marketing Manager,
EMP-F9E4DE21A17A,jordan.hollisf9e4,Jordan Hollis,,,,,,,,,,,USA,Engineering,,jordan.hollisf9e4@example.invalid,6158528188,Hollis,Jordan,,,,"Portland, OR, USA",0159073081,,,,,,,,,Senior Software Engineer,
EMP-3048AF96F9BF,sawyer.foster3048,Sawyer Foster,,,,,,,,,,,USA,Engineering,,sawyer.foster3048@example.invalid,5113757716,Foster,Sawyer,,,,"Miami, FL, USA",0159073081,,,,,,,,,Site Reliability Engineer,
EMP-226E2C725DF1,harper.tate226e,Harper Tate,,,,,,,,,,,USA,Customer Success,,harper.tate226e@example.invalid,4441722857,Tate,Harper,,,,"Austin, TX, USA",3932728268,,,,,,,,,Support Engineer,
EMP-911249D6ABA7,natalia.herrera9112,Natalia Herrera,,,,,,,,,,,Mexico,Customer Success,,natalia.herrera9112@example.invalid,1432047126,Herrera,Natalia,,,,"Puebla, Mexico",0774203541,,,,,,,,,Senior Customer Success Manager,
EMP-A5DA21864429,skyler.piercea5da,Skyler Pierce,,,,,,,,,,,USA,Engineering,,skyler.piercea5da@example.invalid,1733969300,Pierce,Skyler,,,,"Austin, TX, USA",2770923116,,,,,,,,,Engineering Manager,
EMP-9D79732A7106,freya.ellery9d79,Freya Ellery,,,,,,,,,,,United Kingdom,Legal,,freya.ellery9d79@example.invalid,2258745084,Ellery,Freya,,,,"London, England, United Kingdom",0400249940,,,,,,,,,Senior Corporate Counsel,
EMP-CAA8ED7B7E05,paola.bautistacaa8,Paola Bautista,,,,,,,,,,,Mexico,Product,,paola.bautistacaa8@example.invalid,6399891734,Bautista,Paola,,,,"Mexico City, Mexico",0280006242,,,,,,,,,Product Manager,
EMP-33CE9813D768,tanner.grayson33ce,Tanner Grayson,,,,,,,,,,,USA,Product,,tanner.grayson33ce@example.invalid,2122465246,Grayson,Tanner,,,,"Austin, TX, USA",0280006242,,,,,,,,,Product Manager,
EMP-C3833EC612FA,itai.harelc383,Itai Harel,,,,,,,,,,,Israel,Engineering,,itai.harelc383@example.invalid,9787892161,Harel,Itai,,,,"Tel Aviv, Israel",0500143343,,,,,,,,,Quality Engineer,
EMP-23333B956ACD,logan.pierce2333,Logan Pierce,,,,,,,,,,,Hong Kong,Customer Success,,logan.pierce2333@example.invalid,8067753939,Pierce,Logan,,,,"Hong Kong, Hong Kong",0774203541,,,,,,,,,Technical Account Manager,
EMP-6D0FB495C358,maya.erez6d0f,Maya Erez,,,,,,,,,,,Israel,Customer Success,,maya.erez6d0f@example.invalid,0105309062,Erez,Maya,,,,"Tel Aviv, Israel",0774203541,,,,,,,,,Customer Success Manager,
EMP-806E59944F4D,vikram.wagh806e,Vikram Wagh,,,,,,,,,,,India,Engineering,,vikram.wagh806e@example.invalid,7813479916,Wagh,Vikram,,,,"Pune, Maharashtra, India",1060967885,,,,,,,,,Staff Software Engineer,
EMP-12D8B3F8CBA5,blake.whitaker12d8,Blake Whitaker,,,,,,,,,,,USA,People,,blake.whitaker12d8@example.invalid,8802108325,Whitaker,Blake,,,,"Austin, TX, USA",2473487213,,,,,,,,,Recruiter,
EMP-88CD8C23F927,farhan.reddy88cd,Farhan Reddy,,,,,,,,,,,India,Engineering,,farhan.reddy88cd@example.invalid,5515754011,Reddy,Farhan,,,,"Pune, Maharashtra, India",6190946371,,,,,,,,,Site Reliability Engineer,
EMP-05CBEACF9C87,yonatan.tal05cb,Yonatan Tal,,,,,,,,,,,Israel,Engineering,,yonatan.tal05cb@example.invalid,7867157654,Tal,Yonatan,,,,"Tel Aviv, Israel",2079722361,,,,,,,,,Senior Software Engineer,
EMP-D55F5A07E274,daisy.ashworthd55f,Daisy Ashworth,,,,,,,,,,,United Kingdom,Marketing,,daisy.ashworthd55f@example.invalid,2776709721,Ashworth,Daisy,,,,"London, England, United Kingdom",5576605117,,,,,,,,,Demand Generation Manager,
EMP-2D5E57B3672B,sanya.mehta2d5e,Sanya Mehta,,,,,,,,,,,India,Customer Success,,sanya.mehta2d5e@example.invalid,7559215302,Mehta,Sanya,,,,"Pune, Maharashtra, India",4373359127,,,,,,,,,Support Engineer,
EMP-319B92073D83,sanya.kulkarni319b,Sanya Kulkarni,,,,,,,,,,,India,Engineering,,sanya.kulkarni319b@example.invalid,9043069278,Kulkarni,Sanya,,,,"Pune, Maharashtra, India",1136502125,,,,,,,,,Senior Software Engineer,
EMP-EFBE0FE5FFFD,nikhil.reddyefbe,Nikhil Reddy,,,,,,,,,,,India,Finance,,nikhil.reddyefbe@example.invalid,1156546846,Reddy,Nikhil,,,,"Pune, Maharashtra, India",8806961831,,,,,,,,,Financial Analyst,
EMP-254189BB2B38,rohan.kulkarni2541,Rohan Kulkarni,,,,,,,,,,,India,Product,,rohan.kulkarni2541@example.invalid,9866525754,Kulkarni,Rohan,,,,"Pune, Maharashtra, India",8877427041,,,,,,,,,Principal Product Manager,
EMP-32AB7BAED495,oscar.guzman32ab,Óscar Guzmán,,,,,,,,,,,Mexico,Customer Success,,oscar.guzman32ab@example.invalid,3735000357,Guzmán,Óscar,,,,"Guadalajara, Jalisco, Mexico",0774203541,,,,,,,,,Technical Account Manager,
EMP-AA3B01AFB1ED,nell.fairbanksaa3b,Nell Fairbanks,,,,,,,,,,,United Kingdom,Marketing,,nell.fairbanksaa3b@example.invalid,4189702162,Fairbanks,Nell,,,,"London, England, United Kingdom",7407765637,,,,,,,,,Marketing Specialist,
EMP-DA964B95CB42,nolan.bennettda96,Nolan Bennett,,,,,,,,,,,USA,Engineering,,nolan.bennettda96@example.invalid,3507207524,Bennett,Nolan,,,,"Austin, TX, USA",8881303837,,,,,,,,,Principal Engineer,
EMP-E61C908ADAD6,elena.quinteroe61c,Elena Quintero,,,,,,,,,,,Mexico,Engineering,,elena.quinteroe61c@example.invalid,4122690493,Quintero,Elena,,,,"Mexico City, Mexico",4081765633,,,,,,,,,Senior Software Engineer,
EMP-493FC9E32CDE,maeve.fortin493f,Maeve Fortin,,,,,,,,,,,Canada,Sales,,maeve.fortin493f@example.invalid,5849063524,Fortin,Maeve,,,,"Montréal, Quebec, Canada",0891448944,,,,,,,,,Senior Account Executive,
EMP-639BA855E06C,callum.northcott639b,Callum Northcott,,,,,,,,,,,United Kingdom,Marketing,,callum.northcott639b@example.invalid,7935942464,Northcott,Callum,,,,"London, England, United Kingdom",5576605117,,,,,,,,,Product Marketing Manager,
EMP-29E6717FC82A,morgan.tate29e6,Morgan Tate,,,,,,,,,,,USA,Sales,,morgan.tate29e6@example.invalid,3831531028,Tate,Morgan,,,,"Dallas, TX, USA",0891448944,,,,,,,,,Solutions Engineer,
EMP-20EE5E7A4865,skyler.whitaker20ee,Skyler Whitaker,,,,,,,,,,,USA,Product,,skyler.whitaker20ee@example.invalid,2964461621,Whitaker,Skyler,,,,"Austin, TX, USA",0280006242,,,,,,,,,Product Manager,
EMP-2F6A03D45389,beatrice.ashworth2f6a,Beatrice Ashworth,,,,,,,,,,,United Kingdom,Sales,,beatrice.ashworth2f6a@example.invalid,7783433723,Ashworth,Beatrice,,,,"London, England, United Kingdom",7748760027,,,,,,,,,Sales Development Representative,
EMP-61239AF8011E,rahul.gokhale6123,Rahul Gokhale,,,,,,,,,,,India,Engineering,,rahul.gokhale6123@example.invalid,5825250552,Gokhale,Rahul,,,,"Pune, Maharashtra, India",8384827170,,,,,,,,,Site Reliability Engineer,
EMP-F71FEA3DFDB9,camila.quinterof71f,Camila Quintero,,,,,,,,,,,Mexico,IT,,camila.quinterof71f@example.invalid,3616938997,Quintero,Camila,,,,"Mexico City, Mexico",9329022060,,,,,,,,,IT Support Specialist,
EMP-41435598B79E,kavya.reddy4143,Kavya Reddy,,,,,,,,,,,India,Engineering,,kavya.reddy4143@example.invalid,0308959896,Reddy,Kavya,,,,"Pune, Maharashtra, India",2574715791,,,,,,,,,Software Engineer,
EMP-7BE74B1D9ECB,aubrey.dawson7be7,Aubrey Dawson,,,,,,,,,,,USA,Sales,,aubrey.dawson7be7@example.invalid,6875580962,Dawson,Aubrey,,,,"Austin, TX, USA",0891448944,,,,,,,,,Account Executive,
EMP-24C8F4065055,vikram.verma24c8,Vikram Verma,,,,,,,,,,,India,Engineering,,vikram.verma24c8@example.invalid,8662327282,Verma,Vikram,,,,"Pune, Maharashtra, India",6400519124,,,,,,,,,Software Engineer,
EMP-FF6A20DC6A8D,skyler.ramseyff6a,Skyler Ramsey,,,,,,,,,,,Chile,Sales,,skyler.ramseyff6a@example.invalid,8255507709,Ramsey,Skyler,,,,"Santiago, Santiago Metropolitan, Chile",0891448944,,,,,,,,,Sales Development Representative,
EMP-92EDA71121DF,maya.peretz92ed,Maya Peretz,,,,,,,,,,,Israel,Product,,maya.peretz92ed@example.invalid,1042497125,Peretz,Maya,,,,"Tel Aviv, Israel",5977531353,,,,,,,,,Product Manager,
EMP-70C73566FB01,willem.nieuwenhuis70c7,Willem Nieuwenhuis,,,,,,,,,,,Netherlands,Customer Success,,willem.nieuwenhuis70c7@example.invalid,9027470804,Nieuwenhuis,Willem,,,,"Amsterdam, Netherlands",5486230153,,,,,,,,,Customer Success Manager,
EMP-632E19BCBB82,leo.gagnon632e,Léo Gagnon,,,,,,,,,,,Canada,Marketing,,leo.gagnon632e@example.invalid,7073990241,Gagnon,Léo,,,,"Montréal, Quebec, Canada",2095948030,,,,,,,,,Demand Generation Manager,
EMP-422B2205F21B,daniel.mizrahi422b,Daniel Mizrahi,,,,,,,,,,,Israel,Engineering,,daniel.mizrahi422b@example.invalid,9433872792,Mizrahi,Daniel,,,,"Tel Aviv, Israel",9346450824,,,,,,,,,Senior Software Engineer,
EMP-CFE9FD041D11,elliot.nortoncfe9,Elliot Norton,,,,,,,,,,,USA,Finance,,elliot.nortoncfe9@example.invalid,9534051185,Norton,Elliot,,,,"Austin, TX, USA",0067001250,,,,,,,,,Accountant,
EMP-5E8501FC1C25,ananya.gokhale5e85,Ananya Gokhale,,,,,,,,,,,India,Product,,ananya.gokhale5e85@example.invalid,3783346509,Gokhale,Ananya,,,,"Pune, Maharashtra, India",0280006242,,,,,,,,,Director of Product Management,
EMP-369122956D8A,vikram.verma3691,Vikram Verma,,,,,,,,,,,India,Engineering,,vikram.verma3691@example.invalid,4854403005,Verma,Vikram,,,,"Pune, Maharashtra, India",0159073081,,,,,,,,,Director of Engineering,
EMP-CE426BC55A45,natalia.salazarce42,Natalia Salazar,,,,,,,,,,,Mexico,Product,,natalia.salazarce42@example.invalid,5643274709,Salazar,Natalia,,,,"Mexico City, Mexico",0280006242,,,,,,,,,Product Manager,
EMP-39EF5B4F970C,daisy.sinclair39ef,Daisy Sinclair,,,,,,,,,,,United Kingdom,Finance,,daisy.sinclair39ef@example.invalid,6990485038,Sinclair,Daisy,,,,"London, England, United Kingdom",4316997889,,,,,,,,,Financial Analyst,
EMP-B45372BAB2CA,priya.raob453,Priya Rao,,,,,,,,,,,India,Product,,priya.raob453@example.invalid,6083092035,Rao,Priya,,,,"Pune, Maharashtra, India",1561337976,,,,,,,,,Principal Product Manager,
EMP-ED43974D7C30,morgan.nortoned43,Morgan Norton,,,,,,,,,,,USA,Customer Success,,morgan.nortoned43@example.invalid,9480339321,Norton,Morgan,,,,"Austin, TX, USA",2668820698,,,,,,,,,Senior Customer Success Manager,
EMP-B4F2D5E5C9FA,mateo.bautistab4f2,Mateo Bautista,,,,,,,,,,,Mexico,Engineering,,mateo.bautistab4f2@example.invalid,4103898597,Bautista,Mateo,,,,"Mexico City, Mexico",3662122719,,,,,,,,,Senior Software Engineer,
EMP-861B033C4655,nathalie.hebert861b,Nathalie Hébert,,,,,,,,,,,Canada,Engineering,,nathalie.hebert861b@example.invalid,2866444592,Hébert,Nathalie,,,,"Montréal, Quebec, Canada",5228665452,,,,,,,,,Engineering Manager,
EMP-F7FC7BFB5BCA,dana.hollisf7fc,Dana Hollis,,,,,,,,,,,USA,Engineering,,dana.hollisf7fc@example.invalid,1006270087,Hollis,Dana,,,,"Denver, CO, USA",0159073081,,,,,,,,,Software Engineer,
EMP-91FE87F78F66,eitan.katz91fe,Eitan Katz,,,,,,,,,,,Israel,Customer Success,,eitan.katz91fe@example.invalid,6916567038,Katz,Eitan,,,,"Tel Aviv, Israel",0774203541,,,,,,,,,Support Engineer,
EMP-BB8204391EA2,nolan.ashfordbb82,Nolan Ashford,,,,,,,,,,,USA,Sales,,nolan.ashfordbb82@example.invalid,5438544920,Ashford,Nolan,,,,"Minneapolis, MN, USA",0891448944,,,,,,,,,Senior Account Executive,
EMP-61CC3D467533,noa.harel61cc,Noa Harel,,,,,,,,,,,Israel,Product,,noa.harel61cc@example.invalid,9751330246,Harel,Noa,,,,"Tel Aviv, Israel",5977531353,,,,,,,,,Product Manager,
EMP-B41AA95BF0FE,morgan.ellisonb41a,Morgan Ellison,,,,,,,,,,,United Arab Emirates,Sales,,morgan.ellisonb41a@example.invalid,8571858338,Ellison,Morgan,,,,"Dubai, United Arab Emirates",0891448944,,,,,,,,,Account Executive,
EMP-49870F837135,logan.bennett4987,Logan Bennett,,,,,,,,,,,USA,Marketing,,logan.bennett4987@example.invalid,3839120946,Bennett,Logan,,,,"Raleigh, NC, USA",1059039744,,,,,,,,,Marketing Specialist,
EMP-798A0812E6E1,peyton.jennings798a,Peyton Jennings,,,,,,,,,,,USA,Design,,peyton.jennings798a@example.invalid,2651329483,Jennings,Peyton,,,,"Austin, TX, USA",8721934737,,,,,,,,,Product Designer,
EMP-F93758CE31B3,diego.bautistaf937,Diego Bautista,,,,,,,,,,,Mexico,Engineering,,diego.bautistaf937@example.invalid,1783480108,Bautista,Diego,,,,"Guadalajara, Jalisco, Mexico",0159073081,,,,,,,,,Engineering Manager,
EMP-9C4B14C7B06B,ishaan.chauhan9c4b,Ishaan Chauhan,,,,,,,,,,,India,Engineering,,ishaan.chauhan9c4b@example.invalid,1060967885,Chauhan,Ishaan,,,,"Pune, Maharashtra, India",1805818302,,,,,,,,,Engineering Manager,
EMP-FE42AD19366F,rodrigo.ocampofe42,Rodrigo Ocampo,,,,,,,,,,,Mexico,Sales,,rodrigo.ocampofe42@example.invalid,7895688884,Ocampo,Rodrigo,,,,"Mexico City, Mexico",9530444629,,,,,,,,,Senior Account Executive,
EMP-BF104E86953B,bruno.carrillobf10,Bruno Carrillo,,,,,,,,,,,Mexico,Engineering,,bruno.carrillobf10@example.invalid,0807883521,Carrillo,Bruno,,,,"Mexico City, Mexico",4081765633,,,,,,,,,Quality Engineer,
EMP-AD0A2284796A,dana.ashfordad0a,Dana Ashford,,,,,,,,,,,USA,Marketing,,dana.ashfordad0a@example.invalid,0696694993,Ashford,Dana,,,,"San Francisco, CA, USA",1059039744,,,,,,,,,Content Marketing Manager,
EMP-B8B6E03490A7,quinn.nortonb8b6,Quinn Norton,,,,,,,,,,,USA,Sales,,quinn.nortonb8b6@example.invalid,5109924963,Norton,Quinn,,,,"Austin, TX, USA",0891448944,,,,,,,,,Senior Account Executive,
EMP-E5DBA2E74386,noa.shanie5db,Noa Shani,,,,,,,,,,,Israel,Sales,,noa.shanie5db@example.invalid,8739173678,Shani,Noa,,,,"Tel Aviv, Israel",0891448944,,,,,,,,,Senior Account Executive,
EMP-EB2E0A5DB8BF,ishaan.deshmukheb2e,Ishaan Deshmukh,,,,,,,,,,,India,People,,ishaan.deshmukheb2e@example.invalid,5489558535,Deshmukh,Ishaan,,,,"Pune, Maharashtra, India",4251680745,,,,,,,,,People Operations Specialist,
EMP-DDDC2A647EFC,adi.giladdddc,Adi Gilad,,,,,,,,,,,Israel,Finance,,adi.giladdddc@example.invalid,8374000602,Gilad,Adi,,,,"Tel Aviv, Israel",6694081308,,,,,,,,,Financial Analyst,
EMP-28C3379B903E,javier.fuentes28c3,Javier Fuentes,,,,,,,,,,,Mexico,Finance,,javier.fuentes28c3@example.invalid,3255143696,Fuentes,Javier,,,,"Mexico City, Mexico",7952165368,,,,,,,,,Senior Financial Analyst,
EMP-0BAA514094A9,ananya.joshi0baa,Ananya Joshi,,,,,,,,,,,India,Engineering,,ananya.joshi0baa@example.invalid,8271910749,Joshi,Ananya,,,,"Pune, Maharashtra, India",5157274529,,,,,,,,,Senior Software Engineer,
EMP-4D466BE310FF,oscar.nava4d46,Óscar Nava,,,,,,,,,,,Mexico,Sales,,oscar.nava4d46@example.invalid,2277152860,Nava,Óscar,,,,"Mexico City, Mexico",7518950386,,,,,,,,,Account Executive,
EMP-52C5BFE0AA1B,eva.overbeek52c5,Eva Overbeek,,,,,,,,,,,Netherlands,Sales,,eva.overbeek52c5@example.invalid,3169615072,Overbeek,Eva,,,,"Amsterdam, Netherlands",0891448944,,,,,,,,,Sales Development Representative,
EMP-1D56528A184B,archie.nugent1d56,Archie Nugent,,,,,,,,,,,Australia,Sales,,archie.nugent1d56@example.invalid,8163610975,Nugent,Archie,,,,"Sydney, New South Wales, Australia",5512754459,,,,,,,,,Account Executive,
EMP-AA43E9DA6F99,rodrigo.navaaa43,Rodrigo Nava,,,,,,,,,,,Mexico,Customer Success,,rodrigo.navaaa43@example.invalid,4271833812,Nava,Rodrigo,,,,"Mexico City, Mexico",6260880146,,,,,,,,,Senior Support Engineer,
EMP-C447D9CC68F4,avery.bennettc447,Avery Bennett,,,,,,,,,,,USA,Marketing,,avery.bennettc447@example.invalid,6737734706,Bennett,Avery,,,,"Austin, TX, USA",1059039744,,,,,,,,,Product Marketing Manager,
EMP-8F3D94FC5D82,morgan.landry8f3d,Morgan Landry,,,,,,,,,,,Croatia,Customer Success,,morgan.landry8f3d@example.invalid,2624569353,Landry,Morgan,,,,"Zagreb, Croatia",0774203541,,,,,,,,,Customer Success Manager,
EMP-7C200D1D192A,jocelyn.pelletier7c20,Jocelyn Pelletier,,,,,,,,,,,Canada,Sales,,jocelyn.pelletier7c20@example.invalid,8585207850,Pelletier,Jocelyn,,,,"Toronto, Ontario, Canada",0891448944,,,,,,,,,Enterprise Account Executive,
EMP-A9937643B348,gaelle.charpentiera993,Gaëlle Charpentier,,,,,,,,,,,France,Sales,,gaelle.charpentiera993@example.invalid,7129019904,Charpentier,Gaëlle,,,,"Paris, France",0891448944,,,,,,,,,Solutions Engineer,
EMP-5E6DDE4752B7,lucia.guzman5e6d,Lucía Guzmán,,,,,,,,,,,Mexico,IT,,lucia.guzman5e6d@example.invalid,9938463153,Guzmán,Lucía,,,,"Mexico City, Mexico",9329022060,,,,,,,,,Systems Administrator,
EMP-716053E251B8,priya.nair7160,Priya Nair,,,,,,,,,,,India,People,,priya.nair7160@example.invalid,5548832081,Nair,Priya,,,,"Pune, Maharashtra, India",4251680745,,,,,,,,,HR Business Partner,
EMP-477A8726F725,cameron.kirby477a,Cameron Kirby,,,,,,,,,,,USA,Engineering,,cameron.kirby477a@example.invalid,5276546289,Kirby,Cameron,,,,"Austin, TX, USA",2734679348,,,,,,,,,Software Engineer,
EMP-F98171FF9DFC,amit.dahanf981,Amit Dahan,,,,,,,,,,,Israel,Finance,,amit.dahanf981@example.invalid,0120888821,Dahan,Amit,,,,"Tel Aviv, Israel",6694081308,,,,,,,,,Accountant,
EMP-DB25C4356F27,quinn.dawsondb25,Quinn Dawson,,,,,,,,,,,USA,Marketing,,quinn.dawsondb25@example.invalid,2221691234,Dawson,Quinn,,,,"Raleigh, NC, USA",1059039744,,,,,,,,,Content Marketing Manager,
EMP-96AB516B7CCD,bryn.hebert96ab,Bryn Hébert,,,,,,,,,,,Canada,Engineering,,bryn.hebert96ab@example.invalid,8803930125,Hébert,Bryn,,,,"Toronto, Ontario, Canada",0159073081,,,,,,,,,Senior Software Engineer,
EMP-0E53524C61C5,daniel.erez0e53,Daniel Erez,,,,,,,,,,,Israel,People,,daniel.erez0e53@example.invalid,7609275166,Erez,Daniel,,,,"Tel Aviv, Israel",2329842297,,,,,,,,,Senior Recruiter,
EMP-84CA9373A4E0,katrien.nieuwenhuis84ca,Katrien Nieuwenhuis,,,,,,,,,,,Netherlands,Customer Success,,katrien.nieuwenhuis84ca@example.invalid,3198754482,Nieuwenhuis,Katrien,,,,"Amsterdam, Netherlands",5486230153,,,,,,,,,Support Engineer,
EMP-D61AC842128C,manish.chauhand61a,Manish Chauhan,,,,,,,,,,,India,Engineering,,manish.chauhand61a@example.invalid,9615637185,Chauhan,Manish,,,,"Pune, Maharashtra, India",7666260215,,,,,,,,,Software Engineer,
EMP-EF93D778B0C6,riley.jenningsef93,Riley Jennings,,,,,,,,,,,USA,Product,,riley.jenningsef93@example.invalid,0003080120,Jennings,Riley,,,,"Denver, CO, USA",0280006242,,,,,,,,,Product Manager,
EMP-80C2C8D641B9,maartje.bakker80c2,Maartje Bakker,,,,,,,,,,,Netherlands,Engineering,,maartje.bakker80c2@example.invalid,4887842970,Bakker,Maartje,,,,"Amsterdam, Netherlands",0159073081,,,,,,,,,Senior Software Engineer,
EMP-82F139F4ECE9,leo.cormier82f1,Léo Cormier,,,,,,,,,,,Canada,Marketing,,leo.cormier82f1@example.invalid,8427403252,Cormier,Léo,,,,"Montréal, Quebec, Canada",2095948030,,,,,,,,,Demand Generation Manager,
EMP-0F56F5BF3F5E,dana.carver0f56,Dana Carver,,,,,,,,,,,USA,Sales,,dana.carver0f56@example.invalid,0316720861,Carver,Dana,,,,"Minneapolis, MN, USA",0891448944,,,,,,,,,Senior Account Executive,
EMP-46839846AF0F,rhea.rao4683,Rhea Rao,,,,,,,,,,,India,Customer Success,,rhea.rao4683@example.invalid,3956233982,Rao,Rhea,,,,"Pune, Maharashtra, India",4373359127,,,,,,,,,Senior Customer Success Manager,
EMP-C89FAD40FFF1,callum.lockhartc89f,Callum Lockhart,,,,,,,,,,,United Kingdom,Sales,,callum.lockhartc89f@example.invalid,3566120296,Lockhart,Callum,,,,"London, England, United Kingdom",7748760027,,,,,,,,,Enterprise Account Executive,
EMP-3947FFF747B1,noa.harel3947,Noa Harel,,,,,,,,,,,Israel,Customer Success,,noa.harel3947@example.invalid,1033183202,Harel,Noa,,,,"Tel Aviv, Israel",0774203541,,,,,,,,,Technical Account Manager,
EMP-3D945A915489,harper.foster3d94,Harper Foster,,,,,,,,,,,USA,Engineering,,harper.foster3d94@example.invalid,3101806006,Foster,Harper,,,,"Boston, MA, USA",0159073081,,,,,,,,,Senior Software Engineer,
EMP-14156A49696D,rohan.patil1415,Rohan Patil,,,,,,,,,,,India,Engineering,,rohan.patil1415@example.invalid,8803439681,Patil,Rohan,,,,"Pune, Maharashtra, India",9298282727,,,,,,,,,Senior Software Engineer,
EMP-2BC87CFEC1A9,sawyer.shelton2bc8,Sawyer Shelton,,,,,,,,,,,USA,Sales,,sawyer.shelton2bc8@example.invalid,2585704054,Shelton,Sawyer,,,,"Austin, TX, USA",0891448944,,,,,,,,,Sales Development Representative,
EMP-3A328686503C,rhea.patil3a32,Rhea Patil,,,,,,,,,,,India,Engineering,,rhea.patil3a32@example.invalid,4465211645,Patil,Rhea,,,,"Pune, Maharashtra, India",7666260215,,,,,,,,,Senior Software Engineer,
EMP-1DF5357C705C,devika.patil1df5,Devika Patil,,,,,,,,,,,India,Engineering,,devika.patil1df5@example.invalid,4971342086,Patil,Devika,,,,"Pune, Maharashtra, India",1060967885,,,,,,,,,Staff Software Engineer,
EMP-AD83FFE8B90C,tully.quinlanad83,Tully Quinlan,,,,,,,,,,,Australia,Sales,,tully.quinlanad83@example.invalid,5512754459,Quinlan,Tully,,,,"Sydney, New South Wales, Australia",0891448944,,,,,,,,,Regional Sales Director,
EMP-1FEC0988A401,gabriela.ocampo1fec,Gabriela Ocampo,,,,,,,,,,,Mexico,Product,,gabriela.ocampo1fec@example.invalid,2151212404,Ocampo,Gabriela,,,,"Mexico City, Mexico",0280006242,,,,,,,,,Product Manager,
EMP-F8818C355EB1,ishaan.gokhalef881,Ishaan Gokhale,,,,,,,,,,,India,People,,ishaan.gokhalef881@example.invalid,4251680745,Gokhale,Ishaan,,,,"Pune, Maharashtra, India",2329842297,,,,,,,,,Director of People,
EMP-52726AF76DFF,avery.yates5272,Avery Yates,,,,,,,,,,,USA,Engineering,,avery.yates5272@example.invalid,9390012029,Yates,Avery,,,,"Austin, TX, USA",9750141879,,,,,,,,,Staff Software Engineer,
EMP-47BE4967E800,fernando.guzman47be,Fernando Guzmán,,,,,,,,,,,Mexico,Sales,,fernando.guzman47be@example.invalid,2890694319,Guzmán,Fernando,,,,"Mexico City, Mexico",9530444629,,,,,,,,,Sales Development Representative,
EMP-CE5402AD6098,dana.kirbyce54,Dana Kirby,,,,,,,,,,,USA,Customer Success,,dana.kirbyce54@example.invalid,3530074756,Kirby,Dana,,,,"Portland, OR, USA",0774203541,,,,,,,,,Senior Support Engineer,
EMP-CA4226356152,alejandra.lozanoca42,Alejandra Lozano,,,,,,,,,,,Mexico,Customer Success,,alejandra.lozanoca42@example.invalid,4832265720,Lozano,Alejandra,,,,"Mexico City, Mexico",1710814652,,,,,,,,,Technical Account Manager,
EMP-61C99C3037B7,hector.delgado61c9,Héctor Delgado,,,,,,,,,,,Mexico,IT,,hector.delgado61c9@example.invalid,2904964878,Delgado,Héctor,,,,"Mexico City, Mexico",9329022060,,,,,,,,,Identity Engineer,
EMP-055B83DCD190,riley.bennett055b,Riley Bennett,,,,,,,,,,,USA,Sales,,riley.bennett055b@example.invalid,7502245382,Bennett,Riley,,,,"Portland, OR, USA",0891448944,,,,,,,,,Solutions Engineer,
EMP-D5F7760D0E74,aarav.kulkarnid5f7,Aarav Kulkarni,,,,,,,,,,,India,Marketing,,aarav.kulkarnid5f7@example.invalid,7775379394,Kulkarni,Aarav,,,,"Pune, Maharashtra, India",6875275236,,,,,,,,,Demand Generation Manager,
EMP-884090B01EA8,nikhil.shetty8840,Nikhil Shetty,,,,,,,,,,,India,Engineering,,nikhil.shetty8840@example.invalid,3770686270,Shetty,Nikhil,,,,"Pune, Maharashtra, India",2574715791,,,,,,,,,Quality Engineer,
EMP-FFA8077156CA,priya.raoffa8,Priya Rao,,,,,,,,,,,India,Engineering,,priya.raoffa8@example.invalid,9127837265,Rao,Priya,,,,"Pune, Maharashtra, India",2620402485,,,,,,,,,Principal Engineer,
EMP-97E37E45ADB7,nolan.vaughn97e3,Nolan Vaughn,,,,,,,,,,,Peru,Sales,,nolan.vaughn97e3@example.invalid,7172736463,Vaughn,Nolan,,,,"Lima, Lima Province, Peru",0891448944,,,,,,,,,Senior Account Executive,
EMP-608C38FE2264,reese.pierce608c,Reese Pierce,,,,,,,,,,,USA,Product,,reese.pierce608c@example.invalid,8530432782,Pierce,Reese,,,,"Austin, TX, USA",0280006242,,,,,,,,,Product Manager,
EMP-B0BF2684268E,skyler.sheltonb0bf,Skyler Shelton,,,,,,,,,,,USA,Sales,,skyler.sheltonb0bf@example.invalid,0251456993,Shelton,Skyler,,,,"Boston, MA, USA",0891448944,,,,,,,,,Account Executive,
EMP-5A4C9EB4A370,quinn.whitaker5a4c,Quinn Whitaker,,,,,,,,,,,USA,Finance,,quinn.whitaker5a4c@example.invalid,0316878575,Whitaker,Quinn,,,,"Salt Lake City, UT, USA",0067001250,,,,,,,,,Accountant,
EMP-802BCD14FA1B,nikhil.shetty802b,Nikhil Shetty,,,,,,,,,,,India,Engineering,,nikhil.shetty802b@example.invalid,0832480399,Shetty,Nikhil,,,,"Pune, Maharashtra, India",7571433670,,,,,,,,,Site Reliability Engineer,
EMP-AFE16DA11514,paola.quinteroafe1,Paola Quintero,,,,,,,,,,,Mexico,Customer Success,,paola.quinteroafe1@example.invalid,5008136232,Quintero,Paola,,,,"Mexico City, Mexico",1710814652,,,,,,,,,Customer Success Manager,
EMP-62FBCCD2F5C0,aubrey.dawson62fb,Aubrey Dawson,,,,,,,,,,,USA,Product,,aubrey.dawson62fb@example.invalid,1309553590,Dawson,Aubrey,,,,"Seattle, WA, USA",0872988768,,,,,,,,,Senior Product Manager,
EMP-405B9AC2C567,hector.ocampo405b,Héctor Ocampo,,,,,,,,,,,Mexico,People,,hector.ocampo405b@example.invalid,2634264735,Ocampo,Héctor,,,,"Mexico City, Mexico",2329842297,,,,,,,,,People Operations Specialist,
EMP-506A731E8193,neha.mehta506a,Neha Mehta,,,,,,,,,,,India,IT,,neha.mehta506a@example.invalid,5425691986,Mehta,Neha,,,,"Pune, Maharashtra, India",7400912674,,,,,,,,,IT Support Specialist,
EMP-A9E50C84DD64,sawyer.whitakera9e5,Sawyer Whitaker,,,,,,,,,,,USA,Legal,,sawyer.whitakera9e5@example.invalid,6866098575,Whitaker,Sawyer,,,,"Salt Lake City, UT, USA",0400249940,,,,,,,,,Corporate Counsel,
EMP-545C55F43CEC,tanner.dawson545c,Tanner Dawson,,,,,,,,,,,USA,Product,,tanner.dawson545c@example.invalid,4525847120,Dawson,Tanner,,,,"Austin, TX, USA",2913310464,,,,,,,,,Product Manager,
EMP-8054F88FB587,jordan.grayson8054,Jordan Grayson,,,,,,,,,,,USA,IT,,jordan.grayson8054@example.invalid,1008025180,Grayson,Jordan,,,,"Austin, TX, USA",7526217330,,,,,,,,,IT Support Specialist,
EMP-A7E1F3A7D7AE,paola.quinteroa7e1,Paola Quintero,,,,,,,,,,,Mexico,People,,paola.quinteroa7e1@example.invalid,6297520769,Quintero,Paola,,,,"Mexico City, Mexico",2329842297,,,,,,,,,People Operations Specialist,
EMP-6C80F809A2CF,carter.whitaker6c80,Carter Whitaker,,,,,,,,,,,USA,Engineering,,carter.whitaker6c80@example.invalid,3385061040,Whitaker,Carter,,,,"San Francisco, CA, USA",0159073081,,,,,,,,,Senior Software Engineer,
EMP-4F74359D2E87,eitan.erez4f74,Eitan Erez,,,,,,,,,,,Israel,Engineering,,eitan.erez4f74@example.invalid,5501515626,Erez,Eitan,,,,"Tel Aviv, Israel",1744518224,,,,,,,,,Engineering Manager,
EMP-4E9D8B7B6CC7,quinn.kirby4e9d,Quinn Kirby,,,,,,,,,,,USA,Sales,,quinn.kirby4e9d@example.invalid,8524201675,Kirby,Quinn,,,,"Austin, TX, USA",0891448944,,,,,,,,,Sales Development Representative,
EMP-F0FE0BDE6495,priya.shettyf0fe,Priya Shetty,,,,,,,,,,,India,Engineering,,priya.shettyf0fe@example.invalid,2985356079,Shetty,Priya,,,,"Pune, Maharashtra, India",0377561358,,,,,,,,,Senior Software Engineer,
EMP-A36B1F762295,reese.carvera36b,Reese Carver,,,,,,,,,,,USA,Marketing,,reese.carvera36b@example.invalid,2937122561,Carver,Reese,,,,"Austin, TX, USA",1059039744,,,,,,,,,Marketing Specialist,
EMP-590B37A28EA1,gijs.boersma590b,Gijs Boersma,,,,,,,,,,,Netherlands,People,,gijs.boersma590b@example.invalid,5436597686,Boersma,Gijs,,,,"Amsterdam, Netherlands",2329842297,,,,,,,,,Recruiter,
EMP-A957BBA928AC,farhan.chauhana957,Farhan Chauhan,,,,,,,,,,,India,Engineering,,farhan.chauhana957@example.invalid,0589918623,Chauhan,Farhan,,,,"Pune, Maharashtra, India",5895814967,,,,,,,,,Software Engineer,
EMP-6130D78914E2,alejandra.bautista6130,Alejandra Bautista,,,,,,,,,,,Mexico,Finance,,alejandra.bautista6130@example.invalid,4322028652,Bautista,Alejandra,,,,"Mexico City, Mexico",7952165368,,,,,,,,,Financial Analyst,
EMP-DAD8AC1FB5A3,reese.fosterdad8,Reese Foster,,,,,,,,,,,USA,IT,,reese.fosterdad8@example.invalid,7429138507,Foster,Reese,,,,"Houston, TX, USA",2203223627,,,,,,,,,IT Support Specialist,
EMP-5EAE9DDE841D,peyton.shelton5eae,Peyton Shelton,,,,,,,,,,,USA,Customer Success,,peyton.shelton5eae@example.invalid,4537686530,Shelton,Peyton,,,,"Austin, TX, USA",2668820698,,,,,,,,,Support Engineer,
EMP-3A338E4A2DAD,maya.avraham3a33,Maya Avraham,,,,,,,,,,,Israel,Design,,maya.avraham3a33@example.invalid,7257115772,Avraham,Maya,,,,"Tel Aviv, Israel",2226904486,,,,,,,,,Design Manager,
EMP-C240FF0865C5,tanner.dawsonc240,Tanner Dawson,,,,,,,,,,,USA,Engineering,,tanner.dawsonc240@example.invalid,3399765258,Dawson,Tanner,,,,"San Diego, CA, USA",0159073081,,,,,,,,,Engineering Manager,
EMP-EB4BE621CEA1,lars.smitseb4b,Lars Smits,,,,,,,,,,,Netherlands,Customer Success,,lars.smitseb4b@example.invalid,5041385708,Smits,Lars,,,,"Amsterdam, Netherlands",5486230153,,,,,,,,,Senior Customer Success Manager,
EMP-7E37052A60F5,blake.norton7e37,Blake Norton,,,,,,,,,,,USA,Customer Success,,blake.norton7e37@example.invalid,2071458929,Norton,Blake,,,,"Austin, TX, USA",2668820698,,,,,,,,,Support Engineer,
EMP-8388FB3C90F7,mateo.guzman8388,Mateo Guzmán,,,,,,,,,,,Mexico,Customer Success,,mateo.guzman8388@example.invalid,3349987600,Guzmán,Mateo,,,,"Guadalajara, Jalisco, Mexico",0774203541,,,,,,,,,Senior Customer Success Manager,
EMP-352BE007719B,rosalie.dubois352b,Rosalie Dubois,,,,,,,,,,,Canada,Engineering,,rosalie.dubois352b@example.invalid,0584148458,Dubois,Rosalie,,,,"Montréal, Quebec, Canada",2866444592,,,,,,,,,Senior Software Engineer,
EMP-23F72E888DAA,hamish.callaghan23f7,Hamish Callaghan,,,,,,,,,,,Australia,Sales,,hamish.callaghan23f7@example.invalid,4602191413,Callaghan,Hamish,,,,"Melbourne, Victoria, Australia",0891448944,,,,,,,,,Enterprise Account Executive,
EMP-D3DDB38E7873,priya.bhattd3dd,Priya Bhatt,,,,,,,,,,,India,Engineering,,priya.bhattd3dd@example.invalid,6343401489,Bhatt,Priya,,,,"Pune, Maharashtra, India",1136502125,,,,,,,,,Staff Software Engineer,
EMP-5024B6A4D0BC,farhan.shetty5024,Farhan Shetty,,,,,,,,,,,India,Engineering,,farhan.shetty5024@example.invalid,1188745173,Shetty,Farhan,,,,"Pune, Maharashtra, India",9886586667,,,,,,,,,Software Engineer,
EMP-194FB8338631,fernando.alvarado194f,Fernando Alvarado,,,,,,,,,,,Mexico,Sales,,fernando.alvarado194f@example.invalid,5542597285,Alvarado,Fernando,,,,"Mexico City, Mexico",7518950386,,,,,,,,,Solutions Engineer,
EMP-1D1530DCE6D2,rahul.chauhan1d15,Rahul Chauhan,,,,,,,,,,,India,Engineering,,rahul.chauhan1d15@example.invalid,6934318292,Chauhan,Rahul,,,,"Pune, Maharashtra, India",4307339367,,,,,,,,,Software Engineer,
EMP-B8BE42E4B74E,freya.fairbanksb8be,Freya Fairbanks,,,,,,,,,,,United Kingdom,Legal,,freya.fairbanksb8be@example.invalid,8649122315,Fairbanks,Freya,,,,"London, England, United Kingdom",5358307679,,,,,,,,,Paralegal,
EMP-8C3F445F8AC2,quinn.dawson8c3f,Quinn Dawson,,,,,,,,,,,USA,IT,,quinn.dawson8c3f@example.invalid,5983258723,Dawson,Quinn,,,,"San Francisco, CA, USA",2203223627,,,,,,,,,Systems Administrator,
EMP-52F26F6B06A5,vikram.iyer52f2,Vikram Iyer,,,,,,,,,,,India,Engineering,,vikram.iyer52f2@example.invalid,0937738093,Iyer,Vikram,,,,"Pune, Maharashtra, India",7666260215,,,,,,,,,Software Engineer,
EMP-9BE6FE1653D7,aubrey.tate9be6,Aubrey Tate,,,,,,,,,,,USA,Engineering,,aubrey.tate9be6@example.invalid,2371618726,Tate,Aubrey,,,,"Austin, TX, USA",2734679348,,,,,,,,,Site Reliability Engineer,
EMP-098614EFD23D,paola.pena0986,Paola Peña,,,,,,,,,,,Mexico,Engineering,,paola.pena0986@example.invalid,3477567427,Peña,Paola,,,,"Mexico City, Mexico",0505070807,,,,,,,,,Staff Software Engineer,
EMP-E3F660527E68,oliver.dunmoree3f6,Oliver Dunmore,,,,,,,,,,,United Kingdom,Customer Success,,oliver.dunmoree3f6@example.invalid,8304840853,Dunmore,Oliver,,,,"London, England, United Kingdom",7096693014,,,,,,,,,Support Engineer,
EMP-862CF5D653C9,rahul.reddy862c,Rahul Reddy,,,,,,,,,,,India,Product,,rahul.reddy862c@example.invalid,0935138805,Reddy,Rahul,,,,"Pune, Maharashtra, India",8877427041,,,,,,,,,Product Manager,
EMP-29336C1139A9,sienna.ellery2933,Sienna Ellery,,,,,,,,,,,United Kingdom,Legal,,sienna.ellery2933@example.invalid,0604953792,Ellery,Sienna,,,,"London, England, United Kingdom",0400249940,,,,,,,,,Senior Corporate Counsel,
EMP-655DCB692ADF,rupert.blackwood655d,Rupert Blackwood,,,,,,,,,,,United Kingdom,Design,,rupert.blackwood655d@example.invalid,3216093486,Blackwood,Rupert,,,,"London, England, United Kingdom",2226904486,,,,,,,,,Content Designer,
EMP-FE3E0A29CF85,logan.yatesfe3e,Logan Yates,,,,,,,,,,,USA,Engineering,,logan.yatesfe3e@example.invalid,8881303837,Yates,Logan,,,,"Austin, TX, USA",2770923116,,,,,,,,,Engineering Manager,
EMP-5D47D3494862,avigail.dahan5d47,Avigail Dahan,,,,,,,,,,,Israel,Sales,,avigail.dahan5d47@example.invalid,0574232603,Dahan,Avigail,,,,"Tel Aviv, Israel",0891448944,,,,,,,,,Sales Development Representative,
EMP-7D8DDBC5E1CA,rohan.shetty7d8d,Rohan Shetty,,,,,,,,,,,India,Engineering,,rohan.shetty7d8d@example.invalid,9400401100,Shetty,Rohan,,,,"Pune, Maharashtra, India",6163396241,,,,,,,,,Senior Software Engineer,
EMP-4FFCC2790D31,cooper.fairweather4ffc,Cooper Fairweather,,,,,,,,,,,Australia,Sales,,cooper.fairweather4ffc@example.invalid,8295578148,Fairweather,Cooper,,,,"Sydney, New South Wales, Australia",3043691353,,,,,,,,,Account Executive,
EMP-EDD5555E8D43,imogen.dunmoreedd5,Imogen Dunmore,,,,,,,,,,,United Kingdom,Finance,,imogen.dunmoreedd5@example.invalid,1613563764,Dunmore,Imogen,,,,"London, England, United Kingdom",4316997889,,,,,,,,,Financial Analyst,
EMP-6FFF1BF55E5D,diego.salazar6fff,Diego Salazar,,,,,,,,,,,Mexico,Customer Success,,diego.salazar6fff@example.invalid,7935329870,Salazar,Diego,,,,"Mexico City, Mexico",6260880146,,,,,,,,,Technical Account Manager,
EMP-3CB3A035F0AA,paola.salazar3cb3,Paola Salazar,,,,,,,,,,,Mexico,Customer Success,,paola.salazar3cb3@example.invalid,6638309989,Salazar,Paola,,,,"Mexico City, Mexico",1862102718,,,,,,,,,Customer Success Manager,
EMP-8B70196264CF,eitan.gilad8b70,Eitan Gilad,,,,,,,,,,,Israel,Engineering,,eitan.gilad8b70@example.invalid,9052373691,Gilad,Eitan,,,,"Tel Aviv, Israel",2079722361,,,,,,,,,Senior Software Engineer,
EMP-097F01869863,eitan.yaron097f,Eitan Yaron,,,,,,,,,,,Israel,Product,,eitan.yaron097f@example.invalid,5977531353,Yaron,Eitan,,,,"Tel Aviv, Israel",0280006242,,,,,,,,,Director of Product Management,
EMP-9D89A2405E12,cameron.pierce9d89,Cameron Pierce,,,,,,,,,,,USA,Sales,,cameron.pierce9d89@example.invalid,3103909694,Pierce,Cameron,,,,"Austin, TX, USA",0891448944,,,,,,,,,Account Executive,
EMP-3BCB0D90B457,alejandra.pena3bcb,Alejandra Peña,,,,,,,,,,,Mexico,Engineering,,alejandra.pena3bcb@example.invalid,3662122719,Peña,Alejandra,,,,"Mexico City, Mexico",0924920881,,,,,,,,,Engineering Manager,
EMP-29E328BCB177,alejandra.bautista29e3,Alejandra Bautista,,,,,,,,,,,Mexico,Customer Success,,alejandra.bautista29e3@example.invalid,6164726683,Bautista,Alejandra,,,,"Mexico City, Mexico",1710814652,,,,,,,,,Technical Account Manager,
EMP-4FA117182D2D,blake.grayson4fa1,Blake Grayson,,,,,,,,,,,Costa Rica,Sales,,blake.grayson4fa1@example.invalid,2851325125,Grayson,Blake,,,,"San José, Costa Rica",0891448944,,,,,,,,,Senior Account Executive,
EMP-27C15D925BD5,cameron.shelton27c1,Cameron Shelton,,,,,,,,,,,USA,Customer Success,,cameron.shelton27c1@example.invalid,1171652059,Shelton,Cameron,,,,"Austin, TX, USA",2668820698,,,,,,,,,Senior Customer Success Manager,
EMP-52D25796CAF4,blake.norton52d2,Blake Norton,,,,,,,,,,,Germany,Customer Success,,blake.norton52d2@example.invalid,1381067025,Norton,Blake,,,,"Frankfurt am Main, Hesse, Germany",0774203541,,,,,,,,,Customer Success Manager,
EMP-516B881127BC,javier.escobar516b,Javier Escobar,,,,,,,,,,,Mexico,Customer Success,,javier.escobar516b@example.invalid,6842671861,Escobar,Javier,,,,"Mexico City, Mexico",1710814652,,,,,,,,,Senior Support Engineer,
EMP-E1D0708F6ADE,riley.marshe1d0,Riley Marsh,,,,,,,,,,,USA,Sales,,riley.marshe1d0@example.invalid,4965221590,Marsh,Riley,,,,"Austin, TX, USA",0891448944,,,,,,,,,Sales Development Representative,
EMP-5D4B01648806,priya.patil5d4b,Priya Patil,,,,,,,,,,,India,Product,,priya.patil5d4b@example.invalid,0071071278,Patil,Priya,,,,"Pune, Maharashtra, India",1148360592,,,,,,,,,Product Manager,
EMP-52012D234B0C,desmond.whitfield5201,Desmond Whitfield,,,,,,,,,,,Canada,Design,,desmond.whitfield5201@example.invalid,5693034019,Whitfield,Desmond,,,,"Vancouver, British Columbia, Canada",2226904486,,,,,,,,,Senior Product Designer,
EMP-D3CDE3DBBF74,lucia.escobard3cd,Lucía Escobar,,,,,,,,,,,Mexico,Customer Success,,lucia.escobard3cd@example.invalid,5177913843,Escobar,Lucía,,,,"Mexico City, Mexico",6260880146,,,,,,,,,Senior Customer Success Manager,
EMP-628A4407AECE,callum.dunmore628a,Callum Dunmore,,,,,,,,,,,United Kingdom,Product,,callum.dunmore628a@example.invalid,2291218926,Dunmore,Callum,,,,"London, England, United Kingdom",0280006242,,,,,,,,,Senior Product Manager,
EMP-961B42671F04,skyler.jennings961b,Skyler Jennings,,,,,,,,,,,USA,Product,,skyler.jennings961b@example.invalid,0729860848,Jennings,Skyler,,,,"Seattle, WA, USA",0872988768,,,,,,,,,Principal Product Manager,
EMP-7E9052FEC53D,isabela.carrillo7e90,Isabela Carrillo,,,,,,,,,,,Mexico,Sales,,isabela.carrillo7e90@example.invalid,9609544156,Carrillo,Isabela,,,,"Mexico City, Mexico",9530444629,,,,,,,,,Enterprise Account Executive,
EMP-74F264F50164,morgan.norton74f2,Morgan Norton,,,,,,,,,,,USA,Finance,,morgan.norton74f2@example.invalid,6216743795,Norton,Morgan,,,,"Austin, TX, USA",0067001250,,,,,,,,,Accountant,
EMP-3FFF73F0EA44,aubrey.dawson3fff,Aubrey Dawson,,,,,,,,,,,USA,Engineering,,aubrey.dawson3fff@example.invalid,2010362747,Dawson,Aubrey,,,,"Austin, TX, USA",9750141879,,,,,,,,,Senior Software Engineer,
EMP-DD3DB0721C92,kenji.shimizudd3d,Kenji Shimizu,,,,,,,,,,,Japan,Sales,,kenji.shimizudd3d@example.invalid,0113550840,Shimizu,Kenji,,,,"Tokyo, Japan",0891448944,,,,,,,,,Enterprise Account Executive,
EMP-8D78BFFDE894,kavya.reddy8d78,Kavya Reddy,,,,,,,,,,,India,IT,,kavya.reddy8d78@example.invalid,3802765988,Reddy,Kavya,,,,"Pune, Maharashtra, India",3824545051,,,,,,,,,IT Support Specialist,
EMP-50343A4D1B85,farhan.sharma5034,Farhan Sharma,,,,,,,,,,,India,Engineering,,farhan.sharma5034@example.invalid,4671803841,Sharma,Farhan,,,,"Pune, Maharashtra, India",9762329093,,,,,,,,,Site Reliability Engineer,
EMP-BCAE5B04403A,callum.halliwellbcae,Callum Halliwell,,,,,,,,,,,United Kingdom,Marketing,,callum.halliwellbcae@example.invalid,8893670755,Halliwell,Callum,,,,"London, England, United Kingdom",6291279481,,,,,,,,,Marketing Specialist,
EMP-13102EF5675C,quinn.hollis1310,Quinn Hollis,,,,,,,,,,,USA,Marketing,,quinn.hollis1310@example.invalid,7883987764,Hollis,Quinn,,,,"Austin, TX, USA",1059039744,,,,,,,,,Marketing Specialist,
EMP-498FB9C68E1F,ananya.nair498f,Ananya Nair,,,,,,,,,,,India,Product,,ananya.nair498f@example.invalid,8877427041,Nair,Ananya,,,,"Pune, Maharashtra, India",0280006242,,,,,,,,,Director of Product Management,
EMP-91882E1E39B3,manish.deshmukh9188,Manish Deshmukh,,,,,,,,,,,India,Engineering,,manish.deshmukh9188@example.invalid,9684162560,Deshmukh,Manish,,,,"Pune, Maharashtra, India",8384827170,,,,,,,,,Senior Software Engineer,
EMP-DB8A833B4D33,logan.bennettdb8a,Logan Bennett,,,,,,,,,,,Sweden,Customer Success,,logan.bennettdb8a@example.invalid,1813814210,Bennett,Logan,,,,"Stockholm, Sweden",0774203541,,,,,,,,,Senior Support Engineer,
EMP-9C51538C9B8C,sanya.verma9c51,Sanya Verma,,,,,,,,,,,India,Engineering,,sanya.verma9c51@example.invalid,6400519124,Verma,Sanya,,,,"Pune, Maharashtra, India",1805818302,,,,,,,,,Engineering Manager,
EMP-B2F3BDE53350,gabriela.fuentesb2f3,Gabriela Fuentes,,,,,,,,,,,Mexico,Customer Success,,gabriela.fuentesb2f3@example.invalid,0197938129,Fuentes,Gabriela,,,,"Mexico City, Mexico",1710814652,,,,,,,,,Support Engineer,
EMP-7739C0AC6BB6,carter.shelton7739,Carter Shelton,,,,,,,,,,,USA,Product,,carter.shelton7739@example.invalid,0959979526,Shelton,Carter,,,,"Austin, TX, USA",4485408201,,,,,,,,,Senior Product Manager,
EMP-906E80709D81,logan.ashford906e,Logan Ashford,,,,,,,,,,,South Africa,Finance,,logan.ashford906e@example.invalid,0067001250,Ashford,Logan,,,,"Pretoria, Gauteng, South Africa",,,,,,,,,,Controller,
EMP-32A296AB2F20,cameron.marsh32a2,Cameron Marsh,,,,,,,,,,,USA,Engineering,,cameron.marsh32a2@example.invalid,0097785181,Marsh,Cameron,,,,"Washington, DC, USA",0159073081,,,,,,,,,Software Engineer,
EMP-32231D6163B9,ananya.patil3223,Ananya Patil,,,,,,,,,,,India,Engineering,,ananya.patil3223@example.invalid,0203371608,Patil,Ananya,,,,"Pune, Maharashtra, India",2101934803,,,,,,,,,Staff Software Engineer,
EMP-83CF24DB0B4C,oliver.dunmore83cf,Oliver Dunmore,,,,,,,,,,,United Kingdom,Engineering,,oliver.dunmore83cf@example.invalid,2353684499,Dunmore,Oliver,,,,"London, England, United Kingdom",5137228435,,,,,,,,,Staff Software Engineer,
EMP-8A00659DDDA8,nikhil.iyer8a00,Nikhil Iyer,,,,,,,,,,,India,IT,,nikhil.iyer8a00@example.invalid,5937105722,Iyer,Nikhil,,,,"Pune, Maharashtra, India",6826779219,,,,,,,,,Systems Administrator,
EMP-CD35A594B8B2,bonnie.quinlancd35,Bonnie Quinlan,,,,,,,,,,,Australia,Engineering,,bonnie.quinlancd35@example.invalid,9713359892,Quinlan,Bonnie,,,,"Sydney, New South Wales, Australia",0159073081,,,,,,,,,Site Reliability Engineer,
EMP-07A147FE55DF,kelsey.yates07a1,Kelsey Yates,,,,,,,,,,,USA,Engineering,,kelsey.yates07a1@example.invalid,7203874650,Yates,Kelsey,,,,"Austin, TX, USA",8248583648,,,,,,,,,Senior Software Engineer,
EMP-00EE182196DD,sawyer.shelton00ee,Sawyer Shelton,,,,,,,,,,,USA,Customer Success,,sawyer.shelton00ee@example.invalid,7001233391,Shelton,Sawyer,,,,"Austin, TX, USA",2668820698,,,,,,,,,Customer Success Manager,
EMP-2612297F85A4,aubrey.hollis2612,Aubrey Hollis,,,,,,,,,,,Malaysia,Engineering,,aubrey.hollis2612@example.invalid,0701814609,Hollis,Aubrey,,,,"Kuala Lumpur, Malaysia",0159073081,,,,,,,,,Software Engineer,
EMP-BDB714C1C70D,riley.dawsonbdb7,Riley Dawson,,,,,,,,,,,USA,Product,,riley.dawsonbdb7@example.invalid,6407256797,Dawson,Riley,,,,"Austin, TX, USA",4485408201,,,,,,,,,Principal Product Manager,
EMP-EB820BB08702,isabela.ocampoeb82,Isabela Ocampo,,,,,,,,,,,Mexico,Engineering,,isabela.ocampoeb82@example.invalid,8692688640,Ocampo,Isabela,,,,"Mexico City, Mexico",0159073081,,,,,,,,,Director of Engineering,
EMP-9173EA37F650,diego.quintero9173,Diego Quintero,,,,,,,,,,,Mexico,Sales,,diego.quintero9173@example.invalid,3897865595,Quintero,Diego,,,,"Monterrey, Nuevo León, Mexico",0891448944,,,,,,,,,Sales Development Representative,
EMP-8301DEB01EEE,cameron.grayson8301,Cameron Grayson,,,,,,,,,,,USA,Finance,,cameron.grayson8301@example.invalid,1959834330,Grayson,Cameron,,,,"Austin, TX, USA",0067001250,,,,,,,,,Revenue Operations Analyst,
EMP-DA300902406E,reese.dawsonda30,Reese Dawson,,,,,,,,,,,Turkey,Product,,reese.dawsonda30@example.invalid,4425982216,Dawson,Reese,,,,"Istanbul, Turkey",0280006242,,,,,,,,,Product Manager,
EMP-7BDA9D828937,logan.bennett7bda,Logan Bennett,,,,,,,,,,,USA,Legal,,logan.bennett7bda@example.invalid,5561502811,Bennett,Logan,,,,"Austin, TX, USA",8694632567,,,,,,,,,Compliance Analyst,
EMP-D3E8EAD61A67,javier.salazard3e8,Javier Salazar,,,,,,,,,,,Mexico,Marketing,,javier.salazard3e8@example.invalid,1886573984,Salazar,Javier,,,,"Mexico City, Mexico",9262248049,,,,,,,,,Product Marketing Manager,
EMP-6BA8CB6EECDB,camila.pena6ba8,Camila Peña,,,,,,,,,,,Mexico,Marketing,,camila.pena6ba8@example.invalid,5426358805,Peña,Camila,,,,"Mexico City, Mexico",9262248049,,,,,,,,,Product Marketing Manager,
EMP-EFE7F2A14E10,rahul.raoefe7,Rahul Rao,,,,,,,,,,,India,Engineering,,rahul.raoefe7@example.invalid,9298282727,Rao,Rahul,,,,"Pune, Maharashtra, India",1805818302,,,,,,,,,Engineering Manager,
EMP-F4FE8F61B75F,miles.halliwellf4fe,Miles Halliwell,,,,,,,,,,,United Kingdom,Customer Success,,miles.halliwellf4fe@example.invalid,9190010334,Halliwell,Miles,,,,"London, England, United Kingdom",7096693014,,,,,,,,,Support Engineer,
EMP-36CF99DB35DE,miles.sinclair36cf,Miles Sinclair,,,,,,,,,,,United Kingdom,Customer Success,,miles.sinclair36cf@example.invalid,5007855670,Sinclair,Miles,,,,"London, England, United Kingdom",3151268880,,,,,,,,,Senior Support Engineer,
EMP-4F41DDE42342,oscar.bautista4f41,Óscar Bautista,,,,,,,,,,,Mexico,Engineering,,oscar.bautista4f41@example.invalid,4396344623,Bautista,Óscar,,,,"Mexico City, Mexico",4081765633,,,,,,,,,Software Engineer,
EMP-146181D9A9ED,poppy.kingsley1461,Poppy Kingsley,,,,,,,,,,,United Kingdom,Legal,,poppy.kingsley1461@example.invalid,5358307679,Kingsley,Poppy,,,,"London, England, United Kingdom",0400249940,,,,,,,,,Senior Corporate Counsel,
EMP-915D1B19F3B8,miles.ellery915d,Miles Ellery,,,,,,,,,,,United Kingdom,Finance,,miles.ellery915d@example.invalid,6610733032,Ellery,Miles,,,,"London, England, United Kingdom",4316997889,,,,,,,,,Senior Financial Analyst,
EMP-EC52AF7A109E,sanya.nairec52,Sanya Nair,,,,,,,,,,,India,Product,,sanya.nairec52@example.invalid,9840940685,Nair,Sanya,,,,"Pune, Maharashtra, India",3783346509,,,,,,,,,Product Manager,
EMP-41B16CC55711,peyton.yates41b1,Peyton Yates,,,,,,,,,,,USA,Product,,peyton.yates41b1@example.invalid,8168251795,Yates,Peyton,,,,"Washington, DC, USA",0280006242,,,,,,,,,Senior Product Manager,
EMP-0A90AE612AE9,farhan.deshmukh0a90,Farhan Deshmukh,,,,,,,,,,,India,Product,,farhan.deshmukh0a90@example.invalid,9380623774,Deshmukh,Farhan,,,,"Pune, Maharashtra, India",1561337976,,,,,,,,,Product Manager,
EMP-A03FF7B90666,jocelyn.ouellettea03f,Jocelyn Ouellette,,,,,,,,,,,Canada,Customer Success,,jocelyn.ouellettea03f@example.invalid,3649599873,Ouellette,Jocelyn,,,,"Toronto, Ontario, Canada",3809158307,,,,,,,,,Senior Customer Success Manager,
EMP-BD6CED39341A,reese.fosterbd6c,Reese Foster,,,,,,,,,,,Saudi Arabia,Marketing,,reese.fosterbd6c@example.invalid,0596181534,Foster,Reese,,,,"Riyadh, Riyadh Region, Saudi Arabia",1059039744,,,,,,,,,Marketing Specialist,
EMP-E064DA7B6FFB,morgan.ashforde064,Morgan Ashford,,,,,,,,,,,USA,Marketing,,morgan.ashforde064@example.invalid,5861479100,Ashford,Morgan,,,,"Washington, DC, USA",1059039744,,,,,,,,,Product Marketing Manager,
EMP-3EB841DEC2F8,rohan.reddy3eb8,Rohan Reddy,,,,,,,,,,,India,Engineering,,rohan.reddy3eb8@example.invalid,1075897808,Reddy,Rohan,,,,"Pune, Maharashtra, India",9298282727,,,,,,,,,Staff Software Engineer,
EMP-78D441264A0C,reese.hollis78d4,Reese Hollis,,,,,,,,,,,USA,Customer Success,,reese.hollis78d4@example.invalid,2320906471,Hollis,Reese,,,,"Austin, TX, USA",2668820698,,,,,,,,,Senior Customer Success Manager,
EMP-4CDC7A9FF92D,priya.gokhale4cdc,Priya Gokhale,,,,,,,,,,,India,Sales,,priya.gokhale4cdc@example.invalid,9257759197,Gokhale,Priya,,,,"Pune, Maharashtra, India",7693206320,,,,,,,,,Enterprise Account Executive,
EMP-4170D3A5EA6C,eitan.katz4170,Eitan Katz,,,,,,,,,,,Israel,Engineering,,eitan.katz4170@example.invalid,9412926117,Katz,Eitan,,,,"Tel Aviv, Israel",8991844032,,,,,,,,,Principal Engineer,
EMP-1F0AA0929A9F,nikhil.shetty1f0a,Nikhil Shetty,,,,,,,,,,,India,Product,,nikhil.shetty1f0a@example.invalid,6462662451,Shetty,Nikhil,,,,"Pune, Maharashtra, India",1148360592,,,,,,,,,Senior Product Manager,
EMP-D5B3883F385B,kelsey.hollisd5b3,Kelsey Hollis,,,,,,,,,,,Ecuador,Sales,,kelsey.hollisd5b3@example.invalid,6019710995,Hollis,Kelsey,,,,"Quito, Pichincha, Ecuador",0891448944,,,,,,,,,Account Executive,
EMP-4104A6DC856B,sanya.rao4104,Sanya Rao,,,,,,,,,,,India,Engineering,,sanya.rao4104@example.invalid,8433584019,Rao,Sanya,,,,"Pune, Maharashtra, India",6030538551,,,,,,,,,Senior Software Engineer,
EMP-5AB63237017D,natalia.jimenez5ab6,Natalia Jiménez,,,,,,,,,,,Mexico,Sales,,natalia.jimenez5ab6@example.invalid,1004429890,Jiménez,Natalia,,,,"Mexico City, Mexico",9812394783,,,,,,,,,Account Executive,
EMP-A755E068FFB3,farhan.chauhana755,Farhan Chauhan,,,,,,,,,,,India,Engineering,,farhan.chauhana755@example.invalid,8925523736,Chauhan,Farhan,,,,"Pune, Maharashtra, India",9886586667,,,,,,,,,Senior Software Engineer,
EMP-1AA5125CF2D8,rhea.nair1aa5,Rhea Nair,,,,,,,,,,,India,Engineering,,rhea.nair1aa5@example.invalid,6563953545,Nair,Rhea,,,,"Pune, Maharashtra, India",2620402485,,,,,,,,,Software Engineer,
EMP-D1D4B926F353,gabriela.quinterod1d4,Gabriela Quintero,,,,,,,,,,,Mexico,Sales,,gabriela.quinterod1d4@example.invalid,5931850309,Quintero,Gabriela,,,,"Mexico City, Mexico",7518950386,,,,,,,,,Account Executive,
EMP-2C40549D4CEE,rupert.merrick2c40,Rupert Merrick,,,,,,,,,,,United Kingdom,Sales,,rupert.merrick2c40@example.invalid,0755601994,Merrick,Rupert,,,,"London, England, United Kingdom",7748760027,,,,,,,,,Senior Account Executive,
EMP-CA70BDFA9BBE,alejandra.ocampoca70,Alejandra Ocampo,,,,,,,,,,,Mexico,Sales,,alejandra.ocampoca70@example.invalid,7105460609,Ocampo,Alejandra,,,,"Mexico City, Mexico",9812394783,,,,,,,,,Sales Development Representative,
EMP-48B2A7FEE4BC,nell.sinclair48b2,Nell Sinclair,,,,,,,,,,,United Kingdom,Product,,nell.sinclair48b2@example.invalid,9786367121,Sinclair,Nell,,,,"London, England, United Kingdom",0280006242,,,,,,,,,Product Manager,
EMP-06CCA8BD8C66,nolan.landry06cc,Nolan Landry,,,,,,,,,,,USA,People,,nolan.landry06cc@example.invalid,1534385991,Landry,Nolan,,,,"Austin, TX, USA",4269232348,,,,,,,,,HR Business Partner,
EMP-02D3A38D4414,diego.carrillo02d3,Diego Carrillo,,,,,,,,,,,Mexico,Finance,,diego.carrillo02d3@example.invalid,5289743215,Carrillo,Diego,,,,"Mexico City, Mexico",7952165368,,,,,,,,,Revenue Operations Analyst,
EMP-0BC69C168E2B,quinn.shelton0bc6,Quinn Shelton,,,,,,,,,,,USA,Product,,quinn.shelton0bc6@example.invalid,0494344128,Shelton,Quinn,,,,"Austin, TX, USA",0280006242,,,,,,,,,Product Manager,
EMP-517C245CB1C8,rhea.verma517c,Rhea Verma,,,,,,,,,,,India,Customer Success,,rhea.verma517c@example.invalid,4722595540,Verma,Rhea,,,,"Pune, Maharashtra, India",4373359127,,,,,,,,,Support Engineer,
EMP-DA7019321673,rohan.iyerda70,Rohan Iyer,,,,,,,,,,,India,IT,,rohan.iyerda70@example.invalid,0575590735,Iyer,Rohan,,,,"Pune, Maharashtra, India",2203223627,,,,,,,,,Systems Administrator,
EMP-84DADD4A199F,lottie.merrick84da,Lottie Merrick,,,,,,,,,,,United Kingdom,Customer Success,,lottie.merrick84da@example.invalid,8256620995,Merrick,Lottie,,,,"London, England, United Kingdom",3151268880,,,,,,,,,Customer Success Manager,
EMP-25D3D5393410,emile.lachance25d3,Émile Lachance,,,,,,,,,,,Canada,Customer Success,,emile.lachance25d3@example.invalid,1152608888,Lachance,Émile,,,,"Toronto, Ontario, Canada",0774203541,,,,,,,,,Director of Customer Success,
EMP-32717B8323F0,riley.kirby3271,Riley Kirby,,,,,,,,,,,USA,IT,,riley.kirby3271@example.invalid,7438603150,Kirby,Riley,,,,"Austin, TX, USA",2522773902,,,,,,,,,IT Support Specialist,
EMP-61B2E6509855,sawyer.ellison61b2,Sawyer Ellison,,,,,,,,,,,USA,Finance,,sawyer.ellison61b2@example.invalid,1360993415,Ellison,Sawyer,,,,"Austin, TX, USA",0067001250,,,,,,,,,Financial Analyst,
EMP-DC6B2617C4CF,yonatan.shanidc6b,Yonatan Shani,,,,,,,,,,,Israel,Engineering,,yonatan.shanidc6b@example.invalid,4380232056,Shani,Yonatan,,,,"Tel Aviv, Israel",0500143343,,,,,,,,,Software Engineer,
EMP-3171EC9FCB26,aubrey.dawson3171,Aubrey Dawson,,,,,,,,,,,USA,Customer Success,,aubrey.dawson3171@example.invalid,1279005033,Dawson,Aubrey,,,,"Austin, TX, USA",2668820698,,,,,,,,,Technical Account Manager,
EMP-5DB8FAB32DEE,blake.landry5db8,Blake Landry,,,,,,,,,,,USA,Engineering,,blake.landry5db8@example.invalid,8718769779,Landry,Blake,,,,"Austin, TX, USA",5656559865,,,,,,,,,Site Reliability Engineer,
EMP-8A4769F34A28,nell.cartwright8a47,Nell Cartwright,,,,,,,,,,,United Kingdom,Customer Success,,nell.cartwright8a47@example.invalid,4222678957,Cartwright,Nell,,,,"London, England, United Kingdom",7096693014,,,,,,,,,Customer Success Manager,
EMP-E53C1E75830F,paola.alvaradoe53c,Paola Alvarado,,,,,,,,,,,Mexico,People,,paola.alvaradoe53c@example.invalid,3346971762,Alvarado,Paola,,,,"Mexico City, Mexico",2329842297,,,,,,,,,HR Business Partner,
EMP-97022D7C24B2,elena.alvarado9702,Elena Alvarado,,,,,,,,,,,Mexico,IT,,elena.alvarado9702@example.invalid,0895396272,Alvarado,Elena,,,,"Monterrey, Nuevo León, Mexico",2203223627,,,,,,,,,Identity Engineer,
EMP-7B8B5BF9DA6F,riley.hollis7b8b,Riley Hollis,,,,,,,,,,,USA,Engineering,,riley.hollis7b8b@example.invalid,7097616129,Hollis,Riley,,,,"Los Angeles, CA, USA",0159073081,,,,,,,,,Software Engineer,
EMP-3E920440EB3F,itai.katz3e92,Itai Katz,,,,,,,,,,,Israel,Engineering,,itai.katz3e92@example.invalid,3822523882,Katz,Itai,,,,"Tel Aviv, Israel",9346450824,,,,,,,,,Software Engineer,
EMP-A386225E8AED,jordan.whitakera386,Jordan Whitaker,,,,,,,,,,,USA,Product,,jordan.whitakera386@example.invalid,4514551156,Whitaker,Jordan,,,,"Austin, TX, USA",4485408201,,,,,,,,,Product Manager,
EMP-3D87A496BE8E,devika.shetty3d87,Devika Shetty,,,,,,,,,,,India,Finance,,devika.shetty3d87@example.invalid,5518598285,Shetty,Devika,,,,"Pune, Maharashtra, India",8806961831,,,,,,,,,Revenue Operations Analyst,
EMP-2DF9BA54933C,riley.marsh2df9,Riley Marsh,,,,,,,,,,,USA,Sales,,riley.marsh2df9@example.invalid,3317941310,Marsh,Riley,,,,"Austin, TX, USA",0891448944,,,,,,,,,Account Executive,
EMP-41A8ECE8E158,desmond.nadeau41a8,Desmond Nadeau,,,,,,,,,,,Canada,Customer Success,,desmond.nadeau41a8@example.invalid,3509933738,Nadeau,Desmond,,,,"Toronto, Ontario, Canada",1152608888,,,,,,,,,Customer Success Manager,
EMP-225244BC695B,jordan.ellison2252,Jordan Ellison,,,,,,,,,,,Finland,Engineering,,jordan.ellison2252@example.invalid,1391983208,Ellison,Jordan,,,,"Helsinki, Uusimaa, Finland",0159073081,,,,,,,,,Engineering Manager,
EMP-6054A60BEA87,sylvie.fontaine6054,Sylvie Fontaine,,,,,,,,,,,France,Engineering,,sylvie.fontaine6054@example.invalid,5794363648,Fontaine,Sylvie,,,,"Paris, France",5078412691,,,,,,,,,Senior Software Engineer,
EMP-5C2D76605DB7,avigail.mizrahi5c2d,Avigail Mizrahi,,,,,,,,,,,Israel,Sales,,avigail.mizrahi5c2d@example.invalid,1702602922,Mizrahi,Avigail,,,,"Tel Aviv, Israel",0891448944,,,,,,,,,Sales Development Representative,
EMP-1B8222C5182D,diego.lozano1b82,Diego Lozano,,,,,,,,,,,Mexico,Customer Success,,diego.lozano1b82@example.invalid,5905971191,Lozano,Diego,,,,"Mexico City, Mexico",6260880146,,,,,,,,,Support Engineer,
EMP-8B2DD3BF3EDE,riley.tate8b2d,Riley Tate,,,,,,,,,,,USA,Engineering,,riley.tate8b2d@example.invalid,3570977939,Tate,Riley,,,,"Austin, TX, USA",1733969300,,,,,,,,,Staff Software Engineer,
EMP-E57F19E34F7D,priya.reddye57f,Priya Reddy,,,,,,,,,,,India,Design,,priya.reddye57f@example.invalid,0809650111,Reddy,Priya,,,,"Pune, Maharashtra, India",2488224667,,,,,,,,,Senior Product Designer,
EMP-6475AB2B8A4C,quinn.whitaker6475,Quinn Whitaker,,,,,,,,,,,Taiwan,Sales,,quinn.whitaker6475@example.invalid,9560182532,Whitaker,Quinn,,,,"Taipei, Taiwan, Taiwan",0891448944,,,,,,,,,Senior Account Executive,
EMP-EADE0A7EE6C5,jasper.pembertoneade,Jasper Pemberton,,,,,,,,,,,United Kingdom,Sales,,jasper.pembertoneade@example.invalid,9858745691,Pemberton,Jasper,,,,"London, England, United Kingdom",7748760027,,,,,,,,,Senior Account Executive,
EMP-A121EEDBE4F2,jordan.jenningsa121,Jordan Jennings,,,,,,,,,,,USA,Sales,,jordan.jenningsa121@example.invalid,2544186503,Jennings,Jordan,,,,"Austin, TX, USA",0891448944,,,,,,,,,Senior Account Executive,
EMP-124DE323F8E3,camille.sauvage124d,Camille Sauvage,,,,,,,,,,,France,Customer Success,,camille.sauvage124d@example.invalid,9528470200,Sauvage,Camille,,,,"Paris, France",0774203541,,,,,,,,,Technical Account Manager,
EMP-A48DFDBD7713,blake.dawsona48d,Blake Dawson,,,,,,,,,,,USA,Engineering,,blake.dawsona48d@example.invalid,4124801016,Dawson,Blake,,,,"Austin, TX, USA",2277742130,,,,,,,,,Staff Software Engineer,
EMP-ED888EFA4E52,diego.jimenezed88,Diego Jiménez,,,,,,,,,,,Mexico,Customer Success,,diego.jimenezed88@example.invalid,9528544407,Jiménez,Diego,,,,"Guadalajara, Jalisco, Mexico",0774203541,,,,,,,,,Support Engineer,
EMP-E89CCDF7AF72,fernando.carrilloe89c,Fernando Carrillo,,,,,,,,,,,Mexico,Product,,fernando.carrilloe89c@example.invalid,6850248718,Carrillo,Fernando,,,,"Mexico City, Mexico",0280006242,,,,,,,,,Product Manager,
EMP-8762EE79F497,hamish.wickham8762,Hamish Wickham,,,,,,,,,,,Australia,Customer Success,,hamish.wickham8762@example.invalid,0399964283,Wickham,Hamish,,,,"Sydney, New South Wales, Australia",0774203541,,,,,,,,,Customer Success Manager,
EMP-C1146E3B7937,camila.carrilloc114,Camila Carrillo,,,,,,,,,,,Mexico,Finance,,camila.carrilloc114@example.invalid,0570101722,Carrillo,Camila,,,,"Guadalajara, Jalisco, Mexico",0067001250,,,,,,,,,Financial Analyst,
EMP-507287562315,alejandra.jimenez5072,Alejandra Jiménez,,,,,,,,,,,Mexico,People,,alejandra.jimenez5072@example.invalid,4404807995,Jiménez,Alejandra,,,,"Puebla, Mexico",2329842297,,,,,,,,,HR Business Partner,
EMP-E5086A04BA13,alejandra.alvaradoe508,Alejandra Alvarado,,,,,,,,,,,Mexico,Engineering,,alejandra.alvaradoe508@example.invalid,3033406064,Alvarado,Alejandra,,,,"Mexico City, Mexico",4081765633,,,,,,,,,Senior Software Engineer,
EMP-3E0037347FEE,jordan.whitaker3e00,Jordan Whitaker,,,,,,,,,,,USA,IT,,jordan.whitaker3e00@example.invalid,8975694402,Whitaker,Jordan,,,,"Austin, TX, USA",7526217330,,,,,,,,,IT Support Specialist,
EMP-D17E17B623B8,oscar.quinterod17e,Óscar Quintero,,,,,,,,,,,Mexico,Sales,,oscar.quinterod17e@example.invalid,2043269441,Quintero,Óscar,,,,"Santiago de Querétaro, Querétaro, Mexico",0891448944,,,,,,,,,Account Executive,
EMP-F985C30A2C58,avery.piercef985,Avery Pierce,,,,,,,,,,,USA,Customer Success,,avery.piercef985@example.invalid,5807667169,Pierce,Avery,,,,"Chicago, IL, USA",0774203541,,,,,,,,,Customer Success Manager,
EMP-19D373F554DC,tanner.grayson19d3,Tanner Grayson,,,,,,,,,,,USA,Sales,,tanner.grayson19d3@example.invalid,8562048558,Grayson,Tanner,,,,"Austin, TX, USA",0891448944,,,,,,,,,Account Executive,
EMP-CF06001D485E,damien.beaulieucf06,Damien Beaulieu,,,,,,,,,,,France,Sales,,damien.beaulieucf06@example.invalid,1479555719,Beaulieu,Damien,,,,"Paris, France",0891448944,,,,,,,,,Senior Account Executive,
EMP-0ABBF92FB77F,ishaan.joshi0abb,Ishaan Joshi,,,,,,,,,,,India,Customer Success,,ishaan.joshi0abb@example.invalid,4361505350,Joshi,Ishaan,,,,"Pune, Maharashtra, India",4373359127,,,,,,,,,Senior Support Engineer,
EMP-315E17C3ECB2,elena.carrillo315e,Elena Carrillo,,,,,,,,,,,Mexico,Engineering,,elena.carrillo315e@example.invalid,5926452330,Carrillo,Elena,,,,"Mexico City, Mexico",7104724007,,,,,,,,,Software Engineer,
EMP-4685DE24326A,reese.ellison4685,Reese Ellison,,,,,,,,,,,USA,Finance,,reese.ellison4685@example.invalid,1603489822,Ellison,Reese,,,,"Austin, TX, USA",0067001250,,,,,,,,,Financial Analyst,
EMP-FD05394087D6,dana.kirbyfd05,Dana Kirby,,,,,,,,,,,USA,Finance,,dana.kirbyfd05@example.invalid,5798960132,Kirby,Dana,,,,"Austin, TX, USA",0067001250,,,,,,,,,Senior Financial Analyst,
EMP-67C1E94518C8,hector.quintero67c1,Héctor Quintero,,,,,,,,,,,Mexico,Customer Success,,hector.quintero67c1@example.invalid,9389563866,Quintero,Héctor,,,,"Mexico City, Mexico",6260880146,,,,,,,,,Technical Account Manager,
EMP-3652EE2797ED,avery.kirby3652,Avery Kirby,,,,,,,,,,,USA,Sales,,avery.kirby3652@example.invalid,9958435074,Kirby,Avery,,,,"Seattle, WA, USA",7464248768,,,,,,,,,Account Executive,
EMP-543664B022C9,yui.inoue5436,Yui Inoue,,,,,,,,,,,Japan,Sales,,yui.inoue5436@example.invalid,5588988566,Inoue,Yui,,,,"Tokyo, Japan",0891448944,,,,,,,,,Account Executive,
EMP-B814925E731E,cameron.ramseyb814,Cameron Ramsey,,,,,,,,,,,USA,Sales,,cameron.ramseyb814@example.invalid,6868905649,Ramsey,Cameron,,,,"Atlanta, GA, USA",1081154130,,,,,,,,,Sales Development Representative,
EMP-6FCD7FA7B8F7,paola.guzman6fcd,Paola Guzmán,,,,,,,,,,,Mexico,Customer Success,,paola.guzman6fcd@example.invalid,6775150579,Guzmán,Paola,,,,"Tijuana, Baja California, Mexico",0774203541,,,,,,,,,Support Engineer,
EMP-C100590D4D9F,rodrigo.ocampoc100,Rodrigo Ocampo,,,,,,,,,,,Mexico,Customer Success,,rodrigo.ocampoc100@example.invalid,2991823489,Ocampo,Rodrigo,,,,"Mexico City, Mexico",1710814652,,,,,,,,,Customer Success Manager,
EMP-8A955C781439,nolan.ramsey8a95,Nolan Ramsey,,,,,,,,,,,USA,Engineering,,nolan.ramsey8a95@example.invalid,9569062306,Ramsey,Nolan,,,,"San Diego, CA, USA",0159073081,,,,,,,,,Engineering Manager,
EMP-02AC7AF0C949,reese.dawson02ac,Reese Dawson,,,,,,,,,,,USA,IT,,reese.dawson02ac@example.invalid,8657875278,Dawson,Reese,,,,"Austin, TX, USA",7376848747,,,,,,,,,IT Support Specialist,
EMP-921A3AD1E262,kelsey.ashford921a,Kelsey Ashford,,,,,,,,,,,USA,Sales,,kelsey.ashford921a@example.invalid,2052610965,Ashford,Kelsey,,,,"Austin, TX, USA",0891448944,,,,,,,,,Senior Account Executive,
EMP-688C640A924A,yuki.tachibana688c,Yuki Tachibana,,,,,,,,,,,Japan,Sales,,yuki.tachibana688c@example.invalid,3250797356,Tachibana,Yuki,,,,"Tokyo, Japan",0891448944,,,,,,,,,Enterprise Account Executive,
EMP-E2D4DC3E3E55,jordan.nortone2d4,Jordan Norton,,,,,,,,,,,USA,IT,,jordan.nortone2d4@example.invalid,7526217330,Norton,Jordan,,,,"Austin, TX, USA",2203223627,,,,,,,,,IT Manager,
EMP-C7F0F30EC13B,avery.kirbyc7f0,Avery Kirby,,,,,,,,,,,Latvia,Engineering,,avery.kirbyc7f0@example.invalid,2655184545,Kirby,Avery,,,,"Riga, Latvia",0159073081,,,,,,,,,Senior Software Engineer,
EMP-38CB828863FE,poppy.halliwell38cb,Poppy Halliwell,,,,,,,,,,,United Kingdom,Engineering,,poppy.halliwell38cb@example.invalid,8701012097,Halliwell,Poppy,,,,"London, England, United Kingdom",1677006097,,,,,,,,,Quality Engineer,
EMP-FEAA07F72C6B,aubrey.bennettfeaa,Aubrey Bennett,,,,,,,,,,,USA,Customer Success,,aubrey.bennettfeaa@example.invalid,9858052868,Bennett,Aubrey,,,,"Austin, TX, USA",3932728268,,,,,,,,,Technical Account Manager,
EMP-7D54249E54B1,skyler.landry7d54,Skyler Landry,,,,,,,,,,,USA,Legal,,skyler.landry7d54@example.invalid,5229041550,Landry,Skyler,,,,"Atlanta, GA, USA",1446897130,,,,,,,,,Paralegal,
EMP-76DD51BADCF0,imogen.cartwright76dd,Imogen Cartwright,,,,,,,,,,,United Kingdom,Customer Success,,imogen.cartwright76dd@example.invalid,9341041256,Cartwright,Imogen,,,,"London, England, United Kingdom",1594822528,,,,,,,,,Customer Success Manager,
EMP-4355B1643E60,isla.nadeau4355,Isla Nadeau,,,,,,,,,,,Canada,Customer Success,,isla.nadeau4355@example.invalid,7662920148,Nadeau,Isla,,,,"Montréal, Quebec, Canada",0774203541,,,,,,,,,Technical Account Manager,
EMP-F86EFFABD20C,manish.chauhanf86e,Manish Chauhan,,,,,,,,,,,India,Design,,manish.chauhanf86e@example.invalid,2272850275,Chauhan,Manish,,,,"Pune, Maharashtra, India",2488224667,,,,,,,,,UX Researcher,
EMP-4C70A7CD7900,yui.uchida4c70,Yui Uchida,,,,,,,,,,,Japan,Customer Success,,yui.uchida4c70@example.invalid,5214333428,Uchida,Yui,,,,"Tokyo, Japan",0774203541,,,,,,,,,Technical Account Manager,
EMP-E78BCCE24456,kelsey.yatese78b,Kelsey Yates,,,,,,,,,,,USA,Engineering,,kelsey.yatese78b@example.invalid,6705339011,Yates,Kelsey,,,,"Atlanta, GA, USA",0159073081,,,,,,,,,Quality Engineer,
EMP-C171DE3A79FF,leo.kirklandc171,Léo Kirkland,,,,,,,,,,,Canada,Finance,,leo.kirklandc171@example.invalid,4424654944,Kirkland,Léo,,,,"Toronto, Ontario, Canada",0067001250,,,,,,,,,Accountant,
EMP-5F2534CFDE7F,alfie.cartwright5f25,Alfie Cartwright,,,,,,,,,,,United Kingdom,Engineering,,alfie.cartwright5f25@example.invalid,5137228435,Cartwright,Alfie,,,,"London, England, United Kingdom",0159073081,,,,,,,,,Engineering Manager,
EMP-37760DF1F3FF,alfie.merrick3776,Alfie Merrick,,,,,,,,,,,United Kingdom,Sales,,alfie.merrick3776@example.invalid,2169757206,Merrick,Alfie,,,,"London, England, United Kingdom",7748760027,,,,,,,,,Enterprise Account Executive,
EMP-0B14B5080ECB,jordan.dawson0b14,Jordan Dawson,,,,,,,,,,,USA,Engineering,,jordan.dawson0b14@example.invalid,0164018861,Dawson,Jordan,,,,"Austin, TX, USA",1733969300,,,,,,,,,Senior Software Engineer,
EMP-55E669F13986,skyler.yates55e6,Skyler Yates,,,,,,,,,,,USA,Customer Success,,skyler.yates55e6@example.invalid,2640481819,Yates,Skyler,,,,"Austin, TX, USA",3932728268,,,,,,,,,Customer Success Manager,
EMP-46798ACE43B3,ned.stanmore4679,Ned Stanmore,,,,,,,,,,,Australia,Sales,,ned.stanmore4679@example.invalid,3340686317,Stanmore,Ned,,,,"Sydney, New South Wales, Australia",5512754459,,,,,,,,,Account Executive,
EMP-E4CA3B53A160,leo.cormiere4ca,Léo Cormier,,,,,,,,,,,Canada,Engineering,,leo.cormiere4ca@example.invalid,6318882412,Cormier,Léo,,,,"Toronto, Ontario, Canada",0159073081,,,,,,,,,Software Engineer,
EMP-7A4AFCF4EE0B,reese.grayson7a4a,Reese Grayson,,,,,,,,,,,Croatia,Customer Success,,reese.grayson7a4a@example.invalid,9799716897,Grayson,Reese,,,,"Zagreb, Croatia",0774203541,,,,,,,,,Support Engineer,
EMP-2DBEC632DF2E,camila.bautista2dbe,Camila Bautista,,,,,,,,,,,Mexico,Marketing,,camila.bautista2dbe@example.invalid,9076789217,Bautista,Camila,,,,"Mexico City, Mexico",9262248049,,,,,,,,,Product Marketing Manager,
EMP-6E2480DF9425,kelsey.norton6e24,Kelsey Norton,,,,,,,,,,,USA,Customer Success,,kelsey.norton6e24@example.invalid,1085173249,Norton,Kelsey,,,,"Washington, DC, USA",0774203541,,,,,,,,,Senior Customer Success Manager,
EMP-6776AC4E75BC,daichi.fujimoto6776,Daichi Fujimoto,,,,,,,,,,,Japan,Customer Success,,daichi.fujimoto6776@example.invalid,6141174580,Fujimoto,Daichi,,,,"Tokyo, Japan",0774203541,,,,,,,,,Technical Account Manager,
EMP-843595BFC576,diego.quintero8435,Diego Quintero,,,,,,,,,,,Mexico,Finance,,diego.quintero8435@example.invalid,7656349894,Quintero,Diego,,,,"Mexico City, Mexico",7952165368,,,,,,,,,Senior Financial Analyst,
EMP-5FE73A98D87C,rhea.reddy5fe7,Rhea Reddy,,,,,,,,,,,India,Product,,rhea.reddy5fe7@example.invalid,1364801840,Reddy,Rhea,,,,"Pune, Maharashtra, India",1148360592,,,,,,,,,Technical Program Manager,
EMP-8F8B7F60AE17,farhan.kulkarni8f8b,Farhan Kulkarni,,,,,,,,,,,India,Engineering,,farhan.kulkarni8f8b@example.invalid,2400832360,Kulkarni,Farhan,,,,"Pune, Maharashtra, India",6400519124,,,,,,,,,Software Engineer,
EMP-A142B02BCA6F,rohan.vermaa142,Rohan Verma,,,,,,,,,,,India,IT,,rohan.vermaa142@example.invalid,0695712962,Verma,Rohan,,,,"Pune, Maharashtra, India",6826779219,,,,,,,,,IT Support Specialist,
EMP-C1FDE3BB791E,aubrey.landryc1fd,Aubrey Landry,,,,,,,,,,,USA,Customer Success,,aubrey.landryc1fd@example.invalid,2758312023,Landry,Aubrey,,,,"Austin, TX, USA",2668820698,,,,,,,,,Support Engineer,
EMP-0324A6146487,jarrah.nugent0324,Jarrah Nugent,,,,,,,,,,,Australia,Customer Success,,jarrah.nugent0324@example.invalid,7791530260,Nugent,Jarrah,,,,"Sydney, New South Wales, Australia",0774203541,,,,,,,,,Customer Success Manager,
EMP-4E9C3FEDA580,ananya.verma4e9c,Ananya Verma,,,,,,,,,,,India,IT,,ananya.verma4e9c@example.invalid,1241719119,Verma,Ananya,,,,"Pune, Maharashtra, India",7400912674,,,,,,,,,IT Operations Engineer,
EMP-9B034F5A57AF,tanner.yates9b03,Tanner Yates,,,,,,,,,,,USA,Sales,,tanner.yates9b03@example.invalid,0245737230,Yates,Tanner,,,,"Washington, DC, USA",0891448944,,,,,,,,,Sales Development Representative,
EMP-2CC443F78DD5,tanner.jennings2cc4,Tanner Jennings,,,,,,,,,,,USA,Engineering,,tanner.jennings2cc4@example.invalid,3619665566,Jennings,Tanner,,,,"San Francisco, CA, USA",0159073081,,,,,,,,,Quality Engineer,
EMP-FDC9658672CC,peyton.tatefdc9,Peyton Tate,,,,,,,,,,,USA,Sales,,peyton.tatefdc9@example.invalid,0040669557,Tate,Peyton,,,,"Phoenix, AZ, USA",0891448944,,,,,,,,,Senior Account Executive,
EMP-DFBAFDC0D146,ananya.chauhandfba,Ananya Chauhan,,,,,,,,,,,India,Engineering,,ananya.chauhandfba@example.invalid,0712702637,Chauhan,Ananya,,,,"Pune, Maharashtra, India",6190946371,,,,,,,,,Staff Software Engineer,
EMP-F043419D8A82,riley.piercef043,Riley Pierce,,,,,,,,,,,USA,People,,riley.piercef043@example.invalid,7431798935,Pierce,Riley,,,,"Austin, TX, USA",2473487213,,,,,,,,,HR Business Partner,
EMP-CDFF44168A59,roos.hoeksemacdff,Roos Hoeksema,,,,,,,,,,,Netherlands,Sales,,roos.hoeksemacdff@example.invalid,0437515581,Hoeksema,Roos,,,,"Amsterdam, Netherlands",0891448944,,,,,,,,,Account Executive,
EMP-BBB7D9D85D68,desmond.lachancebbb7,Desmond Lachance,,,,,,,,,,,Canada,Marketing,,desmond.lachancebbb7@example.invalid,9133837448,Lachance,Desmond,,,,"Calgary, Alberta, Canada",1059039744,,,,,,,,,Product Marketing Manager,
EMP-AECA09B6AB86,harper.bennettaeca,Harper Bennett,,,,,,,,,,,USA,Product,,harper.bennettaeca@example.invalid,8061437950,Bennett,Harper,,,,"Austin, TX, USA",2913310464,,,,,,,,,Senior Product Manager,
EMP-042BA6C1FE6D,jordan.vaughn042b,Jordan Vaughn,,,,,,,,,,,USA,Engineering,,jordan.vaughn042b@example.invalid,2277742130,Vaughn,Jordan,,,,"Austin, TX, USA",2770923116,,,,,,,,,Engineering Manager,
EMP-E0B8235FA8D6,fernando.carrilloe0b8,Fernando Carrillo,,,,,,,,,,,Mexico,Sales,,fernando.carrilloe0b8@example.invalid,3972101652,Carrillo,Fernando,,,,"Mexico City, Mexico",9812394783,,,,,,,,,Account Executive,
EMP-231A808001BD,harper.bennett231a,Harper Bennett,,,,,,,,,,,USA,Engineering,,harper.bennett231a@example.invalid,7995333737,Bennett,Harper,,,,"Austin, TX, USA",2734679348,,,,,,,,,Software Engineer,
EMP-0EFE8F8832C2,carter.foster0efe,Carter Foster,,,,,,,,,,,USA,Marketing,,carter.foster0efe@example.invalid,5745404100,Foster,Carter,,,,"Atlanta, GA, USA",1059039744,,,,,,,,,Demand Generation Manager,
EMP-C0CFF6918EE0,elliot.ramseyc0cf,Elliot Ramsey,,,,,,,,,,,USA,Engineering,,elliot.ramseyc0cf@example.invalid,0489060720,Ramsey,Elliot,,,,"Seattle, WA, USA",0159073081,,,,,,,,,Quality Engineer,
EMP-60E55D9CC3E8,jordan.ellison60e5,Jordan Ellison,,,,,,,,,,,USA,Engineering,,jordan.ellison60e5@example.invalid,5190892248,Ellison,Jordan,,,,"Austin, TX, USA",2277742130,,,,,,,,,Quality Engineer,
EMP-F4627C26D8EF,lucia.salazarf462,Lucía Salazar,,,,,,,,,,,Mexico,Marketing,,lucia.salazarf462@example.invalid,9262248049,Salazar,Lucía,,,,"Mexico City, Mexico",1059039744,,,,,,,,,Marketing Director,
EMP-3E1C2C7CA909,owen.fortin3e1c,Owen Fortin,,,,,,,,,,,Canada,Sales,,owen.fortin3e1c@example.invalid,3622971346,Fortin,Owen,,,,"Toronto, Ontario, Canada",0891448944,,,,,,,,,Account Executive,
EMP-C728F4A8150C,tanner.ashfordc728,Tanner Ashford,,,,,,,,,,,USA,Product,,tanner.ashfordc728@example.invalid,5360897195,Ashford,Tanner,,,,"Austin, TX, USA",4485408201,,,,,,,,,Principal Product Manager,
EMP-3F76C16688C5,nikhil.nair3f76,Nikhil Nair,,,,,,,,,,,India,Customer Success,,nikhil.nair3f76@example.invalid,7766767437,Nair,Nikhil,,,,"Pune, Maharashtra, India",4373359127,,,,,,,,,Customer Success Manager,
EMP-89FC09EA38B1,sanya.nair89fc,Sanya Nair,,,,,,,,,,,India,Finance,,sanya.nair89fc@example.invalid,8905343473,Nair,Sanya,,,,"Pune, Maharashtra, India",8806961831,,,,,,,,,Accountant,
EMP-6D56EAF7CF39,george.blackwood6d56,George Blackwood,,,,,,,,,,,United Kingdom,Engineering,,george.blackwood6d56@example.invalid,8185720204,Blackwood,George,,,,"London, England, United Kingdom",1677006097,,,,,,,,,Senior Software Engineer,
EMP-DA2E6F46D120,manish.raoda2e,Manish Rao,,,,,,,,,,,India,Customer Success,,manish.raoda2e@example.invalid,9143974282,Rao,Manish,,,,"Pune, Maharashtra, India",4373359127,,,,,,,,,Technical Account Manager,
EMP-7A380B719D85,gabriel.cormier7a38,Gabriel Cormier,,,,,,,,,,,Canada,Finance,,gabriel.cormier7a38@example.invalid,3924979229,Cormier,Gabriel,,,,"Montréal, Quebec, Canada",0067001250,,,,,,,,,Senior Financial Analyst,
EMP-021A4C8ED0CA,dana.shelton021a,Dana Shelton,,,,,,,,,,,USA,Engineering,,dana.shelton021a@example.invalid,3742302807,Shelton,Dana,,,,"Los Angeles, CA, USA",0159073081,,,,,,,,,Software Engineer,
EMP-9D60AD09338F,nell.halliwell9d60,Nell Halliwell,,,,,,,,,,,United Kingdom,Product,,nell.halliwell9d60@example.invalid,6750276035,Halliwell,Nell,,,,"London, England, United Kingdom",0280006242,,,,,,,,,Senior Product Manager,
EMP-37200EF179B6,peyton.pierce3720,Peyton Pierce,,,,,,,,,,,USA,Sales,,peyton.pierce3720@example.invalid,1632674280,Pierce,Peyton,,,,"Boston, MA, USA",0891448944,,,,,,,,,Solutions Engineer,
EMP-8C184FE6223F,peyton.whitaker8c18,Peyton Whitaker,,,,,,,,,,,Poland,Engineering,,peyton.whitaker8c18@example.invalid,4586637096,Whitaker,Peyton,,,,"Warsaw, Mazovia, Poland",0159073081,,,,,,,,,Software Engineer,
EMP-816A4070E905,amit.zohar816a,Amit Zohar,,,,,,,,,,,Israel,Sales,,amit.zohar816a@example.invalid,2114024906,Zohar,Amit,,,,"Tel Aviv, Israel",0891448944,,,,,,,,,Account Executive,
EMP-9FF8C0D3108B,kavya.wagh9ff8,Kavya Wagh,,,,,,,,,,,India,Product,,kavya.wagh9ff8@example.invalid,9003003802,Wagh,Kavya,,,,"Pune, Maharashtra, India",1148360592,,,,,,,,,Senior Product Manager,
EMP-19EB6BDA3575,nolan.ramsey19eb,Nolan Ramsey,,,,,,,,,,,USA,IT,,nolan.ramsey19eb@example.invalid,5419167036,Ramsey,Nolan,,,,"Minneapolis, MN, USA",2203223627,,,,,,,,,Identity Engineer,
EMP-DDFAB9C33B2A,nikhil.waghddfa,Nikhil Wagh,,,,,,,,,,,India,Customer Success,,nikhil.waghddfa@example.invalid,4722110152,Wagh,Nikhil,,,,"Pune, Maharashtra, India",4373359127,,,,,,,,,Customer Success Manager,
EMP-BF240CE80869,elliot.nortonbf24,Elliot Norton,,,,,,,,,,,USA,Sales,,elliot.nortonbf24@example.invalid,1118868908,Norton,Elliot,,,,"Austin, TX, USA",0891448944,,,,,,,,,Account Executive,
EMP-B194C56BD58C,quinn.fosterb194,Quinn Foster,,,,,,,,,,,USA,Marketing,,quinn.fosterb194@example.invalid,8201368973,Foster,Quinn,,,,"Chicago, IL, USA",1059039744,,,,,,,,,Content Marketing Manager,
EMP-9FEC8529596C,nikhil.verma9fec,Nikhil Verma,,,,,,,,,,,India,Customer Success,,nikhil.verma9fec@example.invalid,9174715268,Verma,Nikhil,,,,"Pune, Maharashtra, India",4373359127,,,,,,,,,Senior Customer Success Manager,
EMP-B4FA113646C3,haruto.shimizub4fa,Haruto Shimizu,,,,,,,,,,,Japan,Customer Success,,haruto.shimizub4fa@example.invalid,5817825649,Shimizu,Haruto,,,,"Tokyo, Japan",0774203541,,,,,,,,,Customer Success Manager,
EMP-FD8D75DAAAA5,farhan.bhattfd8d,Farhan Bhatt,,,,,,,,,,,India,Design,,farhan.bhattfd8d@example.invalid,5338248042,Bhatt,Farhan,,,,"Pune, Maharashtra, India",2488224667,,,,,,,,,Senior Product Designer,
EMP-B30B0F31EA77,reese.fosterb30b,Reese Foster,,,,,,,,,,,USA,Sales,,reese.fosterb30b@example.invalid,4594401538,Foster,Reese,,,,"Seattle, WA, USA",7464248768,,,,,,,,,Account Executive,
EMP-B33423B96594,carter.ramseyb334,Carter Ramsey,,,,,,,,,,,USA,Customer Success,,carter.ramseyb334@example.invalid,0758228132,Ramsey,Carter,,,,"Los Angeles, CA, USA",0774203541,,,,,,,,,Customer Success Manager,
EMP-98050E307703,blake.hollis9805,Blake Hollis,,,,,,,,,,,USA,Engineering,,blake.hollis9805@example.invalid,9966539814,Hollis,Blake,,,,"Dallas, TX, USA",7539781675,,,,,,,,,Quality Engineer,
EMP-BFD1428EDE2D,camila.guzmanbfd1,Camila Guzmán,,,,,,,,,,,Mexico,Customer Success,,camila.guzmanbfd1@example.invalid,2757096022,Guzmán,Camila,,,,"Mexico City, Mexico",1862102718,,,,,,,,,Technical Account Manager,
EMP-14E0BA0BCB08,ananya.iyer14e0,Ananya Iyer,,,,,,,,,,,India,IT,,ananya.iyer14e0@example.invalid,5355487927,Iyer,Ananya,,,,"Pune, Maharashtra, India",6826779219,,,,,,,,,IT Operations Engineer,
EMP-804BCC909A49,poppy.waverley804b,Poppy Waverley,,,,,,,,,,,United Kingdom,Engineering,,poppy.waverley804b@example.invalid,1543967337,Waverley,Poppy,,,,"London, England, United Kingdom",5137228435,,,,,,,,,Software Engineer,
EMP-DF4FF80EEACD,sienna.thornburydf4f,Sienna Thornbury,,,,,,,,,,,United Kingdom,Legal,,sienna.thornburydf4f@example.invalid,6570669693,Thornbury,Sienna,,,,"London, England, United Kingdom",0604953792,,,,,,,,,Compliance Analyst,
EMP-D76FF4033346,rodrigo.jimenezd76f,Rodrigo Jiménez,,,,,,,,,,,Mexico,Customer Success,,rodrigo.jimenezd76f@example.invalid,5151711000,Jiménez,Rodrigo,,,,"Guadalajara, Jalisco, Mexico",0774203541,,,,,,,,,Customer Success Manager,
EMP-13BD926ACAB1,vikram.bhatt13bd,Vikram Bhatt,,,,,,,,,,,India,Engineering,,vikram.bhatt13bd@example.invalid,4683744724,Bhatt,Vikram,,,,"Pune, Maharashtra, India",9886586667,,,,,,,,,Senior Software Engineer,
EMP-9110E94FBE82,desmond.pelletier9110,Desmond Pelletier,,,,,,,,,,,Canada,People,,desmond.pelletier9110@example.invalid,3834806332,Pelletier,Desmond,,,,"Calgary, Alberta, Canada",2329842297,,,,,,,,,People Operations Specialist,
EMP-351AA1511255,kelsey.landry351a,Kelsey Landry,,,,,,,,,,,USA,Engineering,,kelsey.landry351a@example.invalid,2976662870,Landry,Kelsey,,,,"Austin, TX, USA",2770923116,,,,,,,,,Engineering Manager,
EMP-B5AFC8CE49ED,riley.ellisonb5af,Riley Ellison,,,,,,,,,,,USA,Customer Success,,riley.ellisonb5af@example.invalid,0118427032,Ellison,Riley,,,,"Miami, FL, USA",0774203541,,,,,,,,,Support Engineer,
EMP-D17F9688CA65,nolan.kirbyd17f,Nolan Kirby,,,,,,,,,,,USA,Finance,,nolan.kirbyd17f@example.invalid,0224532741,Kirby,Nolan,,,,"Salt Lake City, UT, USA",0067001250,,,,,,,,,Financial Analyst,
EMP-F1EDBDD36D51,quinn.ashfordf1ed,Quinn Ashford,,,,,,,,,,,USA,Sales,,quinn.ashfordf1ed@example.invalid,8390843516,Ashford,Quinn,,,,"Austin, TX, USA",0891448944,,,,,,,,,Sales Development Representative,
EMP-ECE00DBC7126,gabriela.salazarece0,Gabriela Salazar,,,,,,,,,,,Mexico,Engineering,,gabriela.salazarece0@example.invalid,0737517989,Salazar,Gabriela,,,,"Mexico City, Mexico",0505070807,,,,,,,,,Senior Software Engineer,
EMP-9E423F7E20FC,lars.rietveld9e42,Lars Rietveld,,,,,,,,,,,Netherlands,Sales,,lars.rietveld9e42@example.invalid,7407338159,Rietveld,Lars,,,,"Amsterdam, Netherlands",0891448944,,,,,,,,,Sales Development Representative,
EMP-9EB10E4ED7F2,lea.gauthier9eb1,Léa Gauthier,,,,,,,,,,,France,Sales,,lea.gauthier9eb1@example.invalid,0663611302,Gauthier,Léa,,,,"Paris, France",0891448944,,,,,,,,,Sales Development Representative,
EMP-B3C50F95827E,riley.kirbyb3c5,Riley Kirby,,,,,,,,,,,USA,Customer Success,,riley.kirbyb3c5@example.invalid,8014956141,Kirby,Riley,,,,"Austin, TX, USA",2668820698,,,,,,,,,Customer Success Manager,
EMP-A41CCECB7E07,beatrice.pembertona41c,Beatrice Pemberton,,,,,,,,,,,United Kingdom,Finance,,beatrice.pembertona41c@example.invalid,4956170751,Pemberton,Beatrice,,,,"London, England, United Kingdom",4316997889,,,,,,,,,Senior Financial Analyst,
EMP-B6B99B853140,kavya.patilb6b9,Kavya Patil,,,,,,,,,,,India,Engineering,,kavya.patilb6b9@example.invalid,1953640358,Patil,Kavya,,,,"Pune, Maharashtra, India",4307339367,,,,,,,,,Senior Software Engineer,
EMP-5AC5034408F3,carter.hollis5ac5,Carter Hollis,,,,,,,,,,,Guatemala,People,,carter.hollis5ac5@example.invalid,4568344489,Hollis,Carter,,,,"Guatemala City, Guatemala, Guatemala",2329842297,,,,,,,,,HR Business Partner,
EMP-A59C886A2EF3,nikhil.gokhalea59c,Nikhil Gokhale,,,,,,,,,,,India,Product,,nikhil.gokhalea59c@example.invalid,2260563284,Gokhale,Nikhil,,,,"Pune, Maharashtra, India",8877427041,,,,,,,,,Senior Product Manager,
EMP-62CA9CE97241,rahul.bhatt62ca,Rahul Bhatt,,,,,,,,,,,India,Engineering,,rahul.bhatt62ca@example.invalid,7470721288,Bhatt,Rahul,,,,"Pune, Maharashtra, India",9298282727,,,,,,,,,Senior Software Engineer,
EMP-840C08A172A1,riley.jennings840c,Riley Jennings,,,,,,,,,,,Chile,Sales,,riley.jennings840c@example.invalid,2232991198,Jennings,Riley,,,,"Santiago, Santiago Metropolitan, Chile",0891448944,,,,,,,,,Account Executive,
EMP-502B429D3093,hadar.zohar502b,Hadar Zohar,,,,,,,,,,,Israel,Product,,hadar.zohar502b@example.invalid,9925041603,Zohar,Hadar,,,,"Tel Aviv, Israel",5977531353,,,,,,,,,Product Manager,
EMP-627D0770DC73,skyler.hollis627d,Skyler Hollis,,,,,,,,,,,USA,Marketing,,skyler.hollis627d@example.invalid,9122046884,Hollis,Skyler,,,,"Seattle, WA, USA",1059039744,,,,,,,,,Marketing Director,
EMP-7BA8B5A52A1C,jordan.ramsey7ba8,Jordan Ramsey,,,,,,,,,,,USA,Sales,,jordan.ramsey7ba8@example.invalid,3733243270,Ramsey,Jordan,,,,"Los Angeles, CA, USA",0891448944,,,,,,,,,Senior Account Executive,
EMP-8DA6C5490B63,elliot.grayson8da6,Elliot Grayson,,,,,,,,,,,South Africa,Sales,,elliot.grayson8da6@example.invalid,2996136847,Grayson,Elliot,,,,"Pretoria, Gauteng, South Africa",0891448944,,,,,,,,,Enterprise Account Executive,
EMP-584144CA0541,ananya.shetty5841,Ananya Shetty,,,,,,,,,,,India,Customer Success,,ananya.shetty5841@example.invalid,3286104667,Shetty,Ananya,,,,"Pune, Maharashtra, India",4373359127,,,,,,,,,Technical Account Manager,
EMP-8DAD09917894,bryn.nadeau8dad,Bryn Nadeau,,,,,,,,,,,Canada,Marketing,,bryn.nadeau8dad@example.invalid,0716717788,Nadeau,Bryn,,,,"Toronto, Ontario, Canada",8236406322,,,,,,,,,Content Marketing Manager,
EMP-718F67C92DD9,elena.lozano718f,Elena Lozano,,,,,,,,,,,Mexico,Customer Success,,elena.lozano718f@example.invalid,1710814652,Lozano,Elena,,,,"Mexico City, Mexico",0774203541,,,,,,,,,Director of Customer Success,
EMP-160C93966989,ned.hargreaves160c,Ned Hargreaves,,,,,,,,,,,Australia,Sales,,ned.hargreaves160c@example.invalid,2779925945,Hargreaves,Ned,,,,"Sydney, New South Wales, Australia",3043691353,,,,,,,,,Sales Development Representative,
EMP-E82225B97288,elliot.piercee822,Elliot Pierce,,,,,,,,,,,USA,Sales,,elliot.piercee822@example.invalid,4428160426,Pierce,Elliot,,,,"Austin, TX, USA",0891448944,,,,,,,,,Sales Development Representative,
EMP-52F17974BF6A,dana.foster52f1,Dana Foster,,,,,,,,,,,USA,Customer Success,,dana.foster52f1@example.invalid,2831942739,Foster,Dana,,,,"Austin, TX, USA",2668820698,,,,,,,,,Customer Success Manager,
EMP-E6A5B11A8B57,rosalie.beaudrye6a5,Rosalie Beaudry,,,,,,,,,,,Canada,Marketing,,rosalie.beaudrye6a5@example.invalid,7445703385,Beaudry,Rosalie,,,,"Montréal, Quebec, Canada",2785813001,,,,,,,,,Product Marketing Manager,
EMP-66A708793C2E,mathis.perrin66a7,Mathis Perrin,,,,,,,,,,,France,Sales,,mathis.perrin66a7@example.invalid,9773087692,Perrin,Mathis,,,,"Paris, France",0891448944,,,,,,,,,Sales Development Representative,
EMP-EB4BECA87359,riley.vaughneb4b,Riley Vaughn,,,,,,,,,,,USA,Legal,,riley.vaughneb4b@example.invalid,0400249940,Vaughn,Riley,,,,"Salt Lake City, UT, USA",0067001250,,,,,,,,,Senior Corporate Counsel,
EMP-1C9AC2DBDCA7,yonatan.regev1c9a,Yonatan Regev,,,,,,,,,,,Israel,Engineering,,yonatan.regev1c9a@example.invalid,9030994648,Regev,Yonatan,,,,"Tel Aviv, Israel",0500143343,,,,,,,,,Software Engineer,
EMP-71E074239053,george.fairbanks71e0,George Fairbanks,,,,,,,,,,,United Kingdom,Customer Success,,george.fairbanks71e0@example.invalid,7163130779,Fairbanks,George,,,,"London, England, United Kingdom",7096693014,,,,,,,,,Senior Support Engineer,
EMP-95E6C12F45D3,kelsey.pierce95e6,Kelsey Pierce,,,,,,,,,,,Singapore,Customer Success,,kelsey.pierce95e6@example.invalid,5073818474,Pierce,Kelsey,,,,"Singapore, Singapore",0774203541,,,,,,,,,Support Engineer,
EMP-49C957E60D60,aarav.mehta49c9,Aarav Mehta,,,,,,,,,,,India,Finance,,aarav.mehta49c9@example.invalid,0666134529,Mehta,Aarav,,,,"Pune, Maharashtra, India",8806961831,,,,,,,,,Financial Analyst,
EMP-4657B36ABEF1,quinn.bennett4657,Quinn Bennett,,,,,,,,,,,Czechia,Sales,,quinn.bennett4657@example.invalid,6680203630,Bennett,Quinn,,,,"Prague, Czechia",0891448944,,,,,,,,,Enterprise Account Executive,
EMP-197DF0582314,aarav.reddy197d,Aarav Reddy,,,,,,,,,,,India,Customer Success,,aarav.reddy197d@example.invalid,4373359127,Reddy,Aarav,,,,"Pune, Maharashtra, India",0774203541,,,,,,,,,Director of Customer Success,
EMP-938F63D93A0D,amit.regev938f,Amit Regev,,,,,,,,,,,Israel,Engineering,,amit.regev938f@example.invalid,9878062212,Regev,Amit,,,,"Tel Aviv, Israel",4795688632,,,,,,,,,Site Reliability Engineer,
EMP-34A92377425C,nikhil.joshi34a9,Nikhil Joshi,,,,,,,,,,,India,Design,,nikhil.joshi34a9@example.invalid,6157766890,Joshi,Nikhil,,,,"Pune, Maharashtra, India",2488224667,,,,,,,,,Content Designer,
EMP-BC325C85566C,kelsey.bennettbc32,Kelsey Bennett,,,,,,,,,,,USA,Sales,,kelsey.bennettbc32@example.invalid,5716313835,Bennett,Kelsey,,,,"San Francisco, CA, USA",0891448944,,,,,,,,,Enterprise Account Executive,
EMP-FCF50C37BF19,morgan.bennettfcf5,Morgan Bennett,,,,,,,,,,,USA,Engineering,,morgan.bennettfcf5@example.invalid,0420814825,Bennett,Morgan,,,,"Portland, OR, USA",0159073081,,,,,,,,,Staff Software Engineer,
EMP-3F7635DB40BF,avigail.zohar3f76,Avigail Zohar,,,,,,,,,,,Israel,Customer Success,,avigail.zohar3f76@example.invalid,7441724618,Zohar,Avigail,,,,"Tel Aviv, Israel",0774203541,,,,,,,,,Senior Customer Success Manager,
EMP-9FE131902DD9,paola.nava9fe1,Paola Nava,,,,,,,,,,,Mexico,Engineering,,paola.nava9fe1@example.invalid,7104724007,Nava,Paola,,,,"Mexico City, Mexico",0924920881,,,,,,,,,Engineering Manager,
EMP-BC082EC5FDC9,logan.graysonbc08,Logan Grayson,,,,,,,,,,,Norway,Sales,,logan.graysonbc08@example.invalid,6845415541,Grayson,Logan,,,,"Oslo, Norway",0891448944,,,,,,,,,Sales Development Representative,
EMP-659351A8D887,manish.reddy6593,Manish Reddy,,,,,,,,,,,India,Engineering,,manish.reddy6593@example.invalid,5036305155,Reddy,Manish,,,,"Pune, Maharashtra, India",1887576056,,,,,,,,,Software Engineer,
EMP-23AA386271C3,beatrice.pemberton23aa,Beatrice Pemberton,,,,,,,,,,,United Kingdom,Marketing,,beatrice.pemberton23aa@example.invalid,2834851552,Pemberton,Beatrice,,,,"London, England, United Kingdom",6291279481,,,,,,,,,Content Marketing Manager,
EMP-9E4A099E9A09,george.waverley9e4a,George Waverley,,,,,,,,,,,United Kingdom,Sales,,george.waverley9e4a@example.invalid,3062994983,Waverley,George,,,,"London, England, United Kingdom",7748760027,,,,,,,,,Senior Account Executive,
EMP-52A60198C515,peyton.carver52a6,Peyton Carver,,,,,,,,,,,USA,Sales,,peyton.carver52a6@example.invalid,2897229420,Carver,Peyton,,,,"Washington, DC, USA",0891448944,,,,,,,,,Account Executive,
EMP-FD347B3E9402,callum.merrickfd34,Callum Merrick,,,,,,,,,,,United Kingdom,Finance,,callum.merrickfd34@example.invalid,9086085224,Merrick,Callum,,,,"London, England, United Kingdom",4316997889,,,,,,,,,Revenue Operations Analyst,
EMP-1C978F185D1B,nell.lockhart1c97,Nell Lockhart,,,,,,,,,,,United Kingdom,Marketing,,nell.lockhart1c97@example.invalid,9349374396,Lockhart,Nell,,,,"London, England, United Kingdom",5576605117,,,,,,,,,Content Marketing Manager,
EMP-8A7617440A6F,ilse.nieuwenhuis8a76,Ilse Nieuwenhuis,,,,,,,,,,,Netherlands,Customer Success,,ilse.nieuwenhuis8a76@example.invalid,5486230153,Nieuwenhuis,Ilse,,,,"Amsterdam, Netherlands",0774203541,,,,,,,,,Director of Customer Success,
EMP-8E8BD72F3EC5,farhan.deshmukh8e8b,Farhan Deshmukh,,,,,,,,,,,India,Engineering,,farhan.deshmukh8e8b@example.invalid,3065092319,Deshmukh,Farhan,,,,"Pune, Maharashtra, India",1060967885,,,,,,,,,Software Engineer,
EMP-8ADF927E90B9,devika.patil8adf,Devika Patil,,,,,,,,,,,India,Finance,,devika.patil8adf@example.invalid,9332159697,Patil,Devika,,,,"Pune, Maharashtra, India",8806961831,,,,,,,,,Revenue Operations Analyst,
EMP-09AD07AA98E1,theo.stanhope09ad,Théo Stanhope,,,,,,,,,,,Canada,Finance,,theo.stanhope09ad@example.invalid,6603056412,Stanhope,Théo,,,,"Vancouver, British Columbia, Canada",0067001250,,,,,,,,,Accountant,
EMP-8FC5D8BC59E5,ishaan.verma8fc5,Ishaan Verma,,,,,,,,,,,India,Finance,,ishaan.verma8fc5@example.invalid,1309346275,Verma,Ishaan,,,,"Pune, Maharashtra, India",8806961831,,,,,,,,,Accountant,
EMP-BCECC1FB0436,shira.harelbcec,Shira Harel,,,,,,,,,,,Israel,Customer Success,,shira.harelbcec@example.invalid,7485821040,Harel,Shira,,,,"Tel Aviv, Israel",0774203541,,,,,,,,,Technical Account Manager,
EMP-B49425BCF6FA,ananya.gokhaleb494,Ananya Gokhale,,,,,,,,,,,India,Customer Success,,ananya.gokhaleb494@example.invalid,6907901121,Gokhale,Ananya,,,,"Pune, Maharashtra, India",4373359127,,,,,,,,,Customer Success Manager,
EMP-EC9B7AC8AF2D,elliot.landryec9b,Elliot Landry,,,,,,,,,,,USA,Engineering,,elliot.landryec9b@example.invalid,6692175348,Landry,Elliot,,,,"Austin, TX, USA",2277742130,,,,,,,,,Site Reliability Engineer,
EMP-8D62BA947A38,neil.armstrong8d62,Neil Armstrong,,,,,,,,,,,Moon,Flight Operations,,neil.armstrong8d62@example.invalid,3933959264,Armstrong,Neil,,,,Apollo 11,,,,,,,,,,Commander,
EMP-30C06D3AEA27,buzz.aldrin30c0,Buzz Aldrin,,,,,,,,,,,Moon,Flight Crew,,buzz.aldrin30c0@example.invalid,9152971479,Aldrin,Buzz,,,,Apollo 11,3933959264,,,,,,,,,Lunar Module Pilot,
EMP-519D4F519874,pete.conrad519d,Pete Conrad,,,,,,,,,,,Moon,Flight Operations,,pete.conrad519d@example.invalid,0284449220,Conrad,Pete,,,,Apollo 12,3933959264,,,,,,,,,Commander,
EMP-CB2BEABDFD8E,alan.beancb2b,Alan Bean,,,,,,,,,,,Moon,Flight Crew,,alan.beancb2b@example.invalid,5421631592,Bean,Alan,,,,Apollo 12,0284449220,,,,,,,,,Lunar Module Pilot,
EMP-B37CB42BFA53,alan.shepardb37c,Alan Shepard,,,,,,,,,,,Moon,Flight Operations,,alan.shepardb37c@example.invalid,0877608296,Shepard,Alan,,,,Apollo 14,3933959264,,,,,,,,,Commander,
EMP-CC3100499C5E,edgar.mitchellcc31,Edgar Mitchell,,,,,,,,,,,Moon,Flight Crew,,edgar.mitchellcc31@example.invalid,3752199413,Mitchell,Edgar,,,,Apollo 14,0877608296,,,,,,,,,Lunar Module Pilot,
EMP-67A95BF6A88B,david.scott67a9,David Scott,,,,,,,,,,,Moon,Flight Operations,,david.scott67a9@example.invalid,1918472584,Scott,David,,,,Apollo 15,3933959264,,,,,,,,,Commander,
EMP-83B232BE921E,james.irwin83b2,James Irwin,,,,,,,,,,,Moon,Flight Crew,,james.irwin83b2@example.invalid,8899687364,Irwin,James,,,,Apollo 15,1918472584,,,,,,,,,Lunar Module Pilot,
EMP-EDCE5D4D73F3,john.youngedce,John Young,,,,,,,,,,,Moon,Flight Operations,,john.youngedce@example.invalid,9430530400,Young,John,,,,Apollo 16,3933959264,,,,,,,,,Commander,
EMP-F0AFBCC89AE3,charles.dukef0af,Charles Duke,,,,,,,,,,,Moon,Flight Crew,,charles.dukef0af@example.invalid,9805130203,Duke,Charles,,,,Apollo 16,9430530400,,,,,,,,,Lunar Module Pilot,
EMP-86F531C76DEA,eugene.cernan86f5,Eugene Cernan,,,,,,,,,,,Moon,Flight Operations,,eugene.cernan86f5@example.invalid,2988803057,Cernan,Eugene,,,,Apollo 17,3933959264,,,,,,,,,Commander,
EMP-58A70FC2F6C9,harrison.schmitt58a7,Harrison Schmitt,,,,,,,,,,,Moon,Science,,harrison.schmitt58a7@example.invalid,6486836334,Schmitt,Harrison,,,,Apollo 17,2988803057,,,,,,,,,Geologist,
